-- phpMyAdmin SQL Dump
-- version 4.7.0
-- https://www.phpmyadmin.net/
--
-- Host: localhost
-- Generation Time: Sep 26, 2017 at 08:56 PM
-- Server version: 10.1.25-MariaDB
-- PHP Version: 5.6.31

SET SQL_MODE = "NO_AUTO_VALUE_ON_ZERO";
SET AUTOCOMMIT = 0;
START TRANSACTION;
SET time_zone = "+00:00";


/*!40101 SET @OLD_CHARACTER_SET_CLIENT=@@CHARACTER_SET_CLIENT */;
/*!40101 SET @OLD_CHARACTER_SET_RESULTS=@@CHARACTER_SET_RESULTS */;
/*!40101 SET @OLD_COLLATION_CONNECTION=@@COLLATION_CONNECTION */;
/*!40101 SET NAMES utf8mb4 */;

--
-- Database: `dribbler`
--

-- --------------------------------------------------------

--
-- Table structure for table `announcements`
--

CREATE TABLE `announcements` (
  `announcement_id` bigint(20) UNSIGNED NOT NULL,
  `title` varchar(255) NOT NULL,
  `content` varchar(2000) NOT NULL,
  `expire_date` datetime NOT NULL,
  `status` tinyint(1) NOT NULL DEFAULT '1',
  `created_at` timestamp NULL DEFAULT NULL,
  `updated_at` timestamp NULL DEFAULT NULL
) ENGINE=MyISAM DEFAULT CHARSET=latin1;

--
-- Dumping data for table `announcements`
--

INSERT INTO `announcements` (`announcement_id`, `title`, `content`, `expire_date`, `status`, `created_at`, `updated_at`) VALUES
(1, 'Test Offline for maintenance', 'iHHQ will be offline from Friday 20th Feb at 2 am to 6 pm for security updates. We apologize for this.', '2017-06-05 03:49:30', 1, '2017-03-06 15:00:00', '2017-04-30 15:00:00'),
(244, 'Welcome to iHHQ', 'If you\'re new to our client portal do check out our comprehensive guide or watch this short walkthrough.', '0000-00-00 00:00:00', 1, '2017-06-05 21:14:18', '2017-06-05 21:14:18'),
(7, 'Offline for maintenance', 'iHHQ will be offline from Friday 20th Feb at 2 am to 6 pm for security updates. We apologize for this.', '2017-06-05 03:49:30', 1, '2017-04-30 15:00:00', '2017-04-30 15:00:00'),
(8, 'Offline for maintenance', 'iHHQ will be offline from Friday 20th Feb at 2 am to 6 pm for security updates. We apologize for this.', '2017-06-05 03:49:30', 1, '2017-04-30 15:00:00', '2017-04-30 15:00:00'),
(9, 'Offline for maintenance', 'iHHQ will be offline from Friday 20th Feb at 2 am to 6 pm for security updates. We apologize for this.', '2017-06-05 03:49:30', 0, '2017-04-30 15:00:00', '2017-04-30 15:00:00'),
(10, 'Offline for maintenance', 'iHHQ will be offline from Friday 20th Feb at 2 am to 6 pm for security updates. We apologize for this.', '2017-06-05 03:49:30', 1, '2017-04-30 15:00:00', '2017-04-30 15:00:00'),
(11, 'Welcome to iHHQ', 'If you\'re new to our client portal do check out our comprehensive guide or watch this short walkthrough.', '2017-06-05 03:49:30', 1, '2017-05-02 15:00:00', '2017-05-02 15:00:00'),
(12, 'Welcome to iHHQ', 'If you\'re new to our client portal do check out our comprehensive guide or watch this short walkthrough.', '2017-06-05 03:49:30', 0, '2017-05-02 15:00:00', '2017-06-05 21:11:52'),
(13, 'Welcome to iHHQ', 'If you\'re new to our client portal do check out our comprehensive guide or watch this short walkthrough.', '2017-06-05 03:49:30', 1, '2017-05-02 15:00:00', '2017-05-02 15:00:00'),
(14, 'Welcome to iHHQ', 'If you\'re new to our client portal do check out our comprehensive guide or watch this short walkthrough.', '2017-06-05 03:49:30', 1, '2017-05-02 15:00:00', '2017-05-02 15:00:00'),
(15, 'Welcome to iHHQ', 'If you\'re new to our client portal do check out our comprehensive guide or watch this short walkthrough.', '2017-06-05 03:49:30', 1, '2017-05-02 15:00:00', '2017-05-02 15:00:00'),
(16, 'Offline for maintenance', 'iHHQ will be offline from Friday 20th Feb at 2 am to 6 pm for security updates. We apologize for this.', '2017-06-05 03:49:30', 1, '2017-04-30 15:00:00', '2017-04-30 15:00:00'),
(17, 'Offline for maintenance', 'iHHQ will be offline from Friday 20th Feb at 2 am to 6 pm for security updates. We apologize for this.', '2017-06-05 03:49:30', 1, '2017-04-30 15:00:00', '2017-04-30 15:00:00'),
(18, 'Offline for maintenance', 'iHHQ will be offline from Friday 20th Feb at 2 am to 6 pm for security updates. We apologize for this.', '2017-06-05 03:49:30', 1, '2017-04-30 15:00:00', '2017-04-30 15:00:00'),
(19, 'Offline for maintenance', 'iHHQ will be offline from Friday 20th Feb at 2 am to 6 pm for security updates. We apologize for this.', '2017-06-05 03:49:30', 1, '2017-04-30 15:00:00', '2017-04-30 15:00:00'),
(20, 'Welcome to iHHQ', 'If you\'re new to our client portal do check out our comprehensive guide or watch this short walkthrough.', '2017-06-05 03:49:30', 1, '2017-05-02 15:00:00', '2017-05-02 15:00:00'),
(21, 'Welcome to iHHQ', 'If you\'re new to our client portal do check out our comprehensive guide or watch this short walkthrough.', '2017-06-05 03:49:30', 1, '2017-05-02 15:00:00', '2017-05-02 15:00:00'),
(22, 'Welcome to iHHQ', 'If you\'re new to our client portal do check out our comprehensive guide or watch this short walkthrough.', '2017-06-05 03:49:30', 0, '2017-05-02 15:00:00', '2017-05-02 15:00:00'),
(23, 'Welcome to iHHQ', 'If you\'re new to our client portal do check out our comprehensive guide or watch this short walkthrough.', '2017-06-05 03:49:30', 1, '2017-05-02 15:00:00', '2017-05-02 15:00:00'),
(24, 'Welcome to iHHQ', 'If you\'re new to our client portal do check out our comprehensive guide or watch this short walkthrough.', '2017-06-05 03:49:30', 1, '2017-05-02 15:00:00', '2017-05-02 15:00:00'),
(25, 'Offline for maintenance', 'iHHQ will be offline from Friday 20th Feb at 2 am to 6 pm for security updates. We apologize for this.', '2017-06-05 03:49:30', 1, '2017-04-30 15:00:00', '2017-04-30 15:00:00'),
(26, 'Offline for maintenance', 'iHHQ will be offline from Friday 20th Feb at 2 am to 6 pm for security updates. We apologize for this.', '2017-06-05 03:49:30', 1, '2017-04-30 15:00:00', '2017-04-30 15:00:00'),
(27, 'Offline for maintenance', 'iHHQ will be offline from Friday 20th Feb at 2 am to 6 pm for security updates. We apologize for this.', '2017-06-05 03:49:30', 1, '2017-04-30 15:00:00', '2017-04-30 15:00:00'),
(28, 'Offline for maintenance', 'iHHQ will be offline from Friday 20th Feb at 2 am to 6 pm for security updates. We apologize for this.', '2017-06-05 03:49:30', 1, '2017-04-30 15:00:00', '2017-04-30 15:00:00'),
(29, 'Welcome to iHHQ', 'If you\'re new to our client portal do check out our comprehensive guide or watch this short walkthrough.', '2017-06-05 03:49:30', 1, '2017-05-02 15:00:00', '2017-05-02 15:00:00'),
(30, 'Welcome to iHHQ', 'If you\'re new to our client portal do check out our comprehensive guide or watch this short walkthrough.', '2017-06-05 03:49:30', 1, '2017-05-02 15:00:00', '2017-05-02 15:00:00'),
(31, 'Welcome to iHHQ', 'If you\'re new to our client portal do check out our comprehensive guide or watch this short walkthrough.', '2017-06-05 03:49:30', 1, '2017-05-02 15:00:00', '2017-05-02 15:00:00'),
(32, 'Welcome to iHHQ', 'If you\'re new to our client portal do check out our comprehensive guide or watch this short walkthrough.', '2017-06-05 03:49:30', 1, '2017-05-02 15:00:00', '2017-05-02 15:00:00'),
(33, 'Welcome to iHHQ', 'If you\'re new to our client portal do check out our comprehensive guide or watch this short walkthrough.', '2017-06-05 03:49:30', 1, '2017-05-02 15:00:00', '2017-05-02 15:00:00'),
(34, 'Offline for maintenance', 'iHHQ will be offline from Friday 20th Feb at 2 am to 6 pm for security updates. We apologize for this.', '2017-06-05 03:49:30', 1, '2017-04-30 15:00:00', '2017-04-30 15:00:00'),
(35, 'Offline for maintenance', 'iHHQ will be offline from Friday 20th Feb at 2 am to 6 pm for security updates. We apologize for this.', '2017-06-05 03:49:30', 1, '2017-04-30 15:00:00', '2017-04-30 15:00:00'),
(36, 'Offline for maintenance', 'iHHQ will be offline from Friday 20th Feb at 2 am to 6 pm for security updates. We apologize for this.', '2017-06-05 03:49:30', 1, '2017-04-30 15:00:00', '2017-04-30 15:00:00'),
(37, 'Offline for maintenance', 'iHHQ will be offline from Friday 20th Feb at 2 am to 6 pm for security updates. We apologize for this.', '2017-06-05 03:49:30', 1, '2017-04-30 15:00:00', '2017-04-30 15:00:00'),
(38, 'Welcome to iHHQ', 'If you\'re new to our client portal do check out our comprehensive guide or watch this short walkthrough.', '2017-06-05 03:49:30', 1, '2017-05-02 15:00:00', '2017-05-02 15:00:00'),
(39, 'Welcome to iHHQ', 'If you\'re new to our client portal do check out our comprehensive guide or watch this short walkthrough.', '2017-06-05 03:49:30', 1, '2017-05-02 15:00:00', '2017-05-02 15:00:00'),
(40, 'Welcome to iHHQ', 'If you\'re new to our client portal do check out our comprehensive guide or watch this short walkthrough.', '2017-06-05 03:49:30', 1, '2017-05-02 15:00:00', '2017-05-02 15:00:00'),
(41, 'Welcome to iHHQ', 'If you\'re new to our client portal do check out our comprehensive guide or watch this short walkthrough.', '2017-06-05 03:49:30', 1, '2017-05-02 15:00:00', '2017-05-02 15:00:00'),
(42, 'Welcome to iHHQ', 'If you\'re new to our client portal do check out our comprehensive guide or watch this short walkthrough.', '2017-06-05 03:49:30', 1, '2017-05-02 15:00:00', '2017-05-02 15:00:00'),
(43, 'Offline for maintenance', 'iHHQ will be offline from Friday 20th Feb at 2 am to 6 pm for security updates. We apologize for this.', '2017-06-05 03:49:30', 1, '2017-04-30 15:00:00', '2017-04-30 15:00:00'),
(44, 'Offline for maintenance', 'iHHQ will be offline from Friday 20th Feb at 2 am to 6 pm for security updates. We apologize for this.', '2017-06-05 03:49:30', 1, '2017-04-30 15:00:00', '2017-04-30 15:00:00'),
(45, 'Offline for maintenance', 'iHHQ will be offline from Friday 20th Feb at 2 am to 6 pm for security updates. We apologize for this.', '2017-06-05 03:49:30', 1, '2017-04-30 15:00:00', '2017-04-30 15:00:00'),
(46, 'Offline for maintenance', 'iHHQ will be offline from Friday 20th Feb at 2 am to 6 pm for security updates. We apologize for this.', '2017-06-05 03:49:30', 1, '2017-04-30 15:00:00', '2017-04-30 15:00:00'),
(47, 'Welcome to iHHQ', 'If you\'re new to our client portal do check out our comprehensive guide or watch this short walkthrough.', '2017-06-05 03:49:30', 1, '2017-05-02 15:00:00', '2017-05-02 15:00:00'),
(48, 'Welcome to iHHQ', 'If you\'re new to our client portal do check out our comprehensive guide or watch this short walkthrough.', '2017-06-05 03:49:30', 1, '2017-05-02 15:00:00', '2017-05-02 15:00:00'),
(49, 'Welcome to iHHQ', 'If you\'re new to our client portal do check out our comprehensive guide or watch this short walkthrough.', '2017-06-05 03:49:30', 1, '2017-05-02 15:00:00', '2017-05-02 15:00:00'),
(50, 'Welcome to iHHQ', 'If you\'re new to our client portal do check out our comprehensive guide or watch this short walkthrough.', '2017-06-05 03:49:30', 1, '2017-05-02 15:00:00', '2017-05-02 15:00:00'),
(51, 'Welcome to iHHQ', 'If you\'re new to our client portal do check out our comprehensive guide or watch this short walkthrough.', '2017-06-05 03:49:30', 1, '2017-05-02 15:00:00', '2017-05-02 15:00:00'),
(52, 'Offline for maintenance', 'iHHQ will be offline from Friday 20th Feb at 2 am to 6 pm for security updates. We apologize for this.', '2017-06-05 03:49:30', 1, '2017-04-30 15:00:00', '2017-04-30 15:00:00'),
(53, 'Offline for maintenance', 'iHHQ will be offline from Friday 20th Feb at 2 am to 6 pm for security updates. We apologize for this.', '2017-06-05 03:49:30', 1, '2017-04-30 15:00:00', '2017-04-30 15:00:00'),
(54, 'Offline for maintenance', 'iHHQ will be offline from Friday 20th Feb at 2 am to 6 pm for security updates. We apologize for this.', '2017-06-05 03:49:30', 1, '2017-04-30 15:00:00', '2017-04-30 15:00:00'),
(55, 'Offline for maintenance', 'iHHQ will be offline from Friday 20th Feb at 2 am to 6 pm for security updates. We apologize for this.', '2017-06-05 03:49:30', 1, '2017-04-30 15:00:00', '2017-04-30 15:00:00'),
(56, 'Welcome to iHHQ', 'If you\'re new to our client portal do check out our comprehensive guide or watch this short walkthrough.', '2017-06-05 03:49:30', 1, '2017-05-02 15:00:00', '2017-05-02 15:00:00'),
(57, 'Welcome to iHHQ', 'If you\'re new to our client portal do check out our comprehensive guide or watch this short walkthrough.', '2017-06-05 03:49:30', 1, '2017-05-02 15:00:00', '2017-05-02 15:00:00'),
(58, 'Welcome to iHHQ', 'If you\'re new to our client portal do check out our comprehensive guide or watch this short walkthrough.', '2017-06-05 03:49:30', 1, '2017-05-02 15:00:00', '2017-05-02 15:00:00'),
(59, 'Welcome to iHHQ', 'If you\'re new to our client portal do check out our comprehensive guide or watch this short walkthrough.', '2017-06-05 03:49:30', 1, '2017-05-02 15:00:00', '2017-05-02 15:00:00'),
(60, 'Welcome to iHHQ', 'If you\'re new to our client portal do check out our comprehensive guide or watch this short walkthrough.', '2017-06-05 03:49:30', 1, '2017-05-02 15:00:00', '2017-05-02 15:00:00'),
(61, 'Offline for maintenance', 'iHHQ will be offline from Friday 20th Feb at 2 am to 6 pm for security updates. We apologize for this.', '2017-06-05 03:49:30', 1, '2017-04-30 15:00:00', '2017-04-30 15:00:00'),
(62, 'Offline for maintenance', 'iHHQ will be offline from Friday 20th Feb at 2 am to 6 pm for security updates. We apologize for this.', '2017-06-05 03:49:30', 1, '2017-04-30 15:00:00', '2017-04-30 15:00:00'),
(63, 'Welcome to iHHQ', 'If you\'re new to our client portal do check out our comprehensive guide or watch this short walkthrough.', '2017-06-05 03:49:30', 1, '2017-05-02 15:00:00', '2017-05-02 15:00:00'),
(64, 'Welcome to iHHQ', 'If you\'re new to our client portal do check out our comprehensive guide or watch this short walkthrough.', '2017-06-05 03:49:30', 1, '2017-05-02 15:00:00', '2017-05-02 15:00:00'),
(65, 'Welcome to iHHQ', 'If you\'re new to our client portal do check out our comprehensive guide or watch this short walkthrough.', '2017-06-05 03:49:30', 1, '2017-05-02 15:00:00', '2017-05-02 15:00:00'),
(66, 'Welcome to iHHQ', 'If you\'re new to our client portal do check out our comprehensive guide or watch this short walkthrough.', '2017-06-05 03:49:30', 1, '2017-05-02 15:00:00', '2017-05-02 15:00:00'),
(67, 'Welcome to iHHQ', 'If you\'re new to our client portal do check out our comprehensive guide or watch this short walkthrough.', '2017-06-05 03:49:30', 1, '2017-05-02 15:00:00', '2017-05-02 15:00:00'),
(68, 'Offline for maintenance', 'iHHQ will be offline from Friday 20th Feb at 2 am to 6 pm for security updates. We apologize for this.', '2017-06-05 03:49:30', 1, '2017-04-30 15:00:00', '2017-04-30 15:00:00'),
(69, 'Offline for maintenance', 'iHHQ will be offline from Friday 20th Feb at 2 am to 6 pm for security updates. We apologize for this.', '2017-06-05 03:49:30', 1, '2017-04-30 15:00:00', '2017-04-30 15:00:00'),
(70, 'Offline for maintenance', 'iHHQ will be offline from Friday 20th Feb at 2 am to 6 pm for security updates. We apologize for this.', '2017-06-05 03:49:30', 1, '2017-04-30 15:00:00', '2017-04-30 15:00:00'),
(71, 'Offline for maintenance', 'iHHQ will be offline from Friday 20th Feb at 2 am to 6 pm for security updates. We apologize for this.', '2017-06-05 03:49:30', 1, '2017-04-30 15:00:00', '2017-04-30 15:00:00'),
(72, 'Welcome to iHHQ', 'If you\'re new to our client portal do check out our comprehensive guide or watch this short walkthrough.', '2017-06-05 03:49:30', 1, '2017-05-02 15:00:00', '2017-05-02 15:00:00'),
(73, 'Welcome to iHHQ', 'If you\'re new to our client portal do check out our comprehensive guide or watch this short walkthrough.', '2017-06-05 03:49:30', 1, '2017-05-02 15:00:00', '2017-05-02 15:00:00'),
(74, 'Welcome to iHHQ', 'If you\'re new to our client portal do check out our comprehensive guide or watch this short walkthrough.', '2017-06-05 03:49:30', 1, '2017-05-02 15:00:00', '2017-05-02 15:00:00'),
(75, 'Welcome to iHHQ', 'If you\'re new to our client portal do check out our comprehensive guide or watch this short walkthrough.', '2017-06-05 03:49:30', 1, '2017-05-02 15:00:00', '2017-05-02 15:00:00'),
(76, 'Welcome to iHHQ', 'If you\'re new to our client portal do check out our comprehensive guide or watch this short walkthrough.', '2017-06-05 03:49:30', 1, '2017-05-02 15:00:00', '2017-05-02 15:00:00'),
(77, 'Offline for maintenance', 'iHHQ will be offline from Friday 20th Feb at 2 am to 6 pm for security updates. We apologize for this.', '2017-06-05 03:49:30', 1, '2017-04-30 15:00:00', '2017-04-30 15:00:00'),
(78, 'Offline for maintenance', 'iHHQ will be offline from Friday 20th Feb at 2 am to 6 pm for security updates. We apologize for this.', '2017-06-05 03:49:30', 1, '2017-04-30 15:00:00', '2017-04-30 15:00:00'),
(79, 'Offline for maintenance', 'iHHQ will be offline from Friday 20th Feb at 2 am to 6 pm for security updates. We apologize for this.', '2017-06-05 03:49:30', 1, '2017-04-30 15:00:00', '2017-04-30 15:00:00'),
(80, 'Offline for maintenance', 'iHHQ will be offline from Friday 20th Feb at 2 am to 6 pm for security updates. We apologize for this.', '2017-06-05 03:49:30', 1, '2017-04-30 15:00:00', '2017-04-30 15:00:00'),
(81, 'Welcome to iHHQ', 'If you\'re new to our client portal do check out our comprehensive guide or watch this short walkthrough.', '2017-06-05 03:49:30', 1, '2017-05-02 15:00:00', '2017-05-02 15:00:00'),
(82, 'Welcome to iHHQ', 'If you\'re new to our client portal do check out our comprehensive guide or watch this short walkthrough.', '2017-06-05 03:49:30', 1, '2017-05-02 15:00:00', '2017-05-02 15:00:00'),
(83, 'Welcome to iHHQ', 'If you\'re new to our client portal do check out our comprehensive guide or watch this short walkthrough.', '2017-06-05 03:49:30', 1, '2017-05-02 15:00:00', '2017-05-02 15:00:00'),
(84, 'Welcome to iHHQ', 'If you\'re new to our client portal do check out our comprehensive guide or watch this short walkthrough.', '2017-06-05 03:49:30', 1, '2017-05-02 15:00:00', '2017-05-02 15:00:00'),
(85, 'Welcome to iHHQ', 'If you\'re new to our client portal do check out our comprehensive guide or watch this short walkthrough.', '2017-06-05 03:49:30', 1, '2017-05-02 15:00:00', '2017-05-02 15:00:00'),
(86, 'Offline for maintenance', 'iHHQ will be offline from Friday 20th Feb at 2 am to 6 pm for security updates. We apologize for this.', '2017-06-05 03:49:30', 1, '2017-04-30 15:00:00', '2017-04-30 15:00:00'),
(87, 'Offline for maintenance', 'iHHQ will be offline from Friday 20th Feb at 2 am to 6 pm for security updates. We apologize for this.', '2017-06-05 03:49:30', 1, '2017-04-30 15:00:00', '2017-04-30 15:00:00'),
(88, 'Offline for maintenance', 'iHHQ will be offline from Friday 20th Feb at 2 am to 6 pm for security updates. We apologize for this.', '2017-06-05 03:49:30', 1, '2017-04-30 15:00:00', '2017-04-30 15:00:00'),
(89, 'Offline for maintenance', 'iHHQ will be offline from Friday 20th Feb at 2 am to 6 pm for security updates. We apologize for this.', '2017-06-05 03:49:30', 1, '2017-04-30 15:00:00', '2017-04-30 15:00:00'),
(90, 'Welcome to iHHQ', 'If you\'re new to our client portal do check out our comprehensive guide or watch this short walkthrough.', '2017-06-05 03:49:30', 1, '2017-05-02 15:00:00', '2017-05-02 15:00:00'),
(91, 'Welcome to iHHQ', 'If you\'re new to our client portal do check out our comprehensive guide or watch this short walkthrough.', '2017-06-05 03:49:30', 1, '2017-05-02 15:00:00', '2017-05-02 15:00:00'),
(92, 'Welcome to iHHQ', 'If you\'re new to our client portal do check out our comprehensive guide or watch this short walkthrough.', '2017-06-05 03:49:30', 1, '2017-05-02 15:00:00', '2017-05-02 15:00:00'),
(93, 'Welcome to iHHQ', 'If you\'re new to our client portal do check out our comprehensive guide or watch this short walkthrough.', '2017-06-05 03:49:30', 1, '2017-05-02 15:00:00', '2017-05-02 15:00:00'),
(94, 'Welcome to iHHQ', 'If you\'re new to our client portal do check out our comprehensive guide or watch this short walkthrough.', '2017-06-05 03:49:30', 1, '2017-05-02 15:00:00', '2017-05-02 15:00:00'),
(95, 'Offline for maintenance', 'iHHQ will be offline from Friday 20th Feb at 2 am to 6 pm for security updates. We apologize for this.', '2017-06-05 03:49:30', 1, '2017-04-30 15:00:00', '2017-04-30 15:00:00'),
(96, 'Offline for maintenance', 'iHHQ will be offline from Friday 20th Feb at 2 am to 6 pm for security updates. We apologize for this.', '2017-06-05 03:49:30', 1, '2017-04-30 15:00:00', '2017-04-30 15:00:00'),
(97, 'Offline for maintenance', 'iHHQ will be offline from Friday 20th Feb at 2 am to 6 pm for security updates. We apologize for this.', '2017-06-05 03:49:30', 1, '2017-04-30 15:00:00', '2017-04-30 15:00:00'),
(98, 'Offline for maintenance', 'iHHQ will be offline from Friday 20th Feb at 2 am to 6 pm for security updates. We apologize for this.', '2017-06-05 03:49:30', 1, '2017-04-30 15:00:00', '2017-04-30 15:00:00'),
(99, 'Welcome to iHHQ', 'If you\'re new to our client portal do check out our comprehensive guide or watch this short walkthrough.', '2017-06-05 03:49:30', 1, '2017-05-02 15:00:00', '2017-05-02 15:00:00'),
(100, 'Welcome to iHHQ', 'If you\'re new to our client portal do check out our comprehensive guide or watch this short walkthrough.', '2017-06-05 03:49:30', 1, '2017-05-02 15:00:00', '2017-05-02 15:00:00'),
(101, 'Welcome to iHHQ', 'If you\'re new to our client portal do check out our comprehensive guide or watch this short walkthrough.sdfsdf', '2017-06-05 03:49:30', 1, '2017-05-02 15:00:00', '2017-05-02 15:00:00'),
(102, 'Welcome to iHHQ', 'If you\'re new to our client portal do check out our comprehensive guide or watch this short walkthrough.', '2017-06-05 03:49:30', 1, '2017-05-02 15:00:00', '2017-05-02 15:00:00'),
(103, 'Welcome to iHHQ', 'If you\'re new to our client portal do check out our comprehensive guide or watch this short walkthrough.', '2017-06-05 03:49:30', 1, '2017-05-02 15:00:00', '2017-05-02 15:00:00'),
(104, 'Offline for maintenance', 'iHHQ will be offline from Friday 20th Feb at 2 am to 6 pm for security updates. We apologize for this.', '2017-06-05 03:49:30', 1, '2017-04-30 15:00:00', '2017-04-30 15:00:00'),
(105, 'Offline for maintenance', 'iHHQ will be offline from Friday 20th Feb at 2 am to 6 pm for security updates. We apologize for this.', '2017-06-05 03:49:30', 1, '2017-04-30 15:00:00', '2017-04-30 15:00:00'),
(106, 'Offline for maintenance', 'iHHQ will be offline from Friday 20th Feb at 2 am to 6 pm for security updates. We apologize for this.', '2017-06-05 03:49:30', 1, '2017-04-30 15:00:00', '2017-04-30 15:00:00'),
(107, 'Offline for maintenance', 'iHHQ will be offline from Friday 20th Feb at 2 am to 6 pm for security updates. We apologize for this.', '2017-06-05 03:49:30', 1, '2017-04-30 15:00:00', '2017-04-30 15:00:00'),
(108, 'Welcome to iHHQ', 'If you\'re new to our client portal do check out our comprehensive guide or watch this short walkthrough.', '2017-06-05 03:49:30', 1, '2017-05-02 15:00:00', '2017-05-02 15:00:00'),
(109, 'Welcome to iHHQ', 'If you\'re new to our client portal do check out our comprehensive guide or watch this short walkthrough.', '2017-06-05 03:49:30', 1, '2017-05-02 15:00:00', '2017-05-02 15:00:00'),
(110, 'Welcome to iHHQ', 'If you\'re new to our client portal do check out our comprehensive guide or watch this short walkthrough.', '2017-06-05 03:49:30', 1, '2017-05-02 15:00:00', '2017-05-02 15:00:00'),
(111, 'Welcome to iHHQ', 'If you\'re new to our client portal do check out our comprehensive guide or watch this short walkthrough.', '2017-06-05 03:49:30', 1, '2017-05-02 15:00:00', '2017-05-02 15:00:00'),
(112, 'Welcome to iHHQ', 'If you\'re new to our client portal do check out our comprehensive guide or watch this short walkthrough.', '2017-06-05 03:49:30', 1, '2017-05-02 15:00:00', '2017-05-02 15:00:00'),
(113, 'Offline for maintenance', 'iHHQ will be offline from Friday 20th Feb at 2 am to 6 pm for security updates. We apologize for this.', '2017-06-05 03:49:30', 1, '2017-04-30 15:00:00', '2017-04-30 15:00:00'),
(114, 'Offline for maintenance', 'iHHQ will be offline from Friday 20th Feb at 2 am to 6 pm for security updates. We apologize for this.', '2017-06-05 03:49:30', 1, '2017-04-30 15:00:00', '2017-04-30 15:00:00'),
(115, 'Offline for maintenance', 'iHHQ will be offline from Friday 20th Feb at 2 am to 6 pm for security updates. We apologize for this.', '2017-06-05 03:49:30', 1, '2017-04-30 15:00:00', '2017-04-30 15:00:00'),
(116, 'Offline for maintenance', 'iHHQ will be offline from Friday 20th Feb at 2 am to 6 pm for security updates. We apologize for this.', '2017-06-05 03:49:30', 1, '2017-04-30 15:00:00', '2017-04-30 15:00:00'),
(117, 'Welcome to iHHQ', 'If you\'re new to our client portal do check out our comprehensive guide or watch this short walkthrough.', '2017-06-05 03:49:30', 1, '2017-05-02 15:00:00', '2017-05-02 15:00:00'),
(118, 'Welcome to iHHQ', 'If you\'re new to our client portal do check out our comprehensive guide or watch this short walkthrough.', '2017-06-05 03:49:30', 1, '2017-05-02 15:00:00', '2017-05-02 15:00:00'),
(119, 'Welcome to iHHQ', 'If you\'re new to our client portal do check out our comprehensive guide or watch this short walkthrough.', '2017-06-05 03:49:30', 1, '2017-05-02 15:00:00', '2017-05-02 15:00:00'),
(120, 'Welcome to iHHQ', 'If you\'re new to our client portal do check out our comprehensive guide or watch this short walkthrough.', '2017-06-05 03:49:30', 1, '2017-05-02 15:00:00', '2017-05-02 15:00:00'),
(121, 'Welcome to iHHQ', 'If you\'re new to our client portal do check out our comprehensive guide or watch this short walkthrough.', '2017-06-05 03:49:30', 1, '2017-05-02 15:00:00', '2017-05-02 15:00:00'),
(122, 'Offline for maintenance', 'iHHQ will be offline from Friday 20th Feb at 2 am to 6 pm for security updates. We apologize for this.', '2017-06-05 03:49:30', 1, '2017-04-30 15:00:00', '2017-04-30 15:00:00'),
(123, 'Offline for maintenance', 'iHHQ will be offline from Friday 20th Feb at 2 am to 6 pm for security updates. We apologize for this.', '2017-06-05 03:49:30', 1, '2017-04-30 15:00:00', '2017-04-30 15:00:00'),
(124, 'Offline for maintenance', 'iHHQ will be offline from Friday 20th Feb at 2 am to 6 pm for security updates. We apologize for this.', '2017-06-05 03:49:30', 1, '2017-04-30 15:00:00', '2017-04-30 15:00:00'),
(125, 'Welcome to iHHQ', 'If you\'re new to our client portal do check out our comprehensive guide or watch this short walkthrough.', '2017-06-05 03:49:30', 1, '2017-05-02 15:00:00', '2017-05-02 15:00:00'),
(126, 'Offline for maintenance', 'iHHQ will be offline from Friday 20th Feb at 2 am to 6 pm for security updates. We apologize for this.', '2017-06-05 03:49:30', 1, '2017-04-30 15:00:00', '2017-04-30 15:00:00'),
(127, 'Welcome to iHHQ', 'If you\'re new to our client portal do check out our comprehensive guide or watch this short walkthrough.', '2017-06-05 03:49:30', 1, '2017-05-02 15:00:00', '2017-05-02 15:00:00'),
(128, 'Welcome to iHHQ', 'If you\'re new to our client portal do check out our comprehensive guide or watch this short walkthrough.', '2017-06-05 03:49:30', 1, '2017-05-02 15:00:00', '2017-05-02 15:00:00'),
(129, 'Welcome to iHHQ', 'If you\'re new to our client portal do check out our comprehensive guide or watch this short walkthrough.', '2017-06-05 03:49:30', 1, '2017-05-02 15:00:00', '2017-05-02 15:00:00'),
(130, 'Welcome to iHHQ', 'If you\'re new to our client portal do check out our comprehensive guide or watch this short walkthrough.', '2017-06-05 03:49:30', 1, '2017-05-02 15:00:00', '2017-05-02 15:00:00'),
(131, 'Welcome to iHHQ', 'If you\'re new to our client portal do check out our comprehensive guide or watch this short walkthrough.', '2017-06-05 03:49:30', 1, '2017-05-02 15:00:00', '2017-05-02 15:00:00'),
(132, 'Offline for maintenance', 'iHHQ will be offline from Friday 20th Feb at 2 am to 6 pm for security updates. We apologize for this.', '2017-06-05 03:49:30', 1, '2017-04-30 15:00:00', '2017-04-30 15:00:00'),
(133, 'Welcome to iHHQ', 'If you\'re new to our client portal do check out our comprehensive guide or watch this short walkthrough.sdfsdf', '2017-06-05 03:49:30', 1, '2017-05-02 15:00:00', '2017-05-02 15:00:00'),
(134, 'Welcome to iHHQ', 'If you\'re new to our client portal do check out our comprehensive guide or watch this short walkthrough.', '2017-06-05 03:49:30', 1, '2017-05-02 15:00:00', '2017-05-02 15:00:00'),
(135, 'Welcome to iHHQ', 'If you\'re new to our client portal do check out our comprehensive guide or watch this short walkthrough.', '2017-06-05 03:49:30', 1, '2017-05-02 15:00:00', '2017-05-02 15:00:00'),
(136, 'Offline for maintenance', 'iHHQ will be offline from Friday 20th Feb at 2 am to 6 pm for security updates. We apologize for this.', '2017-06-05 03:49:30', 1, '2017-04-30 15:00:00', '2017-04-30 15:00:00'),
(137, 'Offline for maintenance', 'iHHQ will be offline from Friday 20th Feb at 2 am to 6 pm for security updates. We apologize for this.', '2017-06-05 03:49:30', 1, '2017-04-30 15:00:00', '2017-04-30 15:00:00'),
(138, 'Offline for maintenance', 'iHHQ will be offline from Friday 20th Feb at 2 am to 6 pm for security updates. We apologize for this.', '2017-06-05 03:49:30', 1, '2017-04-30 15:00:00', '2017-04-30 15:00:00'),
(139, 'Offline for maintenance', 'iHHQ will be offline from Friday 20th Feb at 2 am to 6 pm for security updates. We apologize for this.', '2017-06-05 03:49:30', 1, '2017-04-30 15:00:00', '2017-04-30 15:00:00'),
(140, 'Welcome to iHHQ', 'If you\'re new to our client portal do check out our comprehensive guide or watch this short walkthrough.', '2017-06-05 03:49:30', 1, '2017-05-02 15:00:00', '2017-05-02 15:00:00'),
(141, 'Welcome to iHHQ', 'If you\'re new to our client portal do check out our comprehensive guide or watch this short walkthrough.', '2017-06-05 03:49:30', 1, '2017-05-02 15:00:00', '2017-05-02 15:00:00'),
(142, 'Offline for maintenance', 'iHHQ will be offline from Friday 20th Feb at 2 am to 6 pm for security updates. We apologize for this.', '2017-06-05 03:49:30', 1, '2017-04-30 15:00:00', '2017-04-30 15:00:00'),
(143, 'Welcome to iHHQ', 'If you\'re new to our client portal do check out our comprehensive guide or watch this short walkthrough.', '2017-06-05 03:49:30', 1, '2017-05-02 15:00:00', '2017-05-02 15:00:00'),
(144, 'Welcome to iHHQ', 'If you\'re new to our client portal do check out our comprehensive guide or watch this short walkthrough.', '2017-06-05 03:49:30', 1, '2017-05-02 15:00:00', '2017-05-02 15:00:00'),
(145, 'Welcome to iHHQ', 'If you\'re new to our client portal do check out our comprehensive guide or watch this short walkthrough.', '2017-06-05 03:49:30', 1, '2017-05-02 15:00:00', '2017-05-02 15:00:00'),
(146, 'Welcome to iHHQ', 'If you\'re new to our client portal do check out our comprehensive guide or watch this short walkthrough.', '2017-06-05 03:49:30', 1, '2017-05-02 15:00:00', '2017-05-02 15:00:00'),
(147, 'Welcome to iHHQ', 'If you\'re new to our client portal do check out our comprehensive guide or watch this short walkthrough.', '2017-06-05 03:49:30', 1, '2017-05-02 15:00:00', '2017-05-02 15:00:00'),
(148, 'Offline for maintenance', 'iHHQ will be offline from Friday 20th Feb at 2 am to 6 pm for security updates. We apologize for this.', '2017-06-05 03:49:30', 1, '2017-04-30 15:00:00', '2017-04-30 15:00:00'),
(149, 'Offline for maintenance', 'iHHQ will be offline from Friday 20th Feb at 2 am to 6 pm for security updates. We apologize for this.', '2017-06-05 03:49:30', 1, '2017-04-30 15:00:00', '2017-04-30 15:00:00'),
(150, 'Offline for maintenance', 'iHHQ will be offline from Friday 20th Feb at 2 am to 6 pm for security updates. We apologize for this.', '2017-06-05 03:49:30', 1, '2017-04-30 15:00:00', '2017-04-30 15:00:00'),
(151, 'Offline for maintenance', 'iHHQ will be offline from Friday 20th Feb at 2 am to 6 pm for security updates. We apologize for this.', '2017-06-05 03:49:30', 1, '2017-04-30 15:00:00', '2017-04-30 15:00:00'),
(152, 'Welcome to iHHQ', 'If you\'re new to our client portal do check out our comprehensive guide or watch this short walkthrough.', '2017-06-05 03:49:30', 1, '2017-05-02 15:00:00', '2017-05-02 15:00:00'),
(153, 'Welcome to iHHQ', 'If you\'re new to our client portal do check out our comprehensive guide or watch this short walkthrough.', '2017-06-05 03:49:30', 1, '2017-05-02 15:00:00', '2017-05-02 15:00:00'),
(154, 'Welcome to iHHQ', 'If you\'re new to our client portal do check out our comprehensive guide or watch this short walkthrough.', '2017-06-05 03:49:30', 1, '2017-05-02 15:00:00', '2017-05-02 15:00:00'),
(155, 'Welcome to iHHQ', 'If you\'re new to our client portal do check out our comprehensive guide or watch this short walkthrough.', '2017-06-05 03:49:30', 1, '2017-05-02 15:00:00', '2017-05-02 15:00:00'),
(156, 'Welcome to iHHQ', 'If you\'re new to our client portal do check out our comprehensive guide or watch this short walkthrough.', '2017-06-05 03:49:30', 1, '2017-05-02 15:00:00', '2017-05-02 15:00:00'),
(157, 'Offline for maintenance', 'iHHQ will be offline from Friday 20th Feb at 2 am to 6 pm for security updates. We apologize for this.', '2017-06-05 03:49:30', 1, '2017-04-30 15:00:00', '2017-04-30 15:00:00'),
(158, 'Offline for maintenance', 'iHHQ will be offline from Friday 20th Feb at 2 am to 6 pm for security updates. We apologize for this.', '2017-06-05 03:49:30', 1, '2017-04-30 15:00:00', '2017-04-30 15:00:00'),
(159, 'Offline for maintenance', 'iHHQ will be offline from Friday 20th Feb at 2 am to 6 pm for security updates. We apologize for this.', '2017-06-05 03:49:30', 1, '2017-04-30 15:00:00', '2017-04-30 15:00:00'),
(160, 'Offline for maintenance', 'iHHQ will be offline from Friday 20th Feb at 2 am to 6 pm for security updates. We apologize for this.', '2017-06-05 03:49:30', 1, '2017-04-30 15:00:00', '2017-04-30 15:00:00'),
(161, 'Welcome to iHHQ', 'If you\'re new to our client portal do check out our comprehensive guide or watch this short walkthrough.', '2017-06-05 03:49:30', 1, '2017-05-02 15:00:00', '2017-05-02 15:00:00'),
(162, 'Welcome to iHHQ', 'If you\'re new to our client portal do check out our comprehensive guide or watch this short walkthrough.', '2017-06-05 03:49:30', 1, '2017-05-02 15:00:00', '2017-05-02 15:00:00'),
(163, 'Welcome to iHHQ', 'If you\'re new to our client portal do check out our comprehensive guide or watch this short walkthrough.', '2017-06-05 03:49:30', 1, '2017-05-02 15:00:00', '2017-05-02 15:00:00'),
(164, 'Welcome to iHHQ', 'If you\'re new to our client portal do check out our comprehensive guide or watch this short walkthrough.', '2017-06-05 03:49:30', 1, '2017-05-02 15:00:00', '2017-05-02 15:00:00'),
(165, 'Welcome to iHHQ', 'If you\'re new to our client portal do check out our comprehensive guide or watch this short walkthrough.', '2017-06-05 03:49:30', 1, '2017-05-02 15:00:00', '2017-05-02 15:00:00'),
(166, 'Offline for maintenance', 'iHHQ will be offline from Friday 20th Feb at 2 am to 6 pm for security updates. We apologize for this.', '2017-06-05 03:49:30', 1, '2017-04-30 15:00:00', '2017-04-30 15:00:00'),
(167, 'Offline for maintenance', 'iHHQ will be offline from Friday 20th Feb at 2 am to 6 pm for security updates. We apologize for this.', '2017-06-05 03:49:30', 1, '2017-04-30 15:00:00', '2017-04-30 15:00:00'),
(168, 'Offline for maintenance', 'iHHQ will be offline from Friday 20th Feb at 2 am to 6 pm for security updates. We apologize for this.', '2017-06-05 03:49:30', 1, '2017-04-30 15:00:00', '2017-04-30 15:00:00'),
(169, 'Offline for maintenance', 'iHHQ will be offline from Friday 20th Feb at 2 am to 6 pm for security updates. We apologize for this.', '2017-06-05 03:49:30', 1, '2017-04-30 15:00:00', '2017-04-30 15:00:00'),
(170, 'Welcome to iHHQ', 'If you\'re new to our client portal do check out our comprehensive guide or watch this short walkthrough.', '2017-06-05 03:49:30', 1, '2017-05-02 15:00:00', '2017-05-02 15:00:00'),
(171, 'Welcome to iHHQ', 'If you\'re new to our client portal do check out our comprehensive guide or watch this short walkthrough.', '2017-06-05 03:49:30', 1, '2017-05-02 15:00:00', '2017-05-02 15:00:00'),
(172, 'Welcome to iHHQ', 'If you\'re new to our client portal do check out our comprehensive guide or watch this short walkthrough.', '2017-06-05 03:49:30', 1, '2017-05-02 15:00:00', '2017-05-02 15:00:00'),
(173, 'Welcome to iHHQ', 'If you\'re new to our client portal do check out our comprehensive guide or watch this short walkthrough.', '2017-06-05 03:49:30', 1, '2017-05-02 15:00:00', '2017-05-02 15:00:00'),
(174, 'Welcome to iHHQ', 'If you\'re new to our client portal do check out our comprehensive guide or watch this short walkthrough.', '2017-06-05 03:49:30', 1, '2017-05-02 15:00:00', '2017-05-02 15:00:00'),
(175, 'Offline for maintenance', 'iHHQ will be offline from Friday 20th Feb at 2 am to 6 pm for security updates. We apologize for this.', '2017-06-05 03:49:30', 1, '2017-04-30 15:00:00', '2017-04-30 15:00:00'),
(176, 'Offline for maintenance', 'iHHQ will be offline from Friday 20th Feb at 2 am to 6 pm for security updates. We apologize for this.', '2017-06-05 03:49:30', 1, '2017-04-30 15:00:00', '2017-04-30 15:00:00'),
(177, 'Offline for maintenance', 'iHHQ will be offline from Friday 20th Feb at 2 am to 6 pm for security updates. We apologize for this.', '2017-06-05 03:49:30', 1, '2017-04-30 15:00:00', '2017-04-30 15:00:00'),
(178, 'Offline for maintenance', 'iHHQ will be offline from Friday 20th Feb at 2 am to 6 pm for security updates. We apologize for this.', '2017-06-05 03:49:30', 1, '2017-04-30 15:00:00', '2017-04-30 15:00:00'),
(179, 'Welcome to iHHQ', 'If you\'re new to our client portal do check out our comprehensive guide or watch this short walkthrough.', '2017-06-05 03:49:30', 1, '2017-05-02 15:00:00', '2017-05-02 15:00:00'),
(180, 'Welcome to iHHQ', 'If you\'re new to our client portal do check out our comprehensive guide or watch this short walkthrough.', '2017-06-05 03:49:30', 1, '2017-05-02 15:00:00', '2017-05-02 15:00:00'),
(181, 'Welcome to iHHQ', 'If you\'re new to our client portal do check out our comprehensive guide or watch this short walkthrough.', '2017-06-05 03:49:30', 1, '2017-05-02 15:00:00', '2017-05-02 15:00:00'),
(182, 'Welcome to iHHQ', 'If you\'re new to our client portal do check out our comprehensive guide or watch this short walkthrough.', '2017-06-05 03:49:30', 1, '2017-05-02 15:00:00', '2017-05-02 15:00:00'),
(183, 'Welcome to iHHQ', 'If you\'re new to our client portal do check out our comprehensive guide or watch this short walkthrough.', '2017-06-05 03:49:30', 1, '2017-05-02 15:00:00', '2017-05-02 15:00:00'),
(184, 'Offline for maintenance', 'iHHQ will be offline from Friday 20th Feb at 2 am to 6 pm for security updates. We apologize for this.', '2017-06-05 03:49:30', 1, '2017-04-30 15:00:00', '2017-04-30 15:00:00'),
(185, 'Offline for maintenance', 'iHHQ will be offline from Friday 20th Feb at 2 am to 6 pm for security updates. We apologize for this.', '2017-06-05 03:49:30', 1, '2017-04-30 15:00:00', '2017-04-30 15:00:00'),
(186, 'Offline for maintenance', 'iHHQ will be offline from Friday 20th Feb at 2 am to 6 pm for security updates. We apologize for this.', '2017-06-05 03:49:30', 1, '2017-04-30 15:00:00', '2017-04-30 15:00:00'),
(187, 'Offline for maintenance', 'iHHQ will be offline from Friday 20th Feb at 2 am to 6 pm for security updates. We apologize for this.', '2017-06-05 03:49:30', 1, '2017-04-30 15:00:00', '2017-04-30 15:00:00'),
(188, 'Welcome to iHHQ', 'If you\'re new to our client portal do check out our comprehensive guide or watch this short walkthrough.', '2017-06-05 03:49:30', 1, '2017-05-02 15:00:00', '2017-05-02 15:00:00'),
(189, 'Welcome to iHHQ', 'If you\'re new to our client portal do check out our comprehensive guide or watch this short walkthrough.', '2017-06-05 03:49:30', 1, '2017-05-02 15:00:00', '2017-05-02 15:00:00'),
(190, 'Welcome to iHHQ', 'If you\'re new to our client portal do check out our comprehensive guide or watch this short walkthrough.', '2017-06-05 03:49:30', 1, '2017-05-02 15:00:00', '2017-05-02 15:00:00'),
(191, 'Welcome to iHHQ', 'If you\'re new to our client portal do check out our comprehensive guide or watch this short walkthrough.', '2017-06-05 03:49:30', 1, '2017-05-02 15:00:00', '2017-05-02 15:00:00'),
(192, 'Offline for maintenance', 'iHHQ will be offline from Friday 20th Feb at 2 am to 6 pm for security updates. We apologize for this.', '2017-06-05 03:49:30', 1, '2017-04-30 15:00:00', '2017-04-30 15:00:00'),
(193, 'Welcome to iHHQ', 'If you\'re new to our client portal do check out our comprehensive guide or watch this short walkthrough.', '2017-06-05 03:49:30', 1, '2017-05-02 15:00:00', '2017-05-02 15:00:00'),
(194, 'Welcome to iHHQ', 'If you\'re new to our client portal do check out our comprehensive guide or watch this short walkthrough.', '2017-06-05 03:49:30', 1, '2017-05-02 15:00:00', '2017-05-02 15:00:00'),
(195, 'Welcome to iHHQ', 'If you\'re new to our client portal do check out our comprehensive guide or watch this short walkthrough.', '2017-06-05 03:49:30', 1, '2017-05-02 15:00:00', '2017-05-02 15:00:00'),
(196, 'Welcome to iHHQ', 'If you\'re new to our client portal do check out our comprehensive guide or watch this short walkthrough.', '2017-06-05 03:49:30', 1, '2017-05-02 15:00:00', '2017-05-02 15:00:00'),
(197, 'Welcome to iHHQ', 'If you\'re new to our client portal do check out our comprehensive guide or watch this short walkthrough.', '2017-06-05 03:49:30', 1, '2017-05-02 15:00:00', '2017-05-02 15:00:00'),
(198, 'Offline for maintenance', 'iHHQ will be offline from Friday 20th Feb at 2 am to 6 pm for security updates. We apologize for this.', '2017-06-05 03:49:30', 1, '2017-04-30 15:00:00', '2017-04-30 15:00:00'),
(199, 'Offline for maintenance', 'iHHQ will be offline from Friday 20th Feb at 2 am to 6 pm for security updates. We apologize for this.', '2017-06-05 03:49:30', 1, '2017-04-30 15:00:00', '2017-04-30 15:00:00'),
(200, 'Offline for maintenance', 'iHHQ will be offline from Friday 20th Feb at 2 am to 6 pm for security updates. We apologize for this.', '2017-06-05 03:49:30', 1, '2017-04-30 15:00:00', '2017-04-30 15:00:00'),
(201, 'Offline for maintenance', 'iHHQ will be offline from Friday 20th Feb at 2 am to 6 pm for security updates. We apologize for this.', '2017-06-05 03:49:30', 1, '2017-04-30 15:00:00', '2017-04-30 15:00:00'),
(202, 'Welcome to iHHQ', 'If you\'re new to our client portal do check out our comprehensive guide or watch this short walkthrough.', '2017-06-05 03:49:30', 1, '2017-05-02 15:00:00', '2017-05-02 15:00:00'),
(203, 'Welcome to iHHQ', 'If you\'re new to our client portal do check out our comprehensive guide or watch this short walkthrough.', '2017-06-05 03:49:30', 1, '2017-05-02 15:00:00', '2017-05-02 15:00:00'),
(204, 'Welcome to iHHQ', 'If you\'re new to our client portal do check out our comprehensive guide or watch this short walkthrough.', '2017-06-05 03:49:30', 1, '2017-05-02 15:00:00', '2017-05-02 15:00:00'),
(205, 'Welcome to iHHQ', 'If you\'re new to our client portal do check out our comprehensive guide or watch this short walkthrough.', '2017-06-05 03:49:30', 1, '2017-05-02 15:00:00', '2017-05-02 15:00:00'),
(206, 'Welcome to iHHQ', 'If you\'re new to our client portal do check out our comprehensive guide or watch this short walkthrough.', '2017-06-05 03:49:30', 1, '2017-05-02 15:00:00', '2017-05-02 15:00:00'),
(207, 'Offline for maintenance', 'iHHQ will be offline from Friday 20th Feb at 2 am to 6 pm for security updates. We apologize for this.', '2017-06-05 03:49:30', 1, '2017-04-30 15:00:00', '2017-04-30 15:00:00'),
(208, 'Offline for maintenance', 'iHHQ will be offline from Friday 20th Feb at 2 am to 6 pm for security updates. We apologize for this.', '2017-06-05 03:49:30', 1, '2017-04-30 15:00:00', '2017-04-30 15:00:00'),
(209, 'Offline for maintenance', 'iHHQ will be offline from Friday 20th Feb at 2 am to 6 pm for security updates. We apologize for this.', '2017-06-05 03:49:30', 1, '2017-04-30 15:00:00', '2017-04-30 15:00:00'),
(210, 'Offline for maintenance', 'iHHQ will be offline from Friday 20th Feb at 2 am to 6 pm for security updates. We apologize for this.', '2017-06-05 03:49:30', 1, '2017-04-30 15:00:00', '2017-04-30 15:00:00'),
(211, 'Welcome to iHHQ', 'If you\'re new to our client portal do check out our comprehensive guide or watch this short walkthrough.', '2017-06-05 03:49:30', 1, '2017-05-02 15:00:00', '2017-05-02 15:00:00'),
(212, 'Welcome to iHHQ', 'If you\'re new to our client portal do check out our comprehensive guide or watch this short walkthrough.', '2017-06-05 03:49:30', 1, '2017-05-02 15:00:00', '2017-05-02 15:00:00'),
(213, 'Welcome to iHHQ', 'If you\'re new to our client portal do check out our comprehensive guide or watch this short walkthrough.', '2017-06-05 03:49:30', 1, '2017-05-02 15:00:00', '2017-05-02 15:00:00'),
(214, 'Welcome to iHHQ', 'If you\'re new to our client portal do check out our comprehensive guide or watch this short walkthrough.', '2017-06-05 03:49:30', 1, '2017-05-02 15:00:00', '2017-05-02 15:00:00'),
(215, 'Welcome to iHHQ', 'If you\'re new to our client portal do check out our comprehensive guide or watch this short walkthrough.', '2017-06-05 03:49:30', 1, '2017-05-02 15:00:00', '2017-05-02 15:00:00'),
(216, 'Offline for maintenance', 'iHHQ will be offline from Friday 20th Feb at 2 am to 6 pm for security updates. We apologize for this.', '2017-06-05 03:49:30', 1, '2017-04-30 15:00:00', '2017-04-30 15:00:00'),
(217, 'Offline for maintenance', 'iHHQ will be offline from Friday 20th Feb at 2 am to 6 pm for security updates. We apologize for this.', '2017-06-05 03:49:30', 1, '2017-04-30 15:00:00', '2017-04-30 15:00:00'),
(218, 'Offline for maintenance', 'iHHQ will be offline from Friday 20th Feb at 2 am to 6 pm for security updates. We apologize for this.', '2017-06-05 03:49:30', 1, '2017-04-30 15:00:00', '2017-04-30 15:00:00'),
(219, 'Offline for maintenance', 'iHHQ will be offline from Friday 20th Feb at 2 am to 6 pm for security updates. We apologize for this.', '2017-06-05 03:49:30', 1, '2017-04-30 15:00:00', '2017-04-30 15:00:00'),
(220, 'Welcome to iHHQ', 'If you\'re new to our client portal do check out our comprehensive guide or watch this short walkthrough.', '2017-06-05 03:49:30', 1, '2017-05-02 15:00:00', '2017-05-02 15:00:00'),
(221, 'Welcome to iHHQ', 'If you\'re new to our client portal do check out our comprehensive guide or watch this short walkthrough.', '2017-06-05 03:49:30', 1, '2017-05-02 15:00:00', '2017-05-02 15:00:00'),
(222, 'Welcome to iHHQ', 'If you\'re new to our client portal do check out our comprehensive guide or watch this short walkthrough.', '2017-06-05 03:49:30', 1, '2017-05-02 15:00:00', '2017-05-02 15:00:00'),
(223, 'Welcome to iHHQ', 'If you\'re new to our client portal do check out our comprehensive guide or watch this short walkthrough.', '2017-06-05 03:49:30', 1, '2017-05-02 15:00:00', '2017-05-02 15:00:00'),
(224, 'Welcome to iHHQ', 'If you\'re new to our client portal do check out our comprehensive guide or watch this short walkthrough.', '2017-06-05 03:49:30', 1, '2017-05-02 15:00:00', '2017-05-02 15:00:00'),
(225, 'Offline for maintenance', 'iHHQ will be offline from Friday 20th Feb at 2 am to 6 pm for security updates. We apologize for this.', '2017-06-05 03:49:30', 1, '2017-04-30 15:00:00', '2017-04-30 15:00:00'),
(226, 'Offline for maintenance', 'iHHQ will be offline from Friday 20th Feb at 2 am to 6 pm for security updates. We apologize for this.', '2017-06-05 03:49:30', 1, '2017-04-30 15:00:00', '2017-04-30 15:00:00'),
(227, 'Offline for maintenance', 'iHHQ will be offline from Friday 20th Feb at 2 am to 6 pm for security updates. We apologize for this.', '2017-06-05 03:49:30', 1, '2017-04-30 15:00:00', '2017-04-30 15:00:00'),
(228, 'Offline for maintenance', 'iHHQ will be offline from Friday 20th Feb at 2 am to 6 pm for security updates. We apologize for this.', '2017-06-05 03:49:30', 1, '2017-04-30 15:00:00', '2017-04-30 15:00:00'),
(229, 'Welcome to iHHQ', 'If you\'re new to our client portal do check out our comprehensive guide or watch this short walkthrough.', '2017-06-05 03:49:30', 1, '2017-05-02 15:00:00', '2017-05-02 15:00:00'),
(230, 'Welcome to iHHQ', 'If you\'re new to our client portal do check out our comprehensive guide or watch this short walkthrough.', '2017-06-05 03:49:30', 1, '2017-05-02 15:00:00', '2017-05-02 15:00:00'),
(231, 'Welcome to iHHQ', 'If you\'re new to our client portal do check out our comprehensive guide or watch this short walkthrough.', '2017-06-05 03:49:30', 1, '2017-05-02 15:00:00', '2017-05-02 15:00:00'),
(232, 'Welcome to iHHQ', 'If you\'re new to our client portal do check out our comprehensive guide or watch this short walkthrough.', '2017-06-05 03:49:30', 1, '2017-05-02 15:00:00', '2017-05-02 15:00:00'),
(233, 'Welcome to iHHQ', 'If you\'re new to our client portal do check out our comprehensive guide or watch this short walkthrough.', '2017-06-05 03:49:30', 1, '2017-05-02 15:00:00', '2017-05-02 15:00:00'),
(234, 'Offline for maintenance', 'iHHQ will be offline from Friday 20th Feb at 2 am to 6 pm for security updates. We apologize for this.', '2017-06-05 03:49:30', 1, '2017-04-30 15:00:00', '2017-04-30 15:00:00'),
(235, 'Offline for maintenance', 'iHHQ will be offline from Friday 20th Feb at 2 am to 6 pm for security updates. We apologize for this.', '2017-06-05 03:49:30', 1, '2017-04-30 15:00:00', '2017-04-30 15:00:00'),
(236, 'Offline for maintenance', 'iHHQ will be offline from Friday 20th Feb at 2 am to 6 pm for security updates. We apologize for this.', '2017-06-05 03:49:30', 1, '2017-04-30 15:00:00', '2017-04-30 15:00:00'),
(237, 'Offline for maintenance', 'iHHQ will be offline from Friday 20th Feb at 2 am to 6 pm for security updates. We apologize for this.', '2017-06-05 03:49:30', 1, '2017-04-30 15:00:00', '2017-04-30 15:00:00'),
(238, 'Welcome to iHHQ', 'If you\'re new to our client portal do check out our comprehensive guide or watch this short walkthrough.', '2017-06-05 03:49:30', 1, '2017-05-02 15:00:00', '2017-05-02 15:00:00'),
(239, 'Welcome to iHHQ', 'If you\'re new to our client portal do check out our comprehensive guide or watch this short walkthrough.', '2017-06-05 03:49:30', 1, '2017-05-02 15:00:00', '2017-05-02 15:00:00'),
(240, 'Welcome to iHHQ', 'If you\'re new to our client portal do check out our comprehensive guide or watch this short walkthrough.', '2017-06-05 03:49:30', 1, '2017-05-02 15:00:00', '2017-05-02 15:00:00'),
(241, 'Welcome to iHHQ', 'If you\'re new to our client portal do check out our comprehensive guide or watch this short walkthrough.', '2017-06-05 03:49:30', 1, '2017-05-02 15:00:00', '2017-05-02 15:00:00');

-- --------------------------------------------------------

--
-- Table structure for table `categories`
--

CREATE TABLE `categories` (
  `category_id` bigint(20) UNSIGNED NOT NULL,
  `category_title` varchar(255) NOT NULL,
  `thumbnail` varchar(100) NOT NULL,
  `price` decimal(10,0) NOT NULL,
  `lock` tinyint(4) NOT NULL DEFAULT '0',
  `created_at` datetime NOT NULL DEFAULT CURRENT_TIMESTAMP,
  `updated_at` datetime NOT NULL DEFAULT CURRENT_TIMESTAMP ON UPDATE CURRENT_TIMESTAMP,
  `active` int(1) DEFAULT '1'
) ENGINE=MyISAM DEFAULT CHARSET=latin1;

--
-- Dumping data for table `categories`
--

INSERT INTO `categories` (`category_id`, `category_title`, `thumbnail`, `price`, `lock`, `created_at`, `updated_at`, `active`) VALUES
(1, 'BEGINNER', 'https://s3.eu-central-1.amazonaws.com/dribbler.org-category/beginner/thumbnail.png', '0', 0, '2017-04-23 22:11:28', '2017-09-26 16:03:40', 1),
(2, 'ADANCED', 'https://s3.eu-central-1.amazonaws.com/dribbler.org-category/advanced/thumbnail.png', '10', 1, '2017-04-23 22:11:28', '2017-04-30 01:43:45', 1),
(3, 'PREOFESSIONAL', 'https://s3.eu-central-1.amazonaws.com/dribbler.org-category/professional/thumbnail.png', '15', 1, '2017-04-23 22:11:49', '2017-04-30 01:43:49', 1),
(8, 'Messi Tricks', 'https://s3.eu-central-1.amazonaws.com/dribbler.org-videos/category/Messi%20Tricks/thumbnail.jpeg', '25', 0, '2017-09-09 11:04:21', '2017-09-09 11:04:21', 1),
(9, 'Bartek Tricks', 'https://s3.eu-central-1.amazonaws.com/dribbler.org-videos/category/Bartek%20Tricks/thumbnail.png', '0', 1, '2017-09-09 11:10:50', '2017-09-26 22:03:58', 1);

-- --------------------------------------------------------

--
-- Table structure for table `comments`
--

CREATE TABLE `comments` (
  `comment_id` bigint(20) UNSIGNED NOT NULL,
  `commentator_id` bigint(20) UNSIGNED NOT NULL,
  `video_id` bigint(20) UNSIGNED NOT NULL,
  `status` tinyint(4) NOT NULL,
  `message` text NOT NULL,
  `likes` int(10) UNSIGNED NOT NULL DEFAULT '0',
  `replies` int(10) UNSIGNED NOT NULL DEFAULT '0',
  `created_at` timestamp NOT NULL DEFAULT CURRENT_TIMESTAMP,
  `updated_at` timestamp NOT NULL DEFAULT '0000-00-00 00:00:00' ON UPDATE CURRENT_TIMESTAMP
) ENGINE=MyISAM DEFAULT CHARSET=latin1;

--
-- Dumping data for table `comments`
--

INSERT INTO `comments` (`comment_id`, `commentator_id`, `video_id`, `status`, `message`, `likes`, `replies`, `created_at`, `updated_at`) VALUES
(1, 6, 7, 0, 'When I tried 10 times, notice being impossibleasd', 0, 0, '2017-05-13 12:34:36', '2017-09-26 12:11:39'),
(2, 16, 7, 0, 'When I tried 10 times, notice being impossible asdfasdf', 0, 0, '2017-05-12 15:00:00', '2017-09-26 12:02:38'),
(3, 11, 6, 0, 'When I tried 10 times, notice being impossible', 0, 0, '2017-05-13 09:56:59', '2017-05-14 01:06:30'),
(4, 16, 8, 0, 'When I tried 10 times, notice being impossible', 0, 0, '2017-05-13 11:37:52', '2017-05-14 01:06:34'),
(6, 16, 8, 0, 'When I tried 10 times, notice being impossible', 0, 0, '2017-05-13 11:42:01', '2017-05-14 01:06:42'),
(8, 16, 6, 0, 'When I tried 10 times, notice being impossible', 0, 0, '2017-05-13 11:42:05', '2017-05-14 01:06:48'),
(9, 16, 7, 0, 'When I tried 10 times, notice being impossible sdfs', 0, 0, '2017-05-13 11:42:08', '2017-05-14 01:06:51'),
(10, 16, 8, 0, 'When I tried 10 times, notice being impossible sdfs sdfsdf', 0, 0, '2017-05-13 11:42:11', '2017-05-14 01:06:54'),
(12, 16, 6, 0, 'When I tried 10 times, notice being impossible sdfs sdfsdf sdfsdf sdfsdf', 0, 0, '2017-05-13 11:42:17', '2017-05-14 01:07:00'),
(16, 16, 8, 0, 'When I tried 10 times, notice being impossible sdfs sdfsdf sdfsdf sdfsdf sdfsdf sdfsdf sdfsdf sfsdfds', 0, 0, '2017-05-13 11:42:29', '2017-05-14 01:09:24'),
(17, 16, 8, 0, 'Whaa, notice being impossible sdfs sdfsdf sdfsdf sdfsdf sdfsdf sdfsdf sdfsdf sfsdfds', 0, 0, '2017-05-13 11:42:52', '2017-05-14 01:09:21'),
(18, 16, 7, 0, 'Whaa, notice being impossible sdfs sdfsdf sdfsdf sdfsdf sdfsdf sddfsdf sdfsdf sfsdfds', 0, 0, '2017-05-13 11:42:54', '2017-05-14 01:09:18'),
(19, 16, 7, 0, 'And according to Spanish transfer outlet Don Balon, Real talisman Ronaldo wants Morata - and fellow striker Karim Benzema - sold this summer.', 0, 0, '2017-05-13 11:44:13', '2017-05-14 01:09:16'),
(20, 16, 7, 0, 'And according to Spanish transfer outlet Don Balon, Real talisman Ronaldo wants Morata - and fellow striker Karim Benzema - sold this summer.', 0, 0, '2017-05-13 11:44:15', '2017-05-14 01:09:13'),
(21, 16, 7, 0, 'And according to Spanish transfer outlet Don Balon, Real talisman Ronaldo wants Morata - and fellow striker Karim Benzema - sold this summer.', 0, 0, '2017-05-13 11:44:16', '2017-05-14 01:09:11'),
(22, 16, 6, 0, 'And according to Spanish transfer outlet Don Balon, Real talisman Ronaldo wants Morata - and fellow striker Karim Benzema - sold this summer.', 0, 0, '2017-05-13 11:44:17', '2017-05-14 01:09:09'),
(23, 16, 6, 0, 'And according to Spanish transfer outlet Don Balon, Real talisman Ronaldo wants Morata - and fellow striker Karim Benzema - sold this summer.', 0, 0, '2017-05-13 11:44:19', '2017-05-14 01:09:06'),
(24, 16, 6, 0, 'And according to Spanish transfer outlet Don Balon, Real talisman Ronaldo wants Morata - and fellow striker Karim Benzema - sold this summer.', 0, 0, '2017-05-13 11:44:20', '2017-05-14 01:09:03'),
(25, 16, 6, 0, 'And according to Spanish transfer outlet Don Balon, Real talisman Ronaldo wants Morata - and fellow striker Karim Benzema - sold this summer.', 0, 0, '2017-05-13 11:44:21', '2017-05-14 01:08:59'),
(26, 16, 7, 0, 'And according to Spanish transfer outlet Don Balon, Real talisman Ronaldo wants Morata - and fellow striker Karim Benzema - sold this summer.', 0, 0, '2017-05-13 11:44:23', '2017-05-14 01:08:57'),
(27, 16, 7, 0, 'They claim the Portugal international wants Porto star Andre Silva to replace the pair at the Bernabeu', 0, 0, '2017-05-13 11:44:36', '2017-05-14 01:08:54'),
(28, 16, 8, 0, 'They claim the Portugal international wants Porto star Andre Silva to replace the pair at the Bernabeu', 0, 0, '2017-05-13 11:44:37', '2017-05-14 01:08:52'),
(29, 16, 8, 0, 'They claim the Portugal international wants Porto star Andre Silva to replace the pair at the Bernabeu', 0, 0, '2017-05-13 11:44:39', '2017-05-14 01:08:49'),
(30, 16, 8, 0, 'They claim the Portugal international wants Porto star Andre Silva to replace the pair at the Bernabeu', 0, 0, '2017-05-13 11:44:40', '2017-05-14 01:08:46'),
(34, 16, 8, 0, 'They claim the Portugal international wants Porto star Andre Silva to replace the pair at the Bernabeu', 0, 0, '2017-05-13 11:44:46', '2017-05-14 01:08:34'),
(35, 16, 6, 0, 'They claim the Portugal international wants Porto star Andre Silva to replace the pair at the Bernabeu', 0, 0, '2017-05-13 11:44:48', '2017-05-14 01:08:31'),
(36, 16, 8, 0, 'They claim the Portugal international wants Porto star Andre Silva to replace the pair at the Bernabeu', 0, 0, '2017-05-13 11:44:49', '2017-05-14 01:08:25'),
(37, 16, 7, 0, 'They claim the Portugal international wants Porto star Andre Silva to replace the pair at the Bernabeu', 0, 0, '2017-05-13 11:44:51', '2017-05-14 01:08:22'),
(38, 16, 6, 0, 'They claim the Portugal international wants Porto star Andre Silva to replace the pair at the Bernabeu', 0, 0, '2017-05-13 11:44:52', '2017-05-14 01:08:18'),
(39, 16, 8, 0, 'They claim the Portugal international wants Porto star Andre Silva to replace the pair at the Bernabeu', 0, 0, '2017-05-13 11:44:53', '2017-05-14 01:08:14'),
(40, 16, 8, 0, 'They claim the Portugal international wants Porto star Andre Silva to replace the pair at the Bernabeu', 0, 0, '2017-05-13 11:44:55', '2017-05-14 01:08:12'),
(41, 16, 8, 0, 'They claim the Portugal international wants Porto star Andre Silva to replace the pair at the Bernabeu', 0, 0, '2017-05-13 11:44:56', '2017-05-14 01:08:09'),
(42, 16, 7, 0, 'They claim the Portugal international wants Porto star Andre Silva to replace the pair at the Bernabeu', 0, 0, '2017-05-13 11:44:57', '2017-05-14 01:08:06'),
(43, 17, 7, 0, 'The La Liga star is reportedly desperate to beat his rival Lionel Messi\'s goalscoring records in Spain.\r\n\r\nRonaldo has been promised by Real president Florentino Perez that everyone will help him top the Barcelona ace.', 0, 0, '2017-05-13 11:45:12', '2017-05-14 01:08:02'),
(44, 17, 6, 0, 'The La Liga star is reportedly desperate to beat his rival Lionel Messi\'s goalscoring records in Spain.\r\n\r\nRonaldo has been promised by Real president Florentino Perez that everyone will help him top the Barcelona ace.', 0, 0, '2017-05-13 11:45:13', '2017-05-14 01:07:58'),
(45, 17, 6, 0, 'The La Liga star is reportedly desperate to beat his rival Lionel Messi\'s goalscoring records in Spain.\r\n\r\nRonaldo has been promised by Real president Florentino Perez that everyone will help him top the Barcelona ace.', 0, 0, '2017-05-13 11:45:14', '2017-05-14 01:07:56'),
(46, 17, 6, 0, 'The La Liga star is reportedly desperate to beat his rival Lionel Messi\'s goalscoring records in Spain.\r\n\r\nRonaldo has been promised by Real president Florentino Perez that everyone will help him top the Barcelona ace.', 0, 0, '2017-05-13 11:45:16', '2017-05-14 01:07:53'),
(47, 17, 8, 0, 'The La Liga star is reportedly desperate to beat his rival Lionel Messi\'s goalscoring records in Spain.\r\n\r\nRonaldo has been promised by Real president Florentino Perez that everyone will help him top the Barcelona ace.', 0, 0, '2017-05-13 11:45:18', '2017-05-14 01:07:49'),
(48, 17, 8, 0, 'The La Liga star is reportedly desperate to beat his rival Lionel Messi\'s goalscoring records in Spain.\r\n\r\nRonaldo has been promised by Real president Florentino Perez that everyone will help him top the Barcelona ace.', 0, 0, '2017-05-13 11:45:19', '2017-05-14 01:07:47'),
(53, 12, 8, 0, 'The La Liga star is reportedly desperate to beat his rival Lionel Messi\'s goalscoring records in Spain.\r\n\r\nRonaldo has been promised by Real president Florentino Perez that everyone will help him top the Barcelona ace.', 0, 0, '2017-05-13 11:45:40', '2017-05-14 01:07:32'),
(54, 12, 8, 0, 'The La Liga star is reportedly desperate to beat his rival Lionel Messi\'s goalscoring records in Spain.\r\n\r\nRonaldo has been promised by Real president Florentino Perez that everyone will help him top the Barcelona ace.', 0, 0, '2017-05-13 11:45:41', '2017-05-14 01:07:29'),
(55, 12, 8, 0, 'The La Liga star is reportedly desperate to beat his rival Lionel Messi\'s goalscoring records in Spain.\r\n\r\nRonaldo has been promised by Real president Florentino Perez that everyone will help him top the Barcelona ace.', 0, 0, '2017-05-13 11:45:43', '2017-05-14 01:07:25'),
(56, 12, 8, 0, 'The La Liga star is reportedly desperate to beat his rival Lionel Messi\'s goalscoring records in Spain.\r\n\r\nRonaldo has been promised by Real president Florentino Perez that everyone will help him top the Barcelona ace.', 0, 0, '2017-05-13 11:45:44', '2017-05-14 01:07:23'),
(57, 12, 6, 0, 'The La Liga star is reportedly desperate to beat his rival Lionel Messi\'s goalscoring records in Spain.\r\n\r\nRonaldo has been promised by Real president Florentino Perez that everyone will help him top the Barcelona ace.', 0, 0, '2017-05-13 11:45:45', '2017-05-14 01:07:20'),
(58, 12, 6, 0, 'The La Liga star is reportedly desperate to beat his rival Lionel Messi\'s goalscoring records in Spain.\r\n\r\nRonaldo has been promised by Real president Florentino Perez that everyone will help him top the Barcelona ace.', 0, 0, '2017-05-13 11:45:46', '2017-05-14 01:07:18'),
(59, 12, 7, 0, 'The La Liga star is reportedly desperate to beat his rival Lionel Messi\'s goalscoring records in Spain.\r\n\r\nRonaldo has been promised by Real president Florentino Perez that everyone will help him top the Barcelona ace.', 0, 0, '2017-05-13 11:45:48', '2017-05-14 01:07:15'),
(60, 12, 7, 0, 'The La Liga star is reportedly desperate to beat his rival Lionel Messi\'s goalscoring records in Spain.\r\n\r\nRonaldo has been promised by Real president Florentino Perez that everyone will help him top the Barcelona ace.', 0, 0, '2017-05-13 22:04:15', '2017-05-14 01:07:10'),
(61, 12, 7, 0, 'The La Liga star is reportedly desperate to beat his rival Lionel Messi\'s goalscoring records in Spain.\r\n\r\nRonaldo has been promised by Real president Florentino Perez that everyone will help him top the Barcelona ace.', 0, 0, '2017-05-13 22:04:22', '2017-05-14 01:07:08'),
(62, 14, 8, 0, 'The La Liga star is reportedly desperate to beat his rival Lionel Messi\'s goalscoring records in Spain.\r\n\r\nRonaldo has been promised by Real president Florentino Perez that everyone will help him top the Barcelona ace.', 0, 0, '2017-05-14 03:41:51', '2017-05-14 03:41:51'),
(63, 14, 8, 0, 'The La Liga star is reportedly desperate to beat his rival Lionel Messi\'s goalscoring records in Spain.\r\n\r\nRonaldo has been promised by Real president Florentino Perez that everyone will help him top the Barcelona ace.', 0, 0, '2017-05-14 03:43:37', '2017-05-14 03:43:37'),
(64, 6, 7, 0, 'hrdghdfvfff', 0, 0, '2017-05-19 22:28:39', '2017-05-19 22:28:39'),
(65, 6, 7, 0, 'hrdghdfvffffgvb', 0, 0, '2017-05-19 22:28:43', '2017-05-19 22:28:43'),
(67, 6, 8, 0, 'This sdk df  fjke eew sls dpdps dsf sd e ef', 0, 0, '2017-05-20 05:33:59', '2017-05-20 05:33:59'),
(68, 6, 8, 0, 'This sdk df  fjke eew sls dpdps dsf sd e ef', 0, 0, '2017-05-20 05:47:08', '2017-05-20 05:47:08'),
(69, 6, 8, 0, 'This sdk df  fjke eew sls dpdps dsf sd e ef', 0, 0, '2017-05-20 05:47:56', '2017-05-20 05:47:56'),
(70, 6, 8, 0, 'This sdk df  fjke eew sls dpdps dsf sd e ef', 0, 0, '2017-05-20 05:48:24', '2017-05-20 05:48:24'),
(71, 6, 8, 0, 'This sdk sdfsdtest test df  fjke eew sls dpdps dsf sd e ef', 0, 0, '2017-05-20 05:54:53', '2017-05-20 05:54:53'),
(72, 6, 8, 0, 'This sdk sdfsdtest test df  fjke eew sls dpdps dsf sd e ef', 0, 0, '2017-05-20 05:55:27', '2017-05-20 05:55:27'),
(73, 6, 8, 0, 'This sdk sdfsdtest test df  fjke eew sls dpdps dsf sd e ef', 0, 0, '2017-05-20 05:58:10', '2017-05-20 05:58:10'),
(74, 6, 8, 0, 'This sdk sdfsdtest test df  fjke eew sls dpdps dsf sd e ef', 0, 0, '2017-05-20 05:58:18', '2017-05-20 05:58:18'),
(75, 6, 8, 0, 'This sdk sdfsdtest test df  fjke eew sls dpdps dsf sd e ef', 0, 0, '2017-05-20 05:58:53', '2017-05-20 05:58:53'),
(76, 6, 8, 0, 'fhdjrj', 0, 0, '2017-05-20 06:07:09', '2017-05-20 06:07:09'),
(77, 6, 6, 0, 'hello test', 0, 0, '2017-05-20 06:07:30', '2017-05-20 06:07:30'),
(78, 6, 8, 0, 'Thisd sdk sdfsdtest test df  fjke eew sls dpdps dsf sd e ef', 0, 0, '2017-05-20 06:12:05', '2017-05-20 06:12:05'),
(79, 6, 6, 0, 'uyi', 0, 0, '2017-05-20 06:12:23', '2017-05-20 06:12:23'),
(80, 6, 6, 0, 'ok', 0, 0, '2017-05-20 06:12:27', '2017-05-20 06:12:27'),
(81, 6, 6, 0, 'lol', 0, 0, '2017-05-20 06:12:33', '2017-05-20 06:12:33'),
(82, 6, 6, 0, 'thank you', 0, 0, '2017-05-20 06:12:41', '2017-05-20 06:12:41'),
(85, 6, 6, 0, 'ok', 0, 0, '2017-05-23 22:18:09', '2017-05-23 22:18:09'),
(86, 6, 8, 0, 'ko', 0, 0, '2017-05-30 21:19:53', '2017-05-30 21:19:53'),
(87, 6, 7, 0, 'ytf', 0, 0, '2017-06-01 07:12:01', '2017-06-01 07:12:01'),
(88, 6, 6, 0, 'test in postmates', 0, 0, '2017-06-01 07:14:00', '2017-06-01 07:14:00'),
(90, 6, 8, 0, 'ygch', 0, 0, '2017-06-01 07:14:43', '2017-06-01 07:14:43'),
(91, 6, 6, 0, 'yui', 0, 0, '2017-06-01 07:21:51', '2017-06-01 07:21:51'),
(92, 6, 6, 0, 'pop', 0, 0, '2017-06-01 07:21:59', '2017-06-01 07:21:59'),
(93, 6, 6, 0, 'pop', 0, 0, '2017-06-01 07:27:18', '2017-06-01 07:27:18'),
(94, 6, 8, 0, 'ugg', 0, 0, '2017-06-01 08:04:56', '2017-06-01 08:04:56'),
(95, 6, 11, 0, 'hello', 0, 0, '2017-06-01 08:08:43', '2017-06-01 08:08:43'),
(96, 1005, 18, 0, 'widze tylko czarny ekran. slysze glosy ale nie widze widea. we wczesniejszej wersji widzialem', 0, 0, '2017-06-03 05:56:53', '2017-06-03 05:56:53'),
(97, 1006, 20, 0, 'chuju', 0, 0, '2017-06-03 10:03:36', '2017-06-03 10:03:36'),
(98, 1002, 27, 0, 'vdgvfgb', 0, 0, '2017-06-04 07:06:46', '2017-06-04 07:06:46'),
(99, 1002, 28, 0, 'gsghf', 0, 0, '2017-06-04 07:08:41', '2017-06-04 07:08:41'),
(100, 1002, 25, 0, 'vhdbj', 0, 0, '2017-06-04 07:08:48', '2017-06-04 07:08:48'),
(101, 1003, 28, 0, 'ggsgb', 0, 0, '2017-06-04 07:57:41', '2017-06-04 07:57:41'),
(102, 1006, 30, 0, 'siemanko', 0, 0, '2017-06-06 12:47:30', '2017-06-06 12:47:30'),
(103, 1006, 30, 0, 'jak sie masz?', 0, 0, '2017-06-06 12:48:04', '2017-06-06 12:48:04'),
(104, 1003, 33, 0, 'fdhbd', 0, 0, '2017-06-06 12:53:41', '2017-06-06 12:53:41'),
(105, 1003, 29, 0, 'gdhvd', 0, 0, '2017-06-06 12:53:48', '2017-06-06 12:53:48'),
(106, 1003, 34, 0, 'fhfdh', 0, 0, '2017-06-06 12:53:57', '2017-06-06 12:53:57'),
(107, 1003, 30, 0, 'vjfs', 0, 0, '2017-06-06 12:54:06', '2017-06-06 12:54:06'),
(108, 1006, 32, 0, 'a masz', 0, 0, '2017-06-06 12:54:36', '2017-06-06 12:54:36'),
(109, 1002, 35, 0, 'ggh', 0, 0, '2017-06-08 11:42:03', '2017-06-08 11:42:03'),
(110, 1006, 22, 0, 'fajne', 0, 0, '2017-06-15 04:59:22', '2017-06-15 04:59:22'),
(111, 1011, 36, 0, 'gjfbfhj', 0, 0, '2017-07-06 11:00:00', '2017-07-06 11:00:00'),
(112, 1012, 37, 0, 'hi', 0, 0, '2017-07-26 06:38:51', '2017-07-26 06:38:51'),
(113, 1012, 37, 0, 'ghjkk', 0, 0, '2017-07-26 06:38:56', '2017-07-26 06:38:56'),
(114, 1012, 44, 0, 'gh', 0, 0, '2017-08-01 03:17:17', '2017-08-01 03:17:17'),
(115, 1012, 44, 0, 'cbcn', 0, 0, '2017-08-01 03:17:20', '2017-08-01 03:17:20'),
(116, 1004, 47, 0, 'ggb', 0, 0, '2017-08-05 05:30:51', '2017-08-05 05:30:51'),
(117, 1004, 52, 0, 'ghgb', 0, 0, '2017-08-05 07:32:20', '2017-08-05 07:32:20'),
(118, 1007, 53, 0, 'chjf', 0, 0, '2017-08-05 07:57:51', '2017-08-05 07:57:51'),
(119, 1004, 54, 0, 'fjvxj', 0, 0, '2017-08-10 01:21:25', '2017-08-10 01:21:25'),
(120, 1024, 53, 0, 'OK', 0, 0, '2017-08-10 03:28:29', '2017-08-10 03:28:29'),
(121, 1025, 55, 0, 'vjdv', 0, 0, '2017-08-13 07:46:20', '2017-08-13 07:46:20'),
(122, 1025, 41, 0, 'ghdvv', 0, 0, '2017-08-13 07:58:04', '2017-08-13 07:58:04'),
(123, 1039, 45, 0, 'heja', 0, 0, '2017-08-21 17:33:28', '2017-08-21 17:33:28'),
(124, 1041, 72, 0, 'gjcd', 0, 0, '2017-08-26 04:37:22', '2017-08-26 04:37:22'),
(125, 1048, 107, 0, 'lalala', 0, 0, '2017-09-10 07:51:43', '2017-09-10 07:51:43'),
(126, 1026, 45, 0, 'ghgfhh', 0, 0, '2017-09-11 05:50:18', '2017-09-11 05:50:18');

-- --------------------------------------------------------

--
-- Table structure for table `dribblers`
--

CREATE TABLE `dribblers` (
  `dribbler_id` bigint(20) UNSIGNED NOT NULL,
  `user_id` bigint(20) UNSIGNED NOT NULL,
  `trick_id` bigint(20) UNSIGNED NOT NULL,
  `try_on` bigint(20) UNSIGNED NOT NULL,
  `created_at` timestamp NOT NULL DEFAULT CURRENT_TIMESTAMP,
  `updated_at` timestamp NOT NULL DEFAULT CURRENT_TIMESTAMP ON UPDATE CURRENT_TIMESTAMP
) ENGINE=MyISAM DEFAULT CHARSET=latin1;

--
-- Dumping data for table `dribblers`
--

INSERT INTO `dribblers` (`dribbler_id`, `user_id`, `trick_id`, `try_on`, `created_at`, `updated_at`) VALUES
(1, 6, 1, 1, '2017-04-27 23:01:47', '2017-04-27 23:01:47'),
(2, 6, 1, 5, '2017-04-28 00:48:30', '2017-05-03 02:02:51'),
(3, 6, 1, 8, '2017-05-02 15:34:23', '2017-05-03 02:02:48'),
(4, 6, 1, 5, '2017-05-02 15:36:16', '2017-05-02 15:36:16'),
(5, 20, 1, 1, '2017-05-03 01:55:40', '2017-05-03 01:55:40'),
(6, 19, 1, 5, '2017-05-03 01:55:40', '2017-05-03 01:55:40'),
(7, 18, 1, 5, '2017-05-03 01:56:48', '2017-05-03 01:56:48'),
(8, 17, 1, 8, '2017-05-03 01:56:48', '2017-05-03 01:56:48'),
(9, 16, 1, 8, '2017-05-03 01:56:48', '2017-05-03 01:56:48'),
(10, 15, 1, 7, '2017-05-03 01:56:48', '2017-05-03 01:56:48'),
(11, 14, 1, 8, '2017-05-03 01:56:48', '2017-05-03 01:56:48'),
(12, 13, 1, 9, '2017-05-03 01:56:48', '2017-05-03 01:56:48'),
(13, 12, 1, 8, '2017-05-03 01:56:48', '2017-05-03 01:56:48'),
(14, 11, 1, 7, '2017-05-03 01:56:48', '2017-05-03 01:56:48'),
(15, 10, 1, 10, '2017-05-03 01:56:48', '2017-05-03 01:56:48'),
(16, 6, 1, 5, '2017-05-03 18:18:56', '2017-05-03 18:18:56'),
(17, 6, 1, 5, '2017-05-03 18:23:18', '2017-05-03 18:23:18'),
(18, 4, 1, 8, '2017-05-03 18:24:51', '2017-05-03 18:24:51'),
(19, 6, 1, 8, '2017-05-04 01:38:12', '2017-05-04 01:38:12'),
(20, 6, 1, 10, '2017-05-04 01:40:39', '2017-05-04 01:40:39'),
(21, 6, 1, 9, '2017-05-04 01:42:55', '2017-05-04 01:42:55'),
(22, 6, 2, 7, '2017-05-04 01:44:10', '2017-05-11 05:28:29'),
(23, 1000, 2, 5, '2017-05-05 00:10:27', '2017-05-11 05:28:07'),
(24, 6, 1, 3, '2017-05-12 22:28:11', '2017-05-12 22:28:11'),
(25, 6, 1, 3, '2017-05-12 23:12:22', '2017-05-12 23:12:22'),
(26, 6, 1, 10, '2017-05-19 12:09:13', '2017-05-19 12:09:13'),
(27, 6, 3, 6, '2017-05-19 12:10:16', '2017-05-19 12:10:16'),
(28, 1003, 1, 9, '2017-06-03 04:18:28', '2017-06-03 04:18:28'),
(29, 1003, 1, 3, '2017-06-03 04:18:37', '2017-06-03 04:18:37'),
(30, 1003, 1, 4, '2017-06-03 04:18:41', '2017-06-03 04:18:41'),
(31, 1003, 1, 4, '2017-06-03 04:18:45', '2017-06-03 04:18:45'),
(32, 1003, 1, 7, '2017-06-03 04:21:50', '2017-06-03 04:21:50'),
(33, 1003, 2, 4, '2017-06-03 04:22:46', '2017-06-03 04:22:46'),
(34, 1003, 1, 3, '2017-06-03 04:45:17', '2017-06-03 04:45:17'),
(35, 1003, 1, 10, '2017-06-03 04:51:48', '2017-06-03 04:51:48'),
(36, 1003, 1, 10, '2017-06-03 04:51:52', '2017-06-03 04:51:52'),
(37, 1003, 1, 10, '2017-06-03 04:51:55', '2017-06-03 04:51:55'),
(38, 1003, 1, 10, '2017-06-03 04:51:59', '2017-06-03 04:51:59'),
(39, 1005, 1, 7, '2017-06-03 05:17:23', '2017-06-03 05:17:23'),
(40, 1005, 1, 3, '2017-06-03 05:17:30', '2017-06-03 05:17:30'),
(41, 1005, 2, 5, '2017-06-03 05:57:58', '2017-06-03 05:57:58'),
(42, 1005, 1, 7, '2017-06-03 05:58:39', '2017-06-03 05:58:39'),
(43, 1005, 1, 10, '2017-06-03 06:02:07', '2017-06-03 06:02:07'),
(44, 1006, 1, 6, '2017-06-03 10:01:41', '2017-06-03 10:01:41'),
(45, 1006, 1, 7, '2017-06-03 10:01:49', '2017-06-03 10:01:49'),
(46, 1006, 1, 9, '2017-06-03 10:01:58', '2017-06-03 10:01:58'),
(47, 1006, 1, 7, '2017-06-03 10:02:38', '2017-06-03 10:02:38'),
(48, 1002, 1, 3, '2017-06-04 06:01:18', '2017-06-04 06:01:18'),
(49, 1002, 9, 1, '2017-06-04 07:01:33', '2017-06-04 07:01:33'),
(50, 1002, 9, 5, '2017-06-04 07:01:37', '2017-06-04 07:01:37'),
(51, 1002, 9, 10, '2017-06-04 07:01:41', '2017-06-04 07:01:41'),
(52, 1002, 9, 2, '2017-06-04 07:03:05', '2017-06-04 07:03:05'),
(53, 1002, 9, 8, '2017-06-04 07:05:52', '2017-06-04 07:05:52'),
(54, 1002, 1, 3, '2017-06-04 07:08:21', '2017-06-04 07:08:21'),
(55, 1002, 10, 10, '2017-06-04 07:34:32', '2017-06-04 07:34:32'),
(56, 1002, 10, 10, '2017-06-04 07:34:37', '2017-06-04 07:34:37'),
(57, 1002, 10, 10, '2017-06-04 07:34:42', '2017-06-04 07:34:42'),
(58, 1002, 10, 10, '2017-06-04 07:34:46', '2017-06-04 07:34:46'),
(59, 1002, 10, 10, '2017-06-04 07:34:50', '2017-06-04 07:34:50'),
(60, 1002, 10, 10, '2017-06-04 07:34:53', '2017-06-04 07:34:53'),
(61, 1002, 10, 10, '2017-06-04 07:34:57', '2017-06-04 07:34:57'),
(62, 1002, 10, 10, '2017-06-04 07:35:01', '2017-06-04 07:35:01'),
(63, 1002, 10, 10, '2017-06-04 07:35:15', '2017-06-04 07:35:15'),
(64, 1002, 10, 10, '2017-06-04 07:35:18', '2017-06-04 07:35:18'),
(65, 1002, 10, 10, '2017-06-04 07:35:34', '2017-06-04 07:35:34'),
(66, 6, 2, 10, '2017-06-06 12:30:37', '2017-06-06 12:30:37'),
(67, 1006, 8, 8, '2017-06-06 12:46:01', '2017-06-06 12:46:01'),
(68, 1003, 8, 9, '2017-06-06 12:46:53', '2017-06-06 12:46:53'),
(69, 1003, 8, 3, '2017-06-06 12:48:24', '2017-06-06 12:48:24'),
(70, 1003, 8, 3, '2017-06-06 12:49:31', '2017-06-06 12:49:31'),
(71, 1006, 8, 4, '2017-06-06 12:49:55', '2017-06-06 12:49:55'),
(72, 1006, 8, 3, '2017-06-06 12:49:58', '2017-06-06 12:49:58'),
(73, 1002, 8, 3, '2017-06-06 13:09:37', '2017-06-06 13:09:37'),
(74, 1006, 1, 10, '2017-06-06 13:12:17', '2017-06-06 13:12:17'),
(75, 1006, 9, 10, '2017-06-06 13:12:41', '2017-06-06 13:12:41'),
(76, 1006, 1, 10, '2017-06-06 13:13:05', '2017-06-06 13:13:05'),
(77, 1006, 1, 10, '2017-06-06 13:13:10', '2017-06-06 13:13:10'),
(78, 1006, 1, 10, '2017-06-06 13:13:14', '2017-06-06 13:13:14'),
(79, 1006, 1, 10, '2017-06-06 13:13:18', '2017-06-06 13:13:18'),
(80, 1006, 1, 6, '2017-06-08 04:27:10', '2017-06-08 04:27:10'),
(81, 1002, 2, 5, '2017-06-08 11:40:02', '2017-06-08 11:40:02'),
(82, 1006, 3, 9, '2017-06-15 04:54:09', '2017-06-15 04:54:09'),
(83, 1006, 3, 3, '2017-06-15 04:54:17', '2017-06-15 04:54:17'),
(84, 1006, 1, 7, '2017-06-27 08:53:12', '2017-06-27 08:53:12'),
(85, 1011, 1, 9, '2017-07-06 10:58:45', '2017-07-06 10:58:45'),
(86, 1011, 3, 10, '2017-07-06 11:00:56', '2017-07-06 11:00:56'),
(87, 1011, 3, 10, '2017-07-06 11:01:01', '2017-07-06 11:01:01'),
(88, 1011, 1, 7, '2017-07-06 11:01:53', '2017-07-06 11:01:53'),
(89, 1011, 3, 8, '2017-07-06 11:01:59', '2017-07-06 11:01:59'),
(90, 1011, 5, 7, '2017-07-06 11:02:04', '2017-07-06 11:02:04'),
(91, 1011, 7, 7, '2017-07-06 11:02:14', '2017-07-06 11:02:14'),
(92, 1011, 9, 10, '2017-07-06 11:02:20', '2017-07-06 11:02:20'),
(93, 1011, 2, 8, '2017-07-06 11:02:53', '2017-07-06 11:02:53'),
(94, 1012, 1, 3, '2017-07-26 06:31:47', '2017-07-26 06:31:47'),
(95, 1012, 2, 1, '2017-07-31 10:15:41', '2017-07-31 10:15:41'),
(96, 1012, 2, 2, '2017-07-31 10:16:00', '2017-07-31 10:16:00'),
(97, 1012, 2, 3, '2017-07-31 10:16:56', '2017-07-31 10:16:56'),
(98, 1012, 3, 3, '2017-07-31 11:04:31', '2017-07-31 11:04:31'),
(99, 1012, 3, 3, '2017-08-01 02:34:25', '2017-08-01 02:34:25'),
(100, 1012, 2, 3, '2017-08-01 02:50:11', '2017-08-01 02:50:11'),
(101, 1012, 1, 3, '2017-08-01 02:59:04', '2017-08-01 02:59:04'),
(102, 1012, 1, 3, '2017-08-01 03:00:04', '2017-08-01 03:00:04'),
(103, 1011, 8, 7, '2017-08-01 12:25:49', '2017-08-01 12:25:49'),
(104, 1011, 1, 7, '2017-08-02 08:46:03', '2017-08-02 08:46:03'),
(105, 1011, 1, 10, '2017-08-02 08:46:07', '2017-08-02 08:46:07'),
(106, 1011, 2, 8, '2017-08-02 08:46:11', '2017-08-02 08:46:11'),
(107, 1011, 4, 10, '2017-08-02 08:46:17', '2017-08-02 08:46:17'),
(108, 1011, 8, 8, '2017-08-02 08:46:21', '2017-08-02 08:46:21'),
(109, 1011, 8, 8, '2017-08-02 08:46:23', '2017-08-02 08:46:23'),
(110, 1011, 8, 8, '2017-08-02 08:46:26', '2017-08-02 08:46:26'),
(111, 1011, 8, 10, '2017-08-02 08:46:30', '2017-08-02 08:46:30'),
(112, 1011, 8, 10, '2017-08-02 08:46:32', '2017-08-02 08:46:32'),
(113, 1009, 8, 9, '2017-08-05 05:18:28', '2017-08-05 05:18:28'),
(114, 1009, 8, 3, '2017-08-05 05:18:57', '2017-08-05 05:18:57'),
(115, 1004, 5, 4, '2017-08-05 05:24:53', '2017-08-05 05:24:53'),
(116, 1004, 5, 8, '2017-08-05 05:24:56', '2017-08-05 05:24:56'),
(117, 1004, 5, 7, '2017-08-05 05:24:58', '2017-08-05 05:24:58'),
(118, 1004, 5, 7, '2017-08-05 05:25:01', '2017-08-05 05:25:01'),
(119, 1004, 5, 3, '2017-08-05 05:25:14', '2017-08-05 05:25:14'),
(120, 1004, 5, 8, '2017-08-05 05:25:31', '2017-08-05 05:25:31'),
(121, 1004, 5, 3, '2017-08-05 05:25:45', '2017-08-05 05:25:45'),
(122, 1004, 1, 3, '2017-08-05 05:26:18', '2017-08-05 05:26:18'),
(123, 1004, 1, 3, '2017-08-05 05:26:19', '2017-08-05 05:26:19'),
(124, 1004, 1, 8, '2017-08-05 05:26:22', '2017-08-05 05:26:22'),
(125, 1004, 1, 9, '2017-08-05 05:26:25', '2017-08-05 05:26:25'),
(126, 1004, 1, 9, '2017-08-05 05:26:27', '2017-08-05 05:26:27'),
(127, 1004, 1, 9, '2017-08-05 05:26:29', '2017-08-05 05:26:29'),
(128, 1004, 1, 8, '2017-08-05 05:26:36', '2017-08-05 05:26:36'),
(129, 1004, 1, 9, '2017-08-05 05:26:37', '2017-08-05 05:26:37'),
(130, 1004, 2, 3, '2017-08-05 05:26:41', '2017-08-05 05:26:41'),
(131, 1004, 2, 3, '2017-08-05 05:26:43', '2017-08-05 05:26:43'),
(132, 1004, 2, 3, '2017-08-05 05:26:44', '2017-08-05 05:26:44'),
(133, 1004, 2, 3, '2017-08-05 05:26:45', '2017-08-05 05:26:45'),
(134, 1004, 2, 8, '2017-08-05 05:26:46', '2017-08-05 05:26:46'),
(135, 1004, 2, 8, '2017-08-05 05:26:48', '2017-08-05 05:26:48'),
(136, 1004, 2, 8, '2017-08-05 05:26:50', '2017-08-05 05:26:50'),
(137, 1004, 2, 8, '2017-08-05 05:26:52', '2017-08-05 05:26:52'),
(138, 1004, 2, 7, '2017-08-05 05:26:53', '2017-08-05 05:26:53'),
(139, 1004, 2, 3, '2017-08-05 05:26:54', '2017-08-05 05:26:54'),
(140, 1004, 2, 8, '2017-08-05 05:26:56', '2017-08-05 05:26:56'),
(141, 1004, 8, 3, '2017-08-05 05:27:17', '2017-08-05 05:27:17'),
(142, 1004, 8, 3, '2017-08-05 05:27:17', '2017-08-05 05:27:17'),
(143, 1004, 8, 3, '2017-08-05 05:27:18', '2017-08-05 05:27:18'),
(144, 1004, 8, 3, '2017-08-05 05:27:19', '2017-08-05 05:27:19'),
(145, 1004, 8, 3, '2017-08-05 05:27:20', '2017-08-05 05:27:20'),
(146, 1004, 8, 3, '2017-08-05 05:27:21', '2017-08-05 05:27:21'),
(147, 1004, 8, 8, '2017-08-05 05:27:23', '2017-08-05 05:27:23'),
(148, 1004, 8, 9, '2017-08-05 05:27:24', '2017-08-05 05:27:24'),
(149, 1004, 8, 8, '2017-08-05 05:27:26', '2017-08-05 05:27:26'),
(150, 1004, 8, 8, '2017-08-05 05:27:27', '2017-08-05 05:27:27'),
(151, 1004, 8, 8, '2017-08-05 05:27:29', '2017-08-05 05:27:29'),
(152, 1004, 10, 3, '2017-08-05 05:27:36', '2017-08-05 05:27:36'),
(153, 1004, 10, 3, '2017-08-05 05:27:37', '2017-08-05 05:27:37'),
(154, 1004, 10, 3, '2017-08-05 05:27:38', '2017-08-05 05:27:38'),
(155, 1004, 10, 3, '2017-08-05 05:27:38', '2017-08-05 05:27:38'),
(156, 1004, 10, 3, '2017-08-05 05:27:39', '2017-08-05 05:27:39'),
(157, 1004, 10, 9, '2017-08-05 05:27:41', '2017-08-05 05:27:41'),
(158, 1004, 10, 9, '2017-08-05 05:27:42', '2017-08-05 05:27:42'),
(159, 1004, 10, 8, '2017-08-05 05:27:44', '2017-08-05 05:27:44'),
(160, 1004, 10, 8, '2017-08-05 05:27:46', '2017-08-05 05:27:46'),
(161, 1004, 10, 9, '2017-08-05 05:27:48', '2017-08-05 05:27:48'),
(162, 1004, 10, 9, '2017-08-05 05:27:49', '2017-08-05 05:27:49'),
(163, 1004, 10, 8, '2017-08-05 05:27:51', '2017-08-05 05:27:51'),
(164, 1004, 8, 3, '2017-08-05 05:28:12', '2017-08-05 05:28:12'),
(165, 1004, 8, 3, '2017-08-05 05:28:13', '2017-08-05 05:28:13'),
(166, 1004, 8, 3, '2017-08-05 05:28:14', '2017-08-05 05:28:14'),
(167, 1004, 8, 3, '2017-08-05 05:28:14', '2017-08-05 05:28:14'),
(168, 1004, 8, 3, '2017-08-05 05:28:15', '2017-08-05 05:28:15'),
(169, 1004, 8, 3, '2017-08-05 05:28:16', '2017-08-05 05:28:16'),
(170, 1004, 8, 3, '2017-08-05 05:28:16', '2017-08-05 05:28:16'),
(171, 1004, 1, 3, '2017-08-05 05:28:26', '2017-08-05 05:28:26'),
(172, 1004, 1, 3, '2017-08-05 05:28:27', '2017-08-05 05:28:27'),
(173, 1004, 1, 3, '2017-08-05 05:28:27', '2017-08-05 05:28:27'),
(174, 1004, 1, 3, '2017-08-05 05:28:28', '2017-08-05 05:28:28'),
(175, 1004, 9, 3, '2017-08-05 05:28:37', '2017-08-05 05:28:37'),
(176, 1004, 9, 8, '2017-08-05 05:28:39', '2017-08-05 05:28:39'),
(177, 1004, 9, 7, '2017-08-05 05:28:40', '2017-08-05 05:28:40'),
(178, 1004, 9, 7, '2017-08-05 05:28:42', '2017-08-05 05:28:42'),
(179, 1004, 9, 7, '2017-08-05 05:28:44', '2017-08-05 05:28:44'),
(180, 1004, 9, 7, '2017-08-05 05:28:46', '2017-08-05 05:28:46'),
(181, 1004, 9, 7, '2017-08-05 05:28:47', '2017-08-05 05:28:47'),
(182, 1004, 9, 7, '2017-08-05 05:28:48', '2017-08-05 05:28:48'),
(183, 1004, 9, 7, '2017-08-05 05:28:50', '2017-08-05 05:28:50'),
(184, 1004, 9, 7, '2017-08-05 05:28:51', '2017-08-05 05:28:51'),
(185, 1004, 9, 7, '2017-08-05 05:28:52', '2017-08-05 05:28:52'),
(186, 1004, 9, 6, '2017-08-05 05:28:54', '2017-08-05 05:28:54'),
(187, 1004, 9, 7, '2017-08-05 05:28:55', '2017-08-05 05:28:55'),
(188, 1004, 9, 7, '2017-08-05 05:28:57', '2017-08-05 05:28:57'),
(189, 1004, 9, 7, '2017-08-05 05:28:58', '2017-08-05 05:28:58'),
(190, 1004, 8, 7, '2017-08-05 05:29:04', '2017-08-05 05:29:04'),
(191, 1004, 8, 7, '2017-08-05 05:29:06', '2017-08-05 05:29:06'),
(192, 1004, 8, 7, '2017-08-05 05:29:07', '2017-08-05 05:29:07'),
(193, 1004, 8, 7, '2017-08-05 05:29:08', '2017-08-05 05:29:08'),
(194, 1004, 8, 7, '2017-08-05 05:29:10', '2017-08-05 05:29:10'),
(195, 1004, 8, 8, '2017-08-05 05:29:11', '2017-08-05 05:29:11'),
(196, 1004, 8, 7, '2017-08-05 05:29:12', '2017-08-05 05:29:12'),
(197, 1004, 8, 8, '2017-08-05 05:29:13', '2017-08-05 05:29:13'),
(198, 1004, 8, 6, '2017-08-05 05:29:15', '2017-08-05 05:29:15'),
(199, 1004, 8, 7, '2017-08-05 05:29:17', '2017-08-05 05:29:17'),
(200, 1004, 8, 7, '2017-08-05 05:29:19', '2017-08-05 05:29:19'),
(201, 1004, 8, 8, '2017-08-05 05:29:20', '2017-08-05 05:29:20'),
(202, 1004, 8, 7, '2017-08-05 05:29:21', '2017-08-05 05:29:21'),
(203, 1004, 8, 7, '2017-08-05 05:29:23', '2017-08-05 05:29:23'),
(204, 1004, 8, 8, '2017-08-05 05:29:24', '2017-08-05 05:29:24'),
(205, 1004, 7, 7, '2017-08-05 05:29:32', '2017-08-05 05:29:32'),
(206, 1004, 7, 7, '2017-08-05 05:29:34', '2017-08-05 05:29:34'),
(207, 1004, 7, 7, '2017-08-05 05:29:36', '2017-08-05 05:29:36'),
(208, 1004, 7, 7, '2017-08-05 05:29:38', '2017-08-05 05:29:38'),
(209, 1004, 7, 9, '2017-08-05 05:29:39', '2017-08-05 05:29:39'),
(210, 1004, 7, 7, '2017-08-05 05:29:41', '2017-08-05 05:29:41'),
(211, 1004, 7, 8, '2017-08-05 05:29:42', '2017-08-05 05:29:42'),
(212, 1004, 7, 7, '2017-08-05 05:29:43', '2017-08-05 05:29:43'),
(213, 1004, 7, 7, '2017-08-05 05:29:45', '2017-08-05 05:29:45'),
(214, 1004, 7, 7, '2017-08-05 05:29:46', '2017-08-05 05:29:46'),
(215, 1004, 7, 7, '2017-08-05 05:29:47', '2017-08-05 05:29:47'),
(216, 1004, 7, 5, '2017-08-05 05:29:49', '2017-08-05 05:29:49'),
(217, 1004, 7, 7, '2017-08-05 05:29:50', '2017-08-05 05:29:50'),
(218, 1004, 7, 8, '2017-08-05 05:29:52', '2017-08-05 05:29:52'),
(219, 1004, 3, 3, '2017-08-05 05:47:27', '2017-08-05 05:47:27'),
(220, 1004, 3, 3, '2017-08-05 05:47:29', '2017-08-05 05:47:29'),
(221, 1004, 3, 3, '2017-08-05 05:47:29', '2017-08-05 05:47:29'),
(222, 1004, 3, 8, '2017-08-05 05:47:31', '2017-08-05 05:47:31'),
(223, 1004, 3, 9, '2017-08-05 05:47:33', '2017-08-05 05:47:33'),
(224, 1004, 3, 9, '2017-08-05 05:47:34', '2017-08-05 05:47:34'),
(225, 1004, 3, 8, '2017-08-05 05:47:36', '2017-08-05 05:47:36'),
(226, 1004, 3, 8, '2017-08-05 05:47:37', '2017-08-05 05:47:37'),
(227, 1004, 3, 9, '2017-08-05 05:47:39', '2017-08-05 05:47:39'),
(228, 1004, 3, 9, '2017-08-05 05:47:40', '2017-08-05 05:47:40'),
(229, 1004, 3, 9, '2017-08-05 05:47:41', '2017-08-05 05:47:41'),
(230, 1004, 3, 9, '2017-08-05 05:47:43', '2017-08-05 05:47:43'),
(231, 1004, 3, 9, '2017-08-05 05:47:44', '2017-08-05 05:47:44'),
(232, 1004, 3, 9, '2017-08-05 05:47:45', '2017-08-05 05:47:45'),
(233, 1004, 3, 9, '2017-08-05 05:47:47', '2017-08-05 05:47:47'),
(234, 1004, 3, 9, '2017-08-05 05:47:48', '2017-08-05 05:47:48'),
(235, 1004, 3, 9, '2017-08-05 05:47:50', '2017-08-05 05:47:50'),
(236, 1004, 3, 8, '2017-08-05 05:47:51', '2017-08-05 05:47:51'),
(237, 1004, 1, 10, '2017-08-05 05:49:53', '2017-08-05 05:49:53'),
(238, 1014, 1, 10, '2017-08-05 05:58:54', '2017-08-05 05:58:54'),
(239, 1014, 1, 10, '2017-08-05 05:58:57', '2017-08-05 05:58:57'),
(240, 1014, 1, 10, '2017-08-05 05:58:59', '2017-08-05 05:58:59'),
(241, 1014, 1, 10, '2017-08-05 05:59:02', '2017-08-05 05:59:02'),
(242, 1004, 1, 10, '2017-08-05 06:21:01', '2017-08-05 06:21:01'),
(243, 1004, 1, 10, '2017-08-05 06:21:04', '2017-08-05 06:21:04'),
(244, 1004, 1, 10, '2017-08-05 06:21:06', '2017-08-05 06:21:06'),
(245, 1004, 1, 9, '2017-08-05 06:21:08', '2017-08-05 06:21:08'),
(246, 1004, 1, 9, '2017-08-05 06:21:11', '2017-08-05 06:21:11'),
(247, 1004, 1, 9, '2017-08-05 06:21:13', '2017-08-05 06:21:13'),
(248, 1004, 1, 9, '2017-08-05 06:21:16', '2017-08-05 06:21:16'),
(249, 1004, 1, 10, '2017-08-05 06:21:18', '2017-08-05 06:21:18'),
(250, 1004, 1, 8, '2017-08-05 06:21:20', '2017-08-05 06:21:20'),
(251, 1004, 1, 9, '2017-08-05 06:21:22', '2017-08-05 06:21:22'),
(252, 1004, 1, 10, '2017-08-05 06:34:55', '2017-08-05 06:34:55'),
(253, 1004, 1, 10, '2017-08-05 07:05:33', '2017-08-05 07:05:33'),
(254, 1004, 1, 10, '2017-08-05 07:05:37', '2017-08-05 07:05:37'),
(255, 1004, 1, 10, '2017-08-05 07:05:39', '2017-08-05 07:05:39'),
(256, 1004, 1, 10, '2017-08-05 07:05:42', '2017-08-05 07:05:42'),
(257, 1004, 1, 10, '2017-08-05 07:05:44', '2017-08-05 07:05:44'),
(258, 1004, 1, 10, '2017-08-05 07:05:47', '2017-08-05 07:05:47'),
(259, 1004, 1, 10, '2017-08-05 07:05:49', '2017-08-05 07:05:49'),
(260, 1004, 1, 10, '2017-08-05 07:05:51', '2017-08-05 07:05:51'),
(261, 1004, 1, 10, '2017-08-05 07:05:53', '2017-08-05 07:05:53'),
(262, 1004, 1, 10, '2017-08-05 07:05:55', '2017-08-05 07:05:55'),
(263, 1004, 1, 10, '2017-08-05 07:05:57', '2017-08-05 07:05:57'),
(264, 1004, 1, 10, '2017-08-05 07:06:00', '2017-08-05 07:06:00'),
(265, 1007, 1, 7, '2017-08-05 07:56:55', '2017-08-05 07:56:55'),
(266, 1007, 1, 7, '2017-08-05 07:57:15', '2017-08-05 07:57:15'),
(267, 1007, 1, 2, '2017-08-05 07:57:30', '2017-08-05 07:57:30'),
(268, 1012, 1, 7, '2017-08-06 01:11:04', '2017-08-06 01:11:04'),
(269, 1024, 1, 3, '2017-08-10 03:26:11', '2017-08-10 03:26:11'),
(270, 1025, 1, 9, '2017-08-13 07:46:07', '2017-08-13 07:46:07'),
(271, 1012, 1, 10, '2017-08-17 08:39:41', '2017-08-17 08:39:41'),
(272, 1026, 3, 8, '2017-08-20 03:37:08', '2017-08-20 03:37:08'),
(273, 1026, 3, 3, '2017-08-20 03:37:14', '2017-08-20 03:37:14'),
(274, 1026, 3, 8, '2017-08-20 03:37:21', '2017-08-20 03:37:21'),
(275, 1026, 3, 8, '2017-08-20 03:37:26', '2017-08-20 03:37:26'),
(276, 1026, 3, 10, '2017-08-20 03:37:35', '2017-08-20 03:37:35'),
(277, 1026, 3, 9, '2017-08-20 03:37:45', '2017-08-20 03:37:45'),
(278, 1026, 3, 10, '2017-08-20 03:38:01', '2017-08-20 03:38:01'),
(279, 1026, 3, 8, '2017-08-20 03:38:07', '2017-08-20 03:38:07'),
(280, 1026, 3, 9, '2017-08-20 03:38:16', '2017-08-20 03:38:16'),
(281, 1026, 3, 9, '2017-08-20 03:38:22', '2017-08-20 03:38:22'),
(282, 1026, 3, 10, '2017-08-20 03:38:38', '2017-08-20 03:38:38'),
(283, 1026, 3, 10, '2017-08-20 03:38:44', '2017-08-20 03:38:44'),
(284, 1026, 3, 10, '2017-08-20 03:38:51', '2017-08-20 03:38:51'),
(285, 1026, 1, 9, '2017-08-20 05:51:30', '2017-08-20 05:51:30'),
(286, 1026, 1, 9, '2017-08-20 05:51:33', '2017-08-20 05:51:33'),
(287, 1026, 1, 8, '2017-08-20 05:51:36', '2017-08-20 05:51:36'),
(288, 1026, 1, 8, '2017-08-20 05:51:39', '2017-08-20 05:51:39'),
(289, 1026, 1, 9, '2017-08-20 05:51:41', '2017-08-20 05:51:41'),
(290, 1026, 1, 8, '2017-08-20 05:51:44', '2017-08-20 05:51:44'),
(291, 1026, 1, 7, '2017-08-20 05:51:47', '2017-08-20 05:51:47'),
(292, 1026, 1, 7, '2017-08-20 05:51:50', '2017-08-20 05:51:50'),
(293, 1026, 1, 9, '2017-08-20 05:51:52', '2017-08-20 05:51:52'),
(294, 1026, 1, 9, '2017-08-20 05:51:54', '2017-08-20 05:51:54'),
(295, 1026, 1, 9, '2017-08-20 05:51:56', '2017-08-20 05:51:56'),
(296, 1026, 2, 9, '2017-08-20 05:52:14', '2017-08-20 05:52:14'),
(297, 1026, 2, 9, '2017-08-20 05:52:16', '2017-08-20 05:52:16'),
(298, 1026, 2, 10, '2017-08-20 05:52:18', '2017-08-20 05:52:18'),
(299, 1026, 2, 9, '2017-08-20 05:52:20', '2017-08-20 05:52:20'),
(300, 1026, 2, 9, '2017-08-20 05:52:22', '2017-08-20 05:52:22'),
(301, 1026, 2, 9, '2017-08-20 05:52:24', '2017-08-20 05:52:24'),
(302, 1026, 2, 9, '2017-08-20 05:52:26', '2017-08-20 05:52:26'),
(303, 1026, 2, 9, '2017-08-20 05:52:28', '2017-08-20 05:52:28'),
(304, 1026, 2, 9, '2017-08-20 05:52:30', '2017-08-20 05:52:30'),
(305, 1026, 2, 10, '2017-08-20 05:52:32', '2017-08-20 05:52:32'),
(306, 1026, 2, 9, '2017-08-20 05:52:34', '2017-08-20 05:52:34'),
(307, 1026, 2, 8, '2017-08-20 05:52:36', '2017-08-20 05:52:36'),
(308, 1026, 4, 10, '2017-08-20 05:52:54', '2017-08-20 05:52:54'),
(309, 1026, 4, 9, '2017-08-20 05:52:57', '2017-08-20 05:52:57'),
(310, 1026, 4, 9, '2017-08-20 05:52:59', '2017-08-20 05:52:59'),
(311, 1026, 4, 9, '2017-08-20 05:53:01', '2017-08-20 05:53:01'),
(312, 1026, 4, 9, '2017-08-20 05:53:03', '2017-08-20 05:53:03'),
(313, 1026, 4, 8, '2017-08-20 05:53:05', '2017-08-20 05:53:05'),
(314, 1026, 4, 9, '2017-08-20 05:53:07', '2017-08-20 05:53:07'),
(315, 1026, 4, 9, '2017-08-20 05:53:09', '2017-08-20 05:53:09'),
(316, 1026, 4, 8, '2017-08-20 05:53:11', '2017-08-20 05:53:11'),
(317, 1026, 4, 8, '2017-08-20 05:53:13', '2017-08-20 05:53:13'),
(318, 1026, 4, 8, '2017-08-20 05:53:14', '2017-08-20 05:53:14'),
(319, 1026, 4, 8, '2017-08-20 05:53:16', '2017-08-20 05:53:16'),
(320, 1026, 4, 9, '2017-08-20 05:53:18', '2017-08-20 05:53:18'),
(321, 1026, 5, 10, '2017-08-20 05:53:41', '2017-08-20 05:53:41'),
(322, 1026, 5, 9, '2017-08-20 05:53:43', '2017-08-20 05:53:43'),
(323, 1026, 5, 9, '2017-08-20 05:53:45', '2017-08-20 05:53:45'),
(324, 1026, 5, 9, '2017-08-20 05:53:47', '2017-08-20 05:53:47'),
(325, 1026, 5, 9, '2017-08-20 05:53:49', '2017-08-20 05:53:49'),
(326, 1026, 5, 9, '2017-08-20 05:53:51', '2017-08-20 05:53:51'),
(327, 1026, 5, 9, '2017-08-20 05:53:52', '2017-08-20 05:53:52'),
(328, 1026, 5, 9, '2017-08-20 05:53:54', '2017-08-20 05:53:54'),
(329, 1026, 5, 8, '2017-08-20 05:53:56', '2017-08-20 05:53:56'),
(330, 1026, 5, 9, '2017-08-20 05:53:58', '2017-08-20 05:53:58'),
(331, 1026, 6, 8, '2017-08-20 05:54:14', '2017-08-20 05:54:14'),
(332, 1026, 6, 9, '2017-08-20 05:54:16', '2017-08-20 05:54:16'),
(333, 1026, 6, 8, '2017-08-20 05:54:18', '2017-08-20 05:54:18'),
(334, 1026, 6, 9, '2017-08-20 05:54:20', '2017-08-20 05:54:20'),
(335, 1026, 6, 8, '2017-08-20 05:54:22', '2017-08-20 05:54:22'),
(336, 1026, 6, 8, '2017-08-20 05:54:24', '2017-08-20 05:54:24'),
(337, 1026, 6, 8, '2017-08-20 05:54:26', '2017-08-20 05:54:26'),
(338, 1026, 6, 8, '2017-08-20 05:54:28', '2017-08-20 05:54:28'),
(339, 1026, 6, 8, '2017-08-20 05:54:30', '2017-08-20 05:54:30'),
(340, 1026, 6, 9, '2017-08-20 05:54:32', '2017-08-20 05:54:32'),
(341, 1026, 6, 9, '2017-08-20 05:54:34', '2017-08-20 05:54:34'),
(342, 1026, 6, 9, '2017-08-20 05:54:36', '2017-08-20 05:54:36'),
(343, 1026, 7, 9, '2017-08-20 05:54:52', '2017-08-20 05:54:52'),
(344, 1026, 7, 10, '2017-08-20 05:54:54', '2017-08-20 05:54:54'),
(345, 1026, 7, 9, '2017-08-20 05:54:56', '2017-08-20 05:54:56'),
(346, 1026, 7, 9, '2017-08-20 05:54:57', '2017-08-20 05:54:57'),
(347, 1026, 7, 9, '2017-08-20 05:54:59', '2017-08-20 05:54:59'),
(348, 1026, 7, 9, '2017-08-20 05:55:01', '2017-08-20 05:55:01'),
(349, 1026, 7, 9, '2017-08-20 05:55:03', '2017-08-20 05:55:03'),
(350, 1026, 7, 9, '2017-08-20 05:55:05', '2017-08-20 05:55:05'),
(351, 1026, 7, 9, '2017-08-20 05:55:07', '2017-08-20 05:55:07'),
(352, 1026, 7, 8, '2017-08-20 05:55:08', '2017-08-20 05:55:08'),
(353, 1026, 7, 9, '2017-08-20 05:55:10', '2017-08-20 05:55:10'),
(354, 1026, 7, 9, '2017-08-20 05:55:12', '2017-08-20 05:55:12'),
(355, 1026, 7, 8, '2017-08-20 05:55:14', '2017-08-20 05:55:14'),
(356, 1026, 7, 8, '2017-08-20 05:55:16', '2017-08-20 05:55:16'),
(357, 1026, 7, 8, '2017-08-20 05:55:17', '2017-08-20 05:55:17'),
(358, 1026, 7, 8, '2017-08-20 05:55:19', '2017-08-20 05:55:19'),
(359, 1026, 7, 8, '2017-08-20 05:55:21', '2017-08-20 05:55:21'),
(360, 1026, 8, 9, '2017-08-20 05:55:40', '2017-08-20 05:55:40'),
(361, 1026, 8, 9, '2017-08-20 05:55:42', '2017-08-20 05:55:42'),
(362, 1026, 8, 9, '2017-08-20 05:55:44', '2017-08-20 05:55:44'),
(363, 1026, 8, 9, '2017-08-20 05:55:46', '2017-08-20 05:55:46'),
(364, 1026, 8, 9, '2017-08-20 05:55:47', '2017-08-20 05:55:47'),
(365, 1026, 8, 9, '2017-08-20 05:55:49', '2017-08-20 05:55:49'),
(366, 1026, 8, 9, '2017-08-20 05:55:51', '2017-08-20 05:55:51'),
(367, 1026, 8, 9, '2017-08-20 05:55:52', '2017-08-20 05:55:52'),
(368, 1026, 8, 9, '2017-08-20 05:55:54', '2017-08-20 05:55:54'),
(369, 1026, 8, 9, '2017-08-20 05:55:56', '2017-08-20 05:55:56'),
(370, 1026, 8, 9, '2017-08-20 05:55:58', '2017-08-20 05:55:58'),
(371, 1026, 8, 9, '2017-08-20 05:55:59', '2017-08-20 05:55:59'),
(372, 1026, 9, 9, '2017-08-20 05:56:25', '2017-08-20 05:56:25'),
(373, 1026, 9, 10, '2017-08-20 05:56:27', '2017-08-20 05:56:27'),
(374, 1026, 9, 9, '2017-08-20 05:56:29', '2017-08-20 05:56:29'),
(375, 1026, 9, 9, '2017-08-20 05:56:31', '2017-08-20 05:56:31'),
(376, 1026, 9, 9, '2017-08-20 05:56:32', '2017-08-20 05:56:32'),
(377, 1026, 9, 9, '2017-08-20 05:56:34', '2017-08-20 05:56:34'),
(378, 1026, 9, 9, '2017-08-20 05:56:36', '2017-08-20 05:56:36'),
(379, 1026, 9, 9, '2017-08-20 05:56:38', '2017-08-20 05:56:38'),
(380, 1026, 9, 9, '2017-08-20 05:56:39', '2017-08-20 05:56:39'),
(381, 1026, 9, 9, '2017-08-20 05:56:41', '2017-08-20 05:56:41'),
(382, 1026, 9, 9, '2017-08-20 05:56:42', '2017-08-20 05:56:42'),
(383, 1026, 9, 9, '2017-08-20 05:56:44', '2017-08-20 05:56:44'),
(384, 1026, 9, 9, '2017-08-20 05:56:46', '2017-08-20 05:56:46'),
(385, 1026, 9, 10, '2017-08-20 05:56:47', '2017-08-20 05:56:47'),
(386, 1026, 9, 9, '2017-08-20 05:56:49', '2017-08-20 05:56:49'),
(387, 1026, 9, 9, '2017-08-20 05:56:51', '2017-08-20 05:56:51'),
(388, 1026, 9, 9, '2017-08-20 05:56:53', '2017-08-20 05:56:53'),
(389, 1026, 9, 9, '2017-08-20 05:56:55', '2017-08-20 05:56:55'),
(390, 1026, 10, 9, '2017-08-20 05:57:19', '2017-08-20 05:57:19'),
(391, 1026, 10, 9, '2017-08-20 05:57:21', '2017-08-20 05:57:21'),
(392, 1026, 10, 9, '2017-08-20 05:57:23', '2017-08-20 05:57:23'),
(393, 1026, 10, 9, '2017-08-20 05:57:25', '2017-08-20 05:57:25'),
(394, 1026, 10, 9, '2017-08-20 05:57:27', '2017-08-20 05:57:27'),
(395, 1026, 10, 9, '2017-08-20 05:57:28', '2017-08-20 05:57:28'),
(396, 1026, 10, 9, '2017-08-20 05:57:30', '2017-08-20 05:57:30'),
(397, 1026, 10, 9, '2017-08-20 05:57:32', '2017-08-20 05:57:32'),
(398, 1026, 10, 9, '2017-08-20 05:57:33', '2017-08-20 05:57:33'),
(399, 1026, 10, 9, '2017-08-20 05:57:35', '2017-08-20 05:57:35'),
(400, 1026, 10, 9, '2017-08-20 05:57:37', '2017-08-20 05:57:37'),
(401, 1026, 10, 9, '2017-08-20 05:57:38', '2017-08-20 05:57:38'),
(402, 1026, 10, 9, '2017-08-20 05:57:40', '2017-08-20 05:57:40'),
(403, 1026, 10, 9, '2017-08-20 05:57:42', '2017-08-20 05:57:42'),
(404, 1006, 1, 7, '2017-08-20 08:34:19', '2017-08-20 08:34:19'),
(405, 1006, 2, 8, '2017-08-20 08:35:56', '2017-08-20 08:35:56'),
(406, 1006, 1, 10, '2017-08-20 08:37:04', '2017-08-20 08:37:04'),
(407, 1006, 1, 9, '2017-08-20 08:37:53', '2017-08-20 08:37:53'),
(408, 1039, 5, 8, '2017-08-21 17:26:04', '2017-08-21 17:26:04'),
(409, 1039, 5, 7, '2017-08-21 17:26:12', '2017-08-21 17:26:12'),
(410, 1039, 5, 8, '2017-08-21 17:26:18', '2017-08-21 17:26:18'),
(411, 1039, 5, 3, '2017-08-21 17:26:34', '2017-08-21 17:26:34'),
(412, 1039, 5, 3, '2017-08-21 17:26:36', '2017-08-21 17:26:36'),
(413, 1039, 5, 6, '2017-08-21 17:26:39', '2017-08-21 17:26:39'),
(414, 1039, 5, 9, '2017-08-21 17:27:01', '2017-08-21 17:27:01'),
(415, 1039, 5, 10, '2017-08-21 17:27:05', '2017-08-21 17:27:05'),
(416, 1039, 5, 10, '2017-08-21 17:27:14', '2017-08-21 17:27:14'),
(417, 1039, 5, 9, '2017-08-21 17:27:21', '2017-08-21 17:27:21'),
(418, 1039, 5, 10, '2017-08-21 17:27:26', '2017-08-21 17:27:26'),
(419, 1039, 5, 9, '2017-08-21 17:28:04', '2017-08-21 17:28:04'),
(420, 1039, 5, 10, '2017-08-21 17:29:01', '2017-08-21 17:29:01'),
(421, 1039, 5, 9, '2017-08-21 17:29:05', '2017-08-21 17:29:05'),
(422, 1039, 3, 9, '2017-08-21 17:29:34', '2017-08-21 17:29:34'),
(423, 1039, 3, 9, '2017-08-21 17:29:39', '2017-08-21 17:29:39'),
(424, 1039, 3, 10, '2017-08-21 17:29:44', '2017-08-21 17:29:44'),
(425, 1039, 3, 8, '2017-08-21 17:29:49', '2017-08-21 17:29:49'),
(426, 1039, 3, 10, '2017-08-21 17:29:53', '2017-08-21 17:29:53'),
(427, 1039, 3, 9, '2017-08-21 17:30:22', '2017-08-21 17:30:22'),
(428, 1039, 3, 10, '2017-08-21 17:31:03', '2017-08-21 17:31:03'),
(429, 1039, 3, 8, '2017-08-21 17:31:07', '2017-08-21 17:31:07'),
(430, 1039, 3, 9, '2017-08-21 17:31:12', '2017-08-21 17:31:12'),
(431, 1039, 3, 7, '2017-08-21 17:31:16', '2017-08-21 17:31:16'),
(432, 1012, 3, 10, '2017-08-23 11:24:44', '2017-08-23 11:24:44'),
(433, 1012, 3, 7, '2017-08-23 11:37:27', '2017-08-23 11:37:27'),
(434, 1041, 3, 9, '2017-08-25 08:46:35', '2017-08-25 08:46:35'),
(435, 1041, 3, 9, '2017-08-25 08:46:41', '2017-08-25 08:46:41'),
(436, 1041, 3, 10, '2017-08-25 08:46:45', '2017-08-25 08:46:45'),
(437, 1041, 3, 10, '2017-08-25 08:46:48', '2017-08-25 08:46:48'),
(438, 1041, 3, 8, '2017-08-25 08:46:51', '2017-08-25 08:46:51'),
(439, 1041, 3, 9, '2017-08-25 08:46:55', '2017-08-25 08:46:55'),
(440, 1041, 3, 9, '2017-08-25 08:46:58', '2017-08-25 08:46:58'),
(441, 1041, 3, 9, '2017-08-25 08:47:01', '2017-08-25 08:47:01'),
(442, 1041, 3, 9, '2017-08-25 08:47:04', '2017-08-25 08:47:04'),
(443, 1041, 3, 9, '2017-08-25 08:47:07', '2017-08-25 08:47:07'),
(444, 1041, 3, 10, '2017-08-25 08:47:10', '2017-08-25 08:47:10'),
(445, 1041, 3, 10, '2017-08-25 08:47:13', '2017-08-25 08:47:13'),
(446, 1041, 3, 9, '2017-08-25 08:47:15', '2017-08-25 08:47:15'),
(447, 1041, 3, 10, '2017-08-25 08:47:18', '2017-08-25 08:47:18'),
(448, 1041, 3, 9, '2017-08-25 08:47:54', '2017-08-25 08:47:54'),
(449, 1041, 3, 10, '2017-08-25 08:47:57', '2017-08-25 08:47:57'),
(450, 1041, 3, 8, '2017-08-25 08:48:01', '2017-08-25 08:48:01'),
(451, 1041, 1, 10, '2017-08-25 09:10:20', '2017-08-25 09:10:20'),
(452, 1041, 1, 10, '2017-08-25 09:10:23', '2017-08-25 09:10:23'),
(453, 1041, 1, 8, '2017-08-25 09:10:26', '2017-08-25 09:10:26'),
(454, 1041, 1, 8, '2017-08-25 09:10:31', '2017-08-25 09:10:31'),
(455, 1041, 1, 8, '2017-08-25 09:10:34', '2017-08-25 09:10:34'),
(456, 1041, 1, 10, '2017-08-25 09:10:36', '2017-08-25 09:10:36'),
(457, 1041, 1, 8, '2017-08-25 09:10:39', '2017-08-25 09:10:39'),
(458, 1041, 1, 9, '2017-08-25 09:10:41', '2017-08-25 09:10:41'),
(459, 1041, 1, 9, '2017-08-25 09:10:43', '2017-08-25 09:10:43'),
(460, 1041, 1, 8, '2017-08-25 09:10:45', '2017-08-25 09:10:45'),
(461, 1041, 1, 8, '2017-08-25 09:10:47', '2017-08-25 09:10:47'),
(462, 1041, 1, 9, '2017-08-25 09:10:50', '2017-08-25 09:10:50'),
(463, 1041, 1, 9, '2017-08-25 09:10:52', '2017-08-25 09:10:52'),
(464, 1041, 2, 9, '2017-08-25 09:11:18', '2017-08-25 09:11:18'),
(465, 1041, 2, 9, '2017-08-25 09:11:21', '2017-08-25 09:11:21'),
(466, 1041, 2, 9, '2017-08-25 09:11:23', '2017-08-25 09:11:23'),
(467, 1041, 2, 9, '2017-08-25 09:11:24', '2017-08-25 09:11:24'),
(468, 1041, 2, 8, '2017-08-25 09:11:26', '2017-08-25 09:11:26'),
(469, 1041, 2, 9, '2017-08-25 09:11:28', '2017-08-25 09:11:28'),
(470, 1041, 2, 9, '2017-08-25 09:11:30', '2017-08-25 09:11:30'),
(471, 1041, 2, 8, '2017-08-25 09:11:32', '2017-08-25 09:11:32'),
(472, 1041, 2, 9, '2017-08-25 09:11:34', '2017-08-25 09:11:34'),
(473, 1041, 2, 8, '2017-08-25 09:11:35', '2017-08-25 09:11:35'),
(474, 1041, 2, 8, '2017-08-25 09:11:38', '2017-08-25 09:11:38'),
(475, 1041, 2, 9, '2017-08-25 09:11:39', '2017-08-25 09:11:39'),
(476, 1041, 2, 9, '2017-08-25 09:11:41', '2017-08-25 09:11:41'),
(477, 1041, 2, 9, '2017-08-25 09:11:43', '2017-08-25 09:11:43'),
(478, 1041, 2, 9, '2017-08-25 09:11:45', '2017-08-25 09:11:45'),
(479, 1041, 2, 8, '2017-08-25 09:11:47', '2017-08-25 09:11:47'),
(480, 1041, 4, 9, '2017-08-25 09:12:09', '2017-08-25 09:12:09'),
(481, 1041, 4, 9, '2017-08-25 09:12:11', '2017-08-25 09:12:11'),
(482, 1041, 4, 9, '2017-08-25 09:12:13', '2017-08-25 09:12:13'),
(483, 1041, 4, 9, '2017-08-25 09:12:14', '2017-08-25 09:12:14'),
(484, 1041, 4, 9, '2017-08-25 09:12:16', '2017-08-25 09:12:16'),
(485, 1041, 4, 9, '2017-08-25 09:12:17', '2017-08-25 09:12:17'),
(486, 1041, 4, 9, '2017-08-25 09:12:19', '2017-08-25 09:12:19'),
(487, 1041, 4, 9, '2017-08-25 09:12:21', '2017-08-25 09:12:21'),
(488, 1041, 4, 9, '2017-08-25 09:12:22', '2017-08-25 09:12:22'),
(489, 1041, 4, 9, '2017-08-25 09:12:24', '2017-08-25 09:12:24'),
(490, 1041, 4, 9, '2017-08-25 09:12:26', '2017-08-25 09:12:26'),
(491, 1041, 4, 9, '2017-08-25 09:12:28', '2017-08-25 09:12:28'),
(492, 1041, 4, 9, '2017-08-25 09:12:29', '2017-08-25 09:12:29'),
(493, 1041, 4, 9, '2017-08-25 09:12:30', '2017-08-25 09:12:30'),
(494, 1041, 4, 9, '2017-08-25 09:12:33', '2017-08-25 09:12:33'),
(495, 1041, 5, 9, '2017-08-25 09:12:58', '2017-08-25 09:12:58'),
(496, 1041, 5, 10, '2017-08-25 09:13:00', '2017-08-25 09:13:00'),
(497, 1041, 5, 9, '2017-08-25 09:13:02', '2017-08-25 09:13:02'),
(498, 1041, 5, 9, '2017-08-25 09:13:03', '2017-08-25 09:13:03'),
(499, 1041, 5, 8, '2017-08-25 09:13:05', '2017-08-25 09:13:05'),
(500, 1041, 5, 9, '2017-08-25 09:13:07', '2017-08-25 09:13:07'),
(501, 1041, 5, 9, '2017-08-25 09:13:08', '2017-08-25 09:13:08'),
(502, 1041, 5, 9, '2017-08-25 09:13:10', '2017-08-25 09:13:10'),
(503, 1041, 5, 9, '2017-08-25 09:13:11', '2017-08-25 09:13:11'),
(504, 1041, 5, 9, '2017-08-25 09:13:13', '2017-08-25 09:13:13'),
(505, 1041, 5, 9, '2017-08-25 09:13:15', '2017-08-25 09:13:15'),
(506, 1041, 5, 9, '2017-08-25 09:13:16', '2017-08-25 09:13:16'),
(507, 1041, 5, 9, '2017-08-25 09:13:18', '2017-08-25 09:13:18'),
(508, 1041, 5, 9, '2017-08-25 09:13:20', '2017-08-25 09:13:20'),
(509, 1041, 5, 9, '2017-08-25 09:13:21', '2017-08-25 09:13:21'),
(510, 1041, 5, 8, '2017-08-25 09:13:23', '2017-08-25 09:13:23'),
(511, 1041, 5, 8, '2017-08-25 09:13:24', '2017-08-25 09:13:24'),
(512, 1041, 5, 8, '2017-08-25 09:13:26', '2017-08-25 09:13:26'),
(513, 1041, 5, 8, '2017-08-25 09:13:28', '2017-08-25 09:13:28'),
(514, 1041, 5, 9, '2017-08-25 09:13:29', '2017-08-25 09:13:29'),
(515, 1041, 5, 8, '2017-08-25 09:13:31', '2017-08-25 09:13:31'),
(516, 1041, 5, 8, '2017-08-25 09:13:32', '2017-08-25 09:13:32'),
(517, 1041, 5, 8, '2017-08-25 09:13:35', '2017-08-25 09:13:35'),
(518, 1041, 5, 9, '2017-08-25 09:13:37', '2017-08-25 09:13:37'),
(519, 1041, 5, 9, '2017-08-25 09:13:39', '2017-08-25 09:13:39'),
(520, 1041, 5, 9, '2017-08-25 09:13:40', '2017-08-25 09:13:40'),
(521, 1041, 5, 9, '2017-08-25 09:13:42', '2017-08-25 09:13:42'),
(522, 1041, 5, 9, '2017-08-25 09:13:43', '2017-08-25 09:13:43'),
(523, 1041, 5, 9, '2017-08-25 09:13:45', '2017-08-25 09:13:45'),
(524, 1041, 5, 9, '2017-08-25 09:13:46', '2017-08-25 09:13:46'),
(525, 1041, 5, 9, '2017-08-25 09:13:48', '2017-08-25 09:13:48'),
(526, 1041, 6, 10, '2017-08-25 09:14:18', '2017-08-25 09:14:18'),
(527, 1041, 6, 10, '2017-08-25 09:14:20', '2017-08-25 09:14:20'),
(528, 1041, 6, 9, '2017-08-25 09:14:22', '2017-08-25 09:14:22'),
(529, 1041, 6, 8, '2017-08-25 09:14:23', '2017-08-25 09:14:23'),
(530, 1041, 6, 9, '2017-08-25 09:14:25', '2017-08-25 09:14:25'),
(531, 1041, 6, 9, '2017-08-25 09:14:27', '2017-08-25 09:14:27'),
(532, 1041, 6, 8, '2017-08-25 09:14:28', '2017-08-25 09:14:28'),
(533, 1041, 6, 9, '2017-08-25 09:14:30', '2017-08-25 09:14:30'),
(534, 1041, 6, 8, '2017-08-25 09:14:32', '2017-08-25 09:14:32'),
(535, 1041, 6, 9, '2017-08-25 09:14:33', '2017-08-25 09:14:33'),
(536, 1041, 6, 8, '2017-08-25 09:14:35', '2017-08-25 09:14:35'),
(537, 1041, 6, 8, '2017-08-25 09:14:37', '2017-08-25 09:14:37'),
(538, 1041, 6, 9, '2017-08-25 09:14:38', '2017-08-25 09:14:38'),
(539, 1041, 6, 8, '2017-08-25 09:14:40', '2017-08-25 09:14:40'),
(540, 1041, 7, 9, '2017-08-25 09:15:06', '2017-08-25 09:15:06'),
(541, 1041, 7, 9, '2017-08-25 09:15:07', '2017-08-25 09:15:07'),
(542, 1041, 7, 9, '2017-08-25 09:15:09', '2017-08-25 09:15:09'),
(543, 1041, 7, 9, '2017-08-25 09:15:11', '2017-08-25 09:15:11'),
(544, 1041, 7, 9, '2017-08-25 09:15:12', '2017-08-25 09:15:12'),
(545, 1041, 7, 9, '2017-08-25 09:15:14', '2017-08-25 09:15:14'),
(546, 1041, 7, 9, '2017-08-25 09:15:15', '2017-08-25 09:15:15'),
(547, 1041, 7, 9, '2017-08-25 09:15:17', '2017-08-25 09:15:17'),
(548, 1041, 7, 9, '2017-08-25 09:15:19', '2017-08-25 09:15:19'),
(549, 1041, 7, 9, '2017-08-25 09:15:20', '2017-08-25 09:15:20'),
(550, 1041, 7, 9, '2017-08-25 09:15:22', '2017-08-25 09:15:22'),
(551, 1041, 7, 9, '2017-08-25 09:15:23', '2017-08-25 09:15:23'),
(552, 1041, 7, 9, '2017-08-25 09:15:25', '2017-08-25 09:15:25'),
(553, 1041, 7, 9, '2017-08-25 09:15:26', '2017-08-25 09:15:26'),
(554, 1041, 7, 8, '2017-08-25 09:15:28', '2017-08-25 09:15:28'),
(555, 1041, 7, 9, '2017-08-25 09:15:30', '2017-08-25 09:15:30'),
(556, 1041, 8, 9, '2017-08-25 09:15:51', '2017-08-25 09:15:51'),
(557, 1041, 8, 9, '2017-08-25 09:15:53', '2017-08-25 09:15:53'),
(558, 1041, 8, 9, '2017-08-25 09:15:55', '2017-08-25 09:15:55'),
(559, 1041, 8, 9, '2017-08-25 09:15:56', '2017-08-25 09:15:56'),
(560, 1041, 8, 9, '2017-08-25 09:15:58', '2017-08-25 09:15:58'),
(561, 1041, 8, 8, '2017-08-25 09:16:00', '2017-08-25 09:16:00'),
(562, 1041, 8, 9, '2017-08-25 09:16:01', '2017-08-25 09:16:01'),
(563, 1041, 8, 9, '2017-08-25 09:16:03', '2017-08-25 09:16:03'),
(564, 1041, 8, 9, '2017-08-25 09:16:05', '2017-08-25 09:16:05'),
(565, 1041, 8, 9, '2017-08-25 09:16:06', '2017-08-25 09:16:06'),
(566, 1041, 8, 9, '2017-08-25 09:16:08', '2017-08-25 09:16:08'),
(567, 1041, 8, 9, '2017-08-25 09:16:10', '2017-08-25 09:16:10'),
(568, 1041, 8, 9, '2017-08-25 09:16:12', '2017-08-25 09:16:12'),
(569, 1041, 8, 9, '2017-08-25 09:16:13', '2017-08-25 09:16:13'),
(570, 1041, 8, 9, '2017-08-25 09:16:15', '2017-08-25 09:16:15'),
(571, 1041, 8, 9, '2017-08-25 09:16:17', '2017-08-25 09:16:17'),
(572, 1041, 9, 9, '2017-08-25 09:16:47', '2017-08-25 09:16:47'),
(573, 1041, 9, 9, '2017-08-25 09:16:49', '2017-08-25 09:16:49'),
(574, 1041, 9, 9, '2017-08-25 09:16:50', '2017-08-25 09:16:50'),
(575, 1041, 9, 9, '2017-08-25 09:16:52', '2017-08-25 09:16:52'),
(576, 1041, 9, 9, '2017-08-25 09:16:53', '2017-08-25 09:16:53'),
(577, 1041, 9, 9, '2017-08-25 09:16:55', '2017-08-25 09:16:55'),
(578, 1041, 9, 9, '2017-08-25 09:16:56', '2017-08-25 09:16:56'),
(579, 1041, 9, 9, '2017-08-25 09:16:58', '2017-08-25 09:16:58'),
(580, 1041, 9, 9, '2017-08-25 09:16:59', '2017-08-25 09:16:59'),
(581, 1041, 9, 9, '2017-08-25 09:17:00', '2017-08-25 09:17:00'),
(582, 1041, 9, 9, '2017-08-25 09:17:02', '2017-08-25 09:17:02'),
(583, 1041, 9, 9, '2017-08-25 09:17:03', '2017-08-25 09:17:03'),
(584, 1041, 9, 9, '2017-08-25 09:17:05', '2017-08-25 09:17:05'),
(585, 1041, 9, 9, '2017-08-25 09:17:06', '2017-08-25 09:17:06'),
(586, 1041, 9, 9, '2017-08-25 09:17:08', '2017-08-25 09:17:08'),
(587, 1041, 9, 9, '2017-08-25 09:17:09', '2017-08-25 09:17:09'),
(588, 1041, 9, 9, '2017-08-25 09:17:11', '2017-08-25 09:17:11'),
(589, 1041, 10, 9, '2017-08-25 09:17:31', '2017-08-25 09:17:31'),
(590, 1041, 10, 10, '2017-08-25 09:17:33', '2017-08-25 09:17:33'),
(591, 1041, 10, 9, '2017-08-25 09:17:35', '2017-08-25 09:17:35'),
(592, 1041, 10, 9, '2017-08-25 09:17:36', '2017-08-25 09:17:36'),
(593, 1041, 10, 9, '2017-08-25 09:17:38', '2017-08-25 09:17:38'),
(594, 1041, 10, 9, '2017-08-25 09:17:39', '2017-08-25 09:17:39'),
(595, 1041, 10, 9, '2017-08-25 09:17:41', '2017-08-25 09:17:41'),
(596, 1041, 10, 9, '2017-08-25 09:17:42', '2017-08-25 09:17:42'),
(597, 1041, 10, 8, '2017-08-25 09:17:44', '2017-08-25 09:17:44'),
(598, 1041, 10, 9, '2017-08-25 09:17:46', '2017-08-25 09:17:46'),
(599, 1041, 10, 9, '2017-08-25 09:17:47', '2017-08-25 09:17:47'),
(600, 1041, 10, 9, '2017-08-25 09:17:49', '2017-08-25 09:17:49'),
(601, 1041, 10, 9, '2017-08-25 09:17:50', '2017-08-25 09:17:50'),
(602, 1041, 10, 8, '2017-08-25 09:17:52', '2017-08-25 09:17:52'),
(603, 1041, 10, 8, '2017-08-25 09:17:54', '2017-08-25 09:17:54'),
(604, 1041, 10, 9, '2017-08-25 09:17:55', '2017-08-25 09:17:55'),
(605, 1041, 10, 9, '2017-08-25 09:17:57', '2017-08-25 09:17:57'),
(606, 1041, 10, 9, '2017-08-25 09:18:00', '2017-08-25 09:18:00'),
(607, 1041, 10, 8, '2017-08-25 09:18:02', '2017-08-25 09:18:02'),
(608, 1041, 10, 8, '2017-08-25 09:18:03', '2017-08-25 09:18:03'),
(609, 1041, 10, 8, '2017-08-25 09:18:05', '2017-08-25 09:18:05'),
(610, 1041, 10, 8, '2017-08-25 09:18:07', '2017-08-25 09:18:07'),
(611, 1041, 10, 8, '2017-08-25 09:18:08', '2017-08-25 09:18:08'),
(612, 1042, 1, 9, '2017-08-27 09:59:45', '2017-08-27 09:59:45'),
(613, 1042, 1, 9, '2017-08-27 10:05:18', '2017-08-27 10:05:18'),
(614, 1042, 1, 9, '2017-08-27 10:05:21', '2017-08-27 10:05:21'),
(615, 1042, 1, 9, '2017-08-27 10:05:24', '2017-08-27 10:05:24'),
(616, 1042, 1, 9, '2017-08-27 10:05:27', '2017-08-27 10:05:27'),
(617, 1042, 1, 8, '2017-08-27 10:05:30', '2017-08-27 10:05:30'),
(618, 1042, 1, 8, '2017-08-27 10:05:32', '2017-08-27 10:05:32'),
(619, 1042, 1, 8, '2017-08-27 10:05:36', '2017-08-27 10:05:36'),
(620, 1042, 1, 8, '2017-08-27 10:05:38', '2017-08-27 10:05:38'),
(621, 1042, 1, 8, '2017-08-27 10:05:41', '2017-08-27 10:05:41'),
(622, 1042, 2, 10, '2017-08-27 10:07:28', '2017-08-27 10:07:28'),
(623, 1042, 2, 10, '2017-08-27 10:07:31', '2017-08-27 10:07:31'),
(624, 1042, 2, 10, '2017-08-27 10:07:34', '2017-08-27 10:07:34'),
(625, 1042, 2, 10, '2017-08-27 10:07:37', '2017-08-27 10:07:37'),
(626, 1042, 2, 10, '2017-08-27 10:07:39', '2017-08-27 10:07:39'),
(627, 1042, 2, 8, '2017-08-27 10:07:42', '2017-08-27 10:07:42'),
(628, 1042, 2, 8, '2017-08-27 10:07:45', '2017-08-27 10:07:45'),
(629, 1042, 2, 8, '2017-08-27 10:07:47', '2017-08-27 10:07:47'),
(630, 1042, 2, 8, '2017-08-27 10:07:49', '2017-08-27 10:07:49'),
(631, 1042, 2, 8, '2017-08-27 10:07:52', '2017-08-27 10:07:52'),
(632, 1042, 3, 8, '2017-08-27 10:09:06', '2017-08-27 10:09:06'),
(633, 1042, 3, 8, '2017-08-27 10:09:10', '2017-08-27 10:09:10'),
(634, 1042, 3, 8, '2017-08-27 10:09:12', '2017-08-27 10:09:12'),
(635, 1042, 3, 8, '2017-08-27 10:09:14', '2017-08-27 10:09:14'),
(636, 1042, 3, 8, '2017-08-27 10:09:16', '2017-08-27 10:09:16'),
(637, 1042, 3, 9, '2017-08-27 10:09:19', '2017-08-27 10:09:19'),
(638, 1042, 3, 10, '2017-08-27 10:09:22', '2017-08-27 10:09:22'),
(639, 1042, 3, 9, '2017-08-27 10:09:25', '2017-08-27 10:09:25'),
(640, 1042, 3, 10, '2017-08-27 10:09:28', '2017-08-27 10:09:28'),
(641, 1042, 3, 9, '2017-08-27 10:09:30', '2017-08-27 10:09:30'),
(642, 1042, 4, 10, '2017-08-27 10:10:33', '2017-08-27 10:10:33'),
(643, 1042, 4, 10, '2017-08-27 10:10:36', '2017-08-27 10:10:36'),
(644, 1042, 4, 10, '2017-08-27 10:10:38', '2017-08-27 10:10:38'),
(645, 1042, 4, 10, '2017-08-27 10:10:41', '2017-08-27 10:10:41'),
(646, 1042, 4, 10, '2017-08-27 10:10:43', '2017-08-27 10:10:43'),
(647, 1042, 4, 9, '2017-08-27 10:10:46', '2017-08-27 10:10:46'),
(648, 1042, 4, 9, '2017-08-27 10:10:49', '2017-08-27 10:10:49'),
(649, 1042, 4, 9, '2017-08-27 10:10:52', '2017-08-27 10:10:52'),
(650, 1042, 4, 9, '2017-08-27 10:10:54', '2017-08-27 10:10:54'),
(651, 1042, 4, 9, '2017-08-27 10:10:57', '2017-08-27 10:10:57'),
(652, 1042, 5, 7, '2017-08-27 10:11:42', '2017-08-27 10:11:42'),
(653, 1042, 5, 7, '2017-08-27 10:11:44', '2017-08-27 10:11:44'),
(654, 1042, 5, 7, '2017-08-27 10:11:47', '2017-08-27 10:11:47'),
(655, 1042, 5, 7, '2017-08-27 10:11:50', '2017-08-27 10:11:50'),
(656, 1042, 5, 7, '2017-08-27 10:11:53', '2017-08-27 10:11:53'),
(657, 1042, 5, 8, '2017-08-27 10:11:56', '2017-08-27 10:11:56'),
(658, 1042, 5, 8, '2017-08-27 10:11:59', '2017-08-27 10:11:59'),
(659, 1042, 5, 9, '2017-08-27 10:12:01', '2017-08-27 10:12:01'),
(660, 1042, 5, 10, '2017-08-27 10:12:04', '2017-08-27 10:12:04'),
(661, 1042, 5, 10, '2017-08-27 10:12:07', '2017-08-27 10:12:07'),
(662, 1042, 6, 7, '2017-08-27 10:12:57', '2017-08-27 10:12:57'),
(663, 1042, 6, 6, '2017-08-27 10:13:01', '2017-08-27 10:13:01'),
(664, 1042, 6, 5, '2017-08-27 10:13:04', '2017-08-27 10:13:04'),
(665, 1042, 6, 9, '2017-08-27 10:13:07', '2017-08-27 10:13:07'),
(666, 1042, 6, 8, '2017-08-27 10:13:09', '2017-08-27 10:13:09'),
(667, 1042, 6, 7, '2017-08-27 10:13:12', '2017-08-27 10:13:12'),
(668, 1042, 6, 8, '2017-08-27 10:13:14', '2017-08-27 10:13:14'),
(669, 1042, 6, 9, '2017-08-27 10:13:16', '2017-08-27 10:13:16'),
(670, 1042, 6, 10, '2017-08-27 10:13:19', '2017-08-27 10:13:19'),
(671, 1042, 6, 10, '2017-08-27 10:13:22', '2017-08-27 10:13:22'),
(672, 1042, 7, 10, '2017-08-27 10:14:19', '2017-08-27 10:14:19'),
(673, 1042, 7, 10, '2017-08-27 10:14:21', '2017-08-27 10:14:21'),
(674, 1042, 7, 10, '2017-08-27 10:14:22', '2017-08-27 10:14:22'),
(675, 1042, 7, 10, '2017-08-27 10:14:24', '2017-08-27 10:14:24'),
(676, 1042, 7, 10, '2017-08-27 10:14:26', '2017-08-27 10:14:26'),
(677, 1042, 7, 10, '2017-08-27 10:14:27', '2017-08-27 10:14:27'),
(678, 1042, 7, 10, '2017-08-27 10:14:29', '2017-08-27 10:14:29'),
(679, 1042, 7, 10, '2017-08-27 10:14:31', '2017-08-27 10:14:31'),
(680, 1042, 7, 10, '2017-08-27 10:14:32', '2017-08-27 10:14:32'),
(681, 1042, 7, 10, '2017-08-27 10:14:34', '2017-08-27 10:14:34'),
(682, 1042, 8, 9, '2017-08-27 10:15:41', '2017-08-27 10:15:41'),
(683, 1042, 8, 9, '2017-08-27 10:15:43', '2017-08-27 10:15:43'),
(684, 1042, 8, 9, '2017-08-27 10:15:46', '2017-08-27 10:15:46'),
(685, 1042, 8, 8, '2017-08-27 10:15:48', '2017-08-27 10:15:48'),
(686, 1042, 8, 8, '2017-08-27 10:15:50', '2017-08-27 10:15:50'),
(687, 1042, 8, 4, '2017-08-27 10:15:53', '2017-08-27 10:15:53'),
(688, 1042, 8, 5, '2017-08-27 10:15:56', '2017-08-27 10:15:56'),
(689, 1042, 8, 5, '2017-08-27 10:15:59', '2017-08-27 10:15:59'),
(690, 1042, 8, 8, '2017-08-27 10:16:02', '2017-08-27 10:16:02'),
(691, 1042, 8, 9, '2017-08-27 10:16:05', '2017-08-27 10:16:05'),
(692, 1042, 9, 5, '2017-08-27 10:17:05', '2017-08-27 10:17:05'),
(693, 1042, 9, 5, '2017-08-27 10:17:08', '2017-08-27 10:17:08'),
(694, 1042, 9, 5, '2017-08-27 10:17:11', '2017-08-27 10:17:11'),
(695, 1042, 9, 5, '2017-08-27 10:17:14', '2017-08-27 10:17:14'),
(696, 1042, 9, 5, '2017-08-27 10:17:16', '2017-08-27 10:17:16'),
(697, 1042, 9, 10, '2017-08-27 10:17:19', '2017-08-27 10:17:19'),
(698, 1042, 9, 10, '2017-08-27 10:17:21', '2017-08-27 10:17:21'),
(699, 1042, 9, 10, '2017-08-27 10:17:22', '2017-08-27 10:17:22'),
(700, 1042, 9, 10, '2017-08-27 10:17:24', '2017-08-27 10:17:24'),
(701, 1042, 9, 10, '2017-08-27 10:17:26', '2017-08-27 10:17:26'),
(702, 1042, 9, 10, '2017-08-27 10:17:28', '2017-08-27 10:17:28'),
(703, 1042, 9, 10, '2017-08-27 10:17:36', '2017-08-27 10:17:36'),
(704, 1042, 10, 9, '2017-08-27 10:18:57', '2017-08-27 10:18:57'),
(705, 1042, 10, 9, '2017-08-27 10:19:00', '2017-08-27 10:19:00'),
(706, 1042, 10, 9, '2017-08-27 10:19:02', '2017-08-27 10:19:02'),
(707, 1042, 10, 9, '2017-08-27 10:19:03', '2017-08-27 10:19:03'),
(708, 1042, 10, 9, '2017-08-27 10:19:08', '2017-08-27 10:19:08'),
(709, 1042, 10, 9, '2017-08-27 10:19:10', '2017-08-27 10:19:10'),
(710, 1042, 10, 9, '2017-08-27 10:19:11', '2017-08-27 10:19:11'),
(711, 1042, 10, 9, '2017-08-27 10:19:13', '2017-08-27 10:19:13'),
(712, 1042, 10, 9, '2017-08-27 10:19:15', '2017-08-27 10:19:15'),
(713, 1042, 10, 9, '2017-08-27 10:19:17', '2017-08-27 10:19:17'),
(714, 1042, 10, 9, '2017-08-27 10:19:19', '2017-08-27 10:19:19'),
(715, 1043, 1, 10, '2017-08-28 13:01:15', '2017-08-28 13:01:15'),
(716, 1043, 1, 10, '2017-08-28 13:01:20', '2017-08-28 13:01:20'),
(717, 1043, 1, 10, '2017-08-28 13:01:22', '2017-08-28 13:01:22'),
(718, 1043, 1, 10, '2017-08-28 13:01:24', '2017-08-28 13:01:24'),
(719, 1043, 1, 10, '2017-08-28 13:01:26', '2017-08-28 13:01:26'),
(720, 1043, 1, 10, '2017-08-28 13:01:27', '2017-08-28 13:01:27'),
(721, 1043, 1, 10, '2017-08-28 13:01:29', '2017-08-28 13:01:29'),
(722, 1043, 1, 10, '2017-08-28 13:01:31', '2017-08-28 13:01:31'),
(723, 1043, 1, 10, '2017-08-28 13:01:33', '2017-08-28 13:01:33'),
(724, 1043, 1, 9, '2017-08-28 13:01:35', '2017-08-28 13:01:35'),
(725, 1043, 2, 1, '2017-08-28 13:02:19', '2017-08-28 13:02:19'),
(726, 1043, 2, 2, '2017-08-28 13:02:21', '2017-08-28 13:02:21'),
(727, 1043, 2, 3, '2017-08-28 13:02:24', '2017-08-28 13:02:24'),
(728, 1043, 2, 4, '2017-08-28 13:02:26', '2017-08-28 13:02:26'),
(729, 1043, 2, 5, '2017-08-28 13:02:28', '2017-08-28 13:02:28'),
(730, 1043, 2, 10, '2017-08-28 13:02:30', '2017-08-28 13:02:30'),
(731, 1043, 2, 10, '2017-08-28 13:02:33', '2017-08-28 13:02:33'),
(732, 1043, 2, 10, '2017-08-28 13:02:35', '2017-08-28 13:02:35'),
(733, 1043, 2, 10, '2017-08-28 13:02:37', '2017-08-28 13:02:37'),
(734, 1043, 2, 10, '2017-08-28 13:02:38', '2017-08-28 13:02:38'),
(735, 1043, 3, 9, '2017-08-28 13:03:25', '2017-08-28 13:03:25'),
(736, 1043, 3, 7, '2017-08-28 13:03:28', '2017-08-28 13:03:28'),
(737, 1043, 3, 9, '2017-08-28 13:03:31', '2017-08-28 13:03:31'),
(738, 1043, 3, 7, '2017-08-28 13:03:34', '2017-08-28 13:03:34'),
(739, 1043, 3, 8, '2017-08-28 13:03:38', '2017-08-28 13:03:38'),
(740, 1043, 3, 9, '2017-08-28 13:03:41', '2017-08-28 13:03:41'),
(741, 1043, 3, 9, '2017-08-28 13:03:44', '2017-08-28 13:03:44'),
(742, 1043, 3, 9, '2017-08-28 13:03:46', '2017-08-28 13:03:46'),
(743, 1043, 3, 9, '2017-08-28 13:03:48', '2017-08-28 13:03:48'),
(744, 1043, 3, 8, '2017-08-28 13:03:51', '2017-08-28 13:03:51'),
(745, 1043, 4, 10, '2017-08-28 13:04:33', '2017-08-28 13:04:33'),
(746, 1043, 4, 10, '2017-08-28 13:04:35', '2017-08-28 13:04:35'),
(747, 1043, 4, 10, '2017-08-28 13:04:36', '2017-08-28 13:04:36'),
(748, 1043, 4, 10, '2017-08-28 13:04:38', '2017-08-28 13:04:38'),
(749, 1043, 4, 10, '2017-08-28 13:04:40', '2017-08-28 13:04:40'),
(750, 1043, 4, 10, '2017-08-28 13:04:41', '2017-08-28 13:04:41'),
(751, 1043, 4, 10, '2017-08-28 13:04:43', '2017-08-28 13:04:43'),
(752, 1043, 4, 10, '2017-08-28 13:04:44', '2017-08-28 13:04:44'),
(753, 1043, 4, 10, '2017-08-28 13:04:46', '2017-08-28 13:04:46'),
(754, 1043, 4, 10, '2017-08-28 13:04:48', '2017-08-28 13:04:48'),
(755, 1043, 5, 1, '2017-08-28 13:05:23', '2017-08-28 13:05:23'),
(756, 1043, 5, 1, '2017-08-28 13:05:25', '2017-08-28 13:05:25'),
(757, 1043, 5, 9, '2017-08-28 13:05:28', '2017-08-28 13:05:28'),
(758, 1043, 5, 9, '2017-08-28 13:05:31', '2017-08-28 13:05:31'),
(759, 1043, 5, 8, '2017-08-28 13:05:34', '2017-08-28 13:05:34'),
(760, 1043, 5, 10, '2017-08-28 13:05:36', '2017-08-28 13:05:36'),
(761, 1043, 5, 10, '2017-08-28 13:05:38', '2017-08-28 13:05:38'),
(762, 1043, 5, 10, '2017-08-28 13:05:40', '2017-08-28 13:05:40'),
(763, 1043, 5, 10, '2017-08-28 13:05:42', '2017-08-28 13:05:42'),
(764, 1043, 5, 10, '2017-08-28 13:05:44', '2017-08-28 13:05:44'),
(765, 1043, 6, 9, '2017-08-28 13:06:21', '2017-08-28 13:06:21'),
(766, 1043, 6, 9, '2017-08-28 13:06:23', '2017-08-28 13:06:23'),
(767, 1043, 6, 9, '2017-08-28 13:06:25', '2017-08-28 13:06:25'),
(768, 1043, 6, 9, '2017-08-28 13:06:27', '2017-08-28 13:06:27'),
(769, 1043, 6, 9, '2017-08-28 13:06:29', '2017-08-28 13:06:29'),
(770, 1043, 6, 10, '2017-08-28 13:06:32', '2017-08-28 13:06:32'),
(771, 1043, 6, 10, '2017-08-28 13:06:36', '2017-08-28 13:06:36'),
(772, 1043, 6, 10, '2017-08-28 13:06:38', '2017-08-28 13:06:38'),
(773, 1043, 6, 10, '2017-08-28 13:06:41', '2017-08-28 13:06:41'),
(774, 1043, 6, 10, '2017-08-28 13:06:48', '2017-08-28 13:06:48'),
(775, 1043, 7, 10, '2017-08-28 13:07:16', '2017-08-28 13:07:16'),
(776, 1043, 7, 7, '2017-08-28 13:07:20', '2017-08-28 13:07:20'),
(777, 1043, 7, 7, '2017-08-28 13:07:22', '2017-08-28 13:07:22'),
(778, 1043, 7, 7, '2017-08-28 13:07:25', '2017-08-28 13:07:25'),
(779, 1043, 7, 7, '2017-08-28 13:07:27', '2017-08-28 13:07:27'),
(780, 1043, 7, 9, '2017-08-28 13:07:30', '2017-08-28 13:07:30'),
(781, 1043, 7, 9, '2017-08-28 13:07:32', '2017-08-28 13:07:32'),
(782, 1043, 7, 9, '2017-08-28 13:07:35', '2017-08-28 13:07:35'),
(783, 1043, 7, 9, '2017-08-28 13:07:37', '2017-08-28 13:07:37'),
(784, 1043, 7, 9, '2017-08-28 13:07:38', '2017-08-28 13:07:38'),
(785, 1043, 8, 9, '2017-08-28 13:08:23', '2017-08-28 13:08:23'),
(786, 1043, 8, 9, '2017-08-28 13:08:25', '2017-08-28 13:08:25'),
(787, 1043, 8, 9, '2017-08-28 13:08:27', '2017-08-28 13:08:27'),
(788, 1043, 8, 9, '2017-08-28 13:08:29', '2017-08-28 13:08:29'),
(789, 1043, 8, 9, '2017-08-28 13:08:30', '2017-08-28 13:08:30'),
(790, 1043, 8, 9, '2017-08-28 13:08:32', '2017-08-28 13:08:32'),
(791, 1043, 8, 9, '2017-08-28 13:08:34', '2017-08-28 13:08:34');
INSERT INTO `dribblers` (`dribbler_id`, `user_id`, `trick_id`, `try_on`, `created_at`, `updated_at`) VALUES
(792, 1043, 8, 8, '2017-08-28 13:08:36', '2017-08-28 13:08:36'),
(793, 1043, 8, 8, '2017-08-28 13:08:38', '2017-08-28 13:08:38'),
(794, 1043, 8, 8, '2017-08-28 13:08:41', '2017-08-28 13:08:41'),
(795, 1043, 9, 10, '2017-08-28 13:09:14', '2017-08-28 13:09:14'),
(796, 1043, 9, 8, '2017-08-28 13:09:16', '2017-08-28 13:09:16'),
(797, 1043, 9, 8, '2017-08-28 13:09:20', '2017-08-28 13:09:20'),
(798, 1043, 9, 8, '2017-08-28 13:09:22', '2017-08-28 13:09:22'),
(799, 1043, 9, 8, '2017-08-28 13:09:24', '2017-08-28 13:09:24'),
(800, 1043, 9, 8, '2017-08-28 13:09:25', '2017-08-28 13:09:25'),
(801, 1043, 9, 8, '2017-08-28 13:09:27', '2017-08-28 13:09:27'),
(802, 1043, 9, 8, '2017-08-28 13:09:29', '2017-08-28 13:09:29'),
(803, 1043, 9, 8, '2017-08-28 13:09:33', '2017-08-28 13:09:33'),
(804, 1043, 9, 8, '2017-08-28 13:09:35', '2017-08-28 13:09:35'),
(805, 1043, 10, 10, '2017-08-28 13:10:05', '2017-08-28 13:10:05'),
(806, 1043, 10, 9, '2017-08-28 13:10:07', '2017-08-28 13:10:07'),
(807, 1043, 10, 9, '2017-08-28 13:10:09', '2017-08-28 13:10:09'),
(808, 1043, 10, 9, '2017-08-28 13:10:11', '2017-08-28 13:10:11'),
(809, 1043, 10, 9, '2017-08-28 13:10:13', '2017-08-28 13:10:13'),
(810, 1043, 10, 9, '2017-08-28 13:10:14', '2017-08-28 13:10:14'),
(811, 1043, 10, 9, '2017-08-28 13:10:16', '2017-08-28 13:10:16'),
(812, 1043, 10, 9, '2017-08-28 13:10:18', '2017-08-28 13:10:18'),
(813, 1043, 10, 9, '2017-08-28 13:10:20', '2017-08-28 13:10:20'),
(814, 1043, 10, 9, '2017-08-28 13:10:22', '2017-08-28 13:10:22'),
(815, 1044, 1, 9, '2017-09-02 02:20:18', '2017-09-02 02:20:18'),
(816, 1044, 1, 10, '2017-09-02 02:20:24', '2017-09-02 02:20:24'),
(817, 1044, 1, 10, '2017-09-02 02:20:26', '2017-09-02 02:20:26'),
(818, 1044, 1, 10, '2017-09-02 02:20:28', '2017-09-02 02:20:28'),
(819, 1044, 1, 10, '2017-09-02 02:20:30', '2017-09-02 02:20:30'),
(820, 1044, 1, 10, '2017-09-02 02:20:31', '2017-09-02 02:20:31'),
(821, 1044, 1, 10, '2017-09-02 02:20:35', '2017-09-02 02:20:35'),
(822, 1044, 1, 10, '2017-09-02 02:20:39', '2017-09-02 02:20:39'),
(823, 1044, 1, 10, '2017-09-02 02:21:06', '2017-09-02 02:21:06'),
(824, 1044, 1, 10, '2017-09-02 02:21:08', '2017-09-02 02:21:08'),
(825, 1044, 2, 9, '2017-09-02 02:22:01', '2017-09-02 02:22:01'),
(826, 1044, 2, 9, '2017-09-02 02:22:04', '2017-09-02 02:22:04'),
(827, 1044, 2, 9, '2017-09-02 02:22:06', '2017-09-02 02:22:06'),
(828, 1044, 2, 9, '2017-09-02 02:22:08', '2017-09-02 02:22:08'),
(829, 1044, 2, 9, '2017-09-02 02:22:10', '2017-09-02 02:22:10'),
(830, 1044, 2, 8, '2017-09-02 02:22:12', '2017-09-02 02:22:12'),
(831, 1044, 2, 8, '2017-09-02 02:22:14', '2017-09-02 02:22:14'),
(832, 1044, 2, 8, '2017-09-02 02:22:17', '2017-09-02 02:22:17'),
(833, 1044, 2, 8, '2017-09-02 02:22:20', '2017-09-02 02:22:20'),
(834, 1044, 2, 8, '2017-09-02 02:22:22', '2017-09-02 02:22:22'),
(835, 1044, 3, 7, '2017-09-02 02:22:56', '2017-09-02 02:22:56'),
(836, 1044, 3, 7, '2017-09-02 02:22:59', '2017-09-02 02:22:59'),
(837, 1044, 3, 7, '2017-09-02 02:23:02', '2017-09-02 02:23:02'),
(838, 1044, 3, 7, '2017-09-02 02:23:04', '2017-09-02 02:23:04'),
(839, 1044, 3, 7, '2017-09-02 02:23:07', '2017-09-02 02:23:07'),
(840, 1044, 3, 9, '2017-09-02 02:23:10', '2017-09-02 02:23:10'),
(841, 1044, 3, 9, '2017-09-02 02:23:12', '2017-09-02 02:23:12'),
(842, 1044, 3, 8, '2017-09-02 02:23:14', '2017-09-02 02:23:14'),
(843, 1044, 3, 8, '2017-09-02 02:23:18', '2017-09-02 02:23:18'),
(844, 1044, 3, 8, '2017-09-02 02:23:20', '2017-09-02 02:23:20'),
(845, 1044, 4, 10, '2017-09-02 02:23:58', '2017-09-02 02:23:58'),
(846, 1044, 4, 9, '2017-09-02 02:24:00', '2017-09-02 02:24:00'),
(847, 1044, 4, 9, '2017-09-02 02:24:02', '2017-09-02 02:24:02'),
(848, 1044, 4, 9, '2017-09-02 02:24:04', '2017-09-02 02:24:04'),
(849, 1044, 4, 9, '2017-09-02 02:24:06', '2017-09-02 02:24:06'),
(850, 1044, 4, 9, '2017-09-02 02:24:07', '2017-09-02 02:24:07'),
(851, 1044, 4, 9, '2017-09-02 02:24:09', '2017-09-02 02:24:09'),
(852, 1044, 4, 8, '2017-09-02 02:24:12', '2017-09-02 02:24:12'),
(853, 1044, 4, 8, '2017-09-02 02:24:15', '2017-09-02 02:24:15'),
(854, 1044, 4, 8, '2017-09-02 02:24:17', '2017-09-02 02:24:17'),
(855, 1044, 5, 1, '2017-09-02 02:24:51', '2017-09-02 02:24:51'),
(856, 1044, 5, 2, '2017-09-02 02:24:54', '2017-09-02 02:24:54'),
(857, 1044, 5, 3, '2017-09-02 02:24:56', '2017-09-02 02:24:56'),
(858, 1044, 5, 4, '2017-09-02 02:24:58', '2017-09-02 02:24:58'),
(859, 1044, 5, 5, '2017-09-02 02:25:00', '2017-09-02 02:25:00'),
(860, 1044, 5, 10, '2017-09-02 02:25:02', '2017-09-02 02:25:02'),
(861, 1044, 5, 10, '2017-09-02 02:25:04', '2017-09-02 02:25:04'),
(862, 1044, 5, 10, '2017-09-02 02:25:06', '2017-09-02 02:25:06'),
(863, 1044, 5, 10, '2017-09-02 02:25:08', '2017-09-02 02:25:08'),
(864, 1044, 5, 10, '2017-09-02 02:25:09', '2017-09-02 02:25:09'),
(865, 1044, 6, 10, '2017-09-02 02:25:45', '2017-09-02 02:25:45'),
(866, 1044, 6, 10, '2017-09-02 02:25:47', '2017-09-02 02:25:47'),
(867, 1044, 6, 10, '2017-09-02 02:25:50', '2017-09-02 02:25:50'),
(868, 1044, 6, 10, '2017-09-02 02:25:51', '2017-09-02 02:25:51'),
(869, 1044, 6, 10, '2017-09-02 02:25:53', '2017-09-02 02:25:53'),
(870, 1044, 6, 10, '2017-09-02 02:25:55', '2017-09-02 02:25:55'),
(871, 1044, 6, 10, '2017-09-02 02:25:57', '2017-09-02 02:25:57'),
(872, 1044, 6, 10, '2017-09-02 02:25:58', '2017-09-02 02:25:58'),
(873, 1044, 6, 10, '2017-09-02 02:26:00', '2017-09-02 02:26:00'),
(874, 1044, 7, 8, '2017-09-02 02:26:36', '2017-09-02 02:26:36'),
(875, 1044, 7, 8, '2017-09-02 02:26:38', '2017-09-02 02:26:38'),
(876, 1044, 7, 8, '2017-09-02 02:26:40', '2017-09-02 02:26:40'),
(877, 1044, 7, 8, '2017-09-02 02:26:43', '2017-09-02 02:26:43'),
(878, 1044, 7, 8, '2017-09-02 02:26:45', '2017-09-02 02:26:45'),
(879, 1044, 7, 8, '2017-09-02 02:26:47', '2017-09-02 02:26:47'),
(880, 1044, 7, 8, '2017-09-02 02:26:50', '2017-09-02 02:26:50'),
(881, 1044, 7, 8, '2017-09-02 02:26:52', '2017-09-02 02:26:52'),
(882, 1044, 7, 8, '2017-09-02 02:26:54', '2017-09-02 02:26:54'),
(883, 1044, 7, 9, '2017-09-02 02:27:02', '2017-09-02 02:27:02'),
(884, 1044, 8, 9, '2017-09-02 02:27:33', '2017-09-02 02:27:33'),
(885, 1044, 8, 9, '2017-09-02 02:27:35', '2017-09-02 02:27:35'),
(886, 1044, 8, 9, '2017-09-02 02:27:36', '2017-09-02 02:27:36'),
(887, 1044, 8, 9, '2017-09-02 02:27:38', '2017-09-02 02:27:38'),
(888, 1044, 8, 9, '2017-09-02 02:27:40', '2017-09-02 02:27:40'),
(889, 1044, 8, 8, '2017-09-02 02:27:42', '2017-09-02 02:27:42'),
(890, 1044, 8, 8, '2017-09-02 02:27:44', '2017-09-02 02:27:44'),
(891, 1044, 8, 8, '2017-09-02 02:27:46', '2017-09-02 02:27:46'),
(892, 1044, 8, 8, '2017-09-02 02:27:48', '2017-09-02 02:27:48'),
(893, 1044, 8, 8, '2017-09-02 02:27:50', '2017-09-02 02:27:50'),
(894, 1044, 9, 9, '2017-09-02 02:28:27', '2017-09-02 02:28:27'),
(895, 1044, 9, 9, '2017-09-02 02:28:29', '2017-09-02 02:28:29'),
(896, 1044, 9, 9, '2017-09-02 02:28:30', '2017-09-02 02:28:30'),
(897, 1044, 9, 9, '2017-09-02 02:28:32', '2017-09-02 02:28:32'),
(898, 1044, 9, 9, '2017-09-02 02:28:33', '2017-09-02 02:28:33'),
(899, 1044, 9, 9, '2017-09-02 02:28:35', '2017-09-02 02:28:35'),
(900, 1044, 9, 9, '2017-09-02 02:28:36', '2017-09-02 02:28:36'),
(901, 1044, 9, 9, '2017-09-02 02:28:38', '2017-09-02 02:28:38'),
(902, 1044, 9, 9, '2017-09-02 02:28:40', '2017-09-02 02:28:40'),
(903, 1044, 9, 9, '2017-09-02 02:28:42', '2017-09-02 02:28:42'),
(904, 1044, 9, 9, '2017-09-02 02:28:43', '2017-09-02 02:28:43'),
(905, 1044, 10, 8, '2017-09-02 02:29:10', '2017-09-02 02:29:10'),
(906, 1044, 10, 8, '2017-09-02 02:29:13', '2017-09-02 02:29:13'),
(907, 1044, 10, 7, '2017-09-02 02:29:15', '2017-09-02 02:29:15'),
(908, 1044, 10, 7, '2017-09-02 02:29:17', '2017-09-02 02:29:17'),
(909, 1044, 10, 9, '2017-09-02 02:29:21', '2017-09-02 02:29:21'),
(910, 1044, 10, 9, '2017-09-02 02:29:22', '2017-09-02 02:29:22'),
(911, 1044, 10, 9, '2017-09-02 02:29:24', '2017-09-02 02:29:24'),
(912, 1044, 10, 9, '2017-09-02 02:29:26', '2017-09-02 02:29:26'),
(913, 1044, 10, 9, '2017-09-02 02:29:28', '2017-09-02 02:29:28'),
(914, 1044, 10, 10, '2017-09-02 02:29:37', '2017-09-02 02:29:37'),
(915, 1044, 6, 10, '2017-09-02 02:58:54', '2017-09-02 02:58:54'),
(916, 1039, 14, 7, '2017-09-10 06:28:21', '2017-09-10 06:28:21'),
(917, 1026, 1, 10, '2017-09-11 05:48:14', '2017-09-11 05:48:14'),
(918, 1044, 1, 4, '2017-09-11 06:35:20', '2017-09-11 06:35:20');

-- --------------------------------------------------------

--
-- Table structure for table `follows`
--

CREATE TABLE `follows` (
  `follow_id` bigint(20) UNSIGNED NOT NULL,
  `user_id` bigint(20) UNSIGNED NOT NULL,
  `follower_id` bigint(20) UNSIGNED NOT NULL,
  `follow_status` tinyint(1) NOT NULL,
  `created_at` timestamp NOT NULL DEFAULT CURRENT_TIMESTAMP,
  `updated_at` timestamp NOT NULL DEFAULT CURRENT_TIMESTAMP ON UPDATE CURRENT_TIMESTAMP
) ENGINE=MyISAM DEFAULT CHARSET=latin1;

--
-- Dumping data for table `follows`
--

INSERT INTO `follows` (`follow_id`, `user_id`, `follower_id`, `follow_status`, `created_at`, `updated_at`) VALUES
(1, 6, 12, 0, '2017-05-20 22:21:14', '2017-06-01 08:53:53'),
(2, 6, 13, 0, '2017-05-31 06:25:51', '2017-06-01 08:53:55'),
(3, 6, 14, 0, '2017-05-31 06:25:56', '2017-06-01 08:53:55'),
(4, 6, 11, 0, '2017-05-31 06:55:36', '2017-06-06 12:29:04'),
(5, 6, 16, 0, '2017-05-31 06:55:45', '2017-06-01 08:53:56'),
(6, 6, 17, 0, '2017-05-31 06:56:12', '2017-06-01 08:53:57'),
(7, 6, 18, 0, '2017-05-31 06:57:08', '2017-06-01 08:53:58'),
(8, 6, 19, 0, '2017-05-31 07:03:45', '2017-06-01 05:53:50'),
(9, 6, 10, 0, '2017-06-01 04:33:51', '2017-06-01 08:54:00'),
(10, 6, 4, 0, '2017-06-01 04:44:08', '2017-06-01 08:54:01'),
(11, 6, 15, 0, '2017-06-01 04:58:44', '2017-06-01 08:54:02'),
(12, 6, 1000, 0, '2017-06-01 05:34:52', '2017-06-01 05:41:05'),
(13, 6, 20, 0, '2017-06-01 08:52:19', '2017-06-01 08:54:03'),
(14, 1003, 10, 0, '2017-06-03 04:16:31', '2017-06-03 04:25:27'),
(15, 1003, 14, 1, '2017-06-03 04:19:07', '2017-06-03 04:19:07'),
(16, 1003, 6, 1, '2017-06-03 04:19:13', '2017-06-03 04:19:13'),
(17, 1005, 1000, 1, '2017-06-03 05:53:47', '2017-06-03 05:53:47'),
(18, 1006, 1003, 0, '2017-06-03 10:04:15', '2017-08-19 05:10:13'),
(19, 1002, 1003, 1, '2017-06-04 07:47:22', '2017-06-04 07:47:22'),
(20, 1002, 1005, 1, '2017-06-04 07:47:34', '2017-06-04 07:47:34'),
(21, 1002, 1006, 1, '2017-06-04 07:47:39', '2017-06-06 13:10:01'),
(22, 1003, 1002, 1, '2017-06-04 07:57:26', '2017-06-04 07:57:26'),
(23, 6, 1005, 0, '2017-06-06 12:28:18', '2017-06-06 12:29:05'),
(24, 6, 1002, 0, '2017-06-06 12:28:31', '2017-06-06 12:29:08'),
(25, 6, 1003, 0, '2017-06-06 12:28:52', '2017-06-06 12:29:10'),
(26, 1003, 1006, 1, '2017-06-06 13:01:16', '2017-06-06 13:01:16'),
(27, 1006, 20, 0, '2017-06-27 08:54:13', '2017-06-27 08:54:15'),
(28, 1012, 6, 1, '2017-07-31 10:46:53', '2017-07-31 10:46:57'),
(29, 1012, 1011, 1, '2017-07-31 11:31:08', '2017-07-31 11:31:10'),
(30, 1013, 1012, 1, '2017-08-02 09:40:05', '2017-08-02 09:40:05'),
(31, 1004, 1003, 1, '2017-08-05 05:51:16', '2017-08-05 05:51:16'),
(32, 1004, 1011, 1, '2017-08-05 05:51:18', '2017-08-05 05:51:18'),
(33, 1004, 13, 1, '2017-08-05 05:51:21', '2017-08-05 05:51:21'),
(34, 1004, 17, 1, '2017-08-05 05:51:24', '2017-08-05 05:51:24'),
(35, 1004, 1005, 1, '2017-08-05 05:51:29', '2017-08-05 05:51:29'),
(36, 1004, 4, 1, '2017-08-05 05:51:33', '2017-08-05 05:51:33'),
(37, 1014, 1003, 1, '2017-08-05 06:16:04', '2017-08-05 06:16:04'),
(38, 1014, 1011, 1, '2017-08-05 06:16:09', '2017-08-05 06:16:09'),
(39, 1014, 1004, 1, '2017-08-05 06:16:17', '2017-08-05 06:16:22'),
(40, 1007, 1014, 1, '2017-08-05 07:59:52', '2017-08-05 07:59:52'),
(41, 1025, 1011, 1, '2017-08-13 08:01:40', '2017-08-13 08:01:40'),
(42, 1004, 1025, 1, '2017-08-13 08:08:23', '2017-08-13 08:08:23'),
(43, 1026, 1014, 1, '2017-08-20 03:34:51', '2017-08-20 03:34:51'),
(44, 1026, 1025, 1, '2017-08-20 03:34:54', '2017-08-20 03:34:54'),
(45, 1026, 1011, 1, '2017-08-20 03:34:57', '2017-08-20 03:34:57'),
(46, 1026, 1003, 1, '2017-08-20 03:35:00', '2017-08-20 03:35:00'),
(47, 1026, 1007, 1, '2017-08-20 03:35:49', '2017-08-20 03:35:49'),
(48, 1026, 1004, 0, '2017-08-20 03:35:56', '2017-08-20 04:14:18'),
(49, 1015, 1026, 1, '2017-08-20 03:41:20', '2017-08-20 03:41:20'),
(50, 1017, 1026, 1, '2017-08-20 03:45:03', '2017-08-20 03:45:03'),
(51, 1018, 1026, 1, '2017-08-20 03:46:25', '2017-08-20 03:46:25'),
(52, 1019, 1026, 1, '2017-08-20 03:48:05', '2017-08-20 03:48:05'),
(53, 1021, 1026, 1, '2017-08-20 03:50:25', '2017-08-20 03:50:25'),
(54, 1022, 1026, 1, '2017-08-20 03:51:51', '2017-08-20 03:51:51'),
(55, 1004, 1026, 1, '2017-08-20 03:55:01', '2017-08-20 03:55:01'),
(56, 1014, 1026, 1, '2017-08-20 03:58:39', '2017-08-20 03:58:39'),
(57, 1012, 1013, 0, '2017-08-23 12:13:17', '2017-08-23 12:27:39'),
(58, 1025, 1026, 1, '2017-08-25 07:52:54', '2017-08-25 07:52:54'),
(59, 1025, 1004, 1, '2017-08-25 07:52:58', '2017-08-25 07:52:58'),
(60, 1012, 1041, 1, '2017-08-25 14:36:35', '2017-08-25 14:36:42'),
(61, 1041, 1041, 1, '2017-08-25 16:01:02', '2017-08-27 12:39:07'),
(62, 1041, 1014, 1, '2017-08-26 04:19:20', '2017-08-26 04:19:20'),
(63, 1041, 1039, 1, '2017-08-26 04:39:08', '2017-08-26 04:39:08'),
(64, 1042, 1041, 1, '2017-08-27 09:58:28', '2017-08-27 09:58:28'),
(65, 1041, 1035, 1, '2017-08-27 10:43:43', '2017-08-27 10:43:43'),
(66, 1037, 1042, 1, '2017-08-27 11:01:11', '2017-08-27 11:01:13'),
(67, 1025, 1042, 1, '2017-08-28 05:50:21', '2017-08-28 05:50:21'),
(68, 1043, 1039, 1, '2017-08-28 13:11:04', '2017-08-28 13:11:04'),
(69, 1043, 1041, 1, '2017-08-28 13:11:07', '2017-08-28 13:11:07'),
(70, 1043, 1042, 1, '2017-08-28 13:11:08', '2017-08-28 13:11:08'),
(71, 1043, 1043, 1, '2017-08-28 13:11:09', '2017-08-28 13:11:09'),
(72, 1043, 1036, 1, '2017-08-28 13:11:17', '2017-08-28 13:11:17'),
(73, 1043, 1040, 1, '2017-08-28 13:11:37', '2017-08-28 13:11:37'),
(74, 1014, 1040, 1, '2017-08-28 13:55:39', '2017-08-28 13:55:39'),
(75, 1014, 1042, 1, '2017-08-28 13:58:04', '2017-08-28 13:58:04'),
(76, 1014, 1043, 1, '2017-08-28 13:58:05', '2017-08-28 13:58:05'),
(77, 1043, 1014, 1, '2017-08-30 06:51:40', '2017-08-30 06:51:40'),
(78, 1014, 1044, 1, '2017-09-02 02:43:06', '2017-09-02 02:43:06'),
(79, 1018, 1044, 1, '2017-09-02 02:46:30', '2017-09-02 02:46:30'),
(80, 1030, 1044, 1, '2017-09-02 02:51:38', '2017-09-02 02:51:38'),
(81, 1044, 1014, 1, '2017-09-02 02:56:00', '2017-09-02 02:56:00'),
(82, 1044, 1018, 1, '2017-09-02 02:56:01', '2017-09-02 02:56:01'),
(83, 1044, 1030, 1, '2017-09-02 03:10:41', '2017-09-02 03:10:50'),
(84, 1044, 1039, 1, '2017-09-02 03:11:24', '2017-09-02 03:11:24'),
(85, 1039, 1044, 1, '2017-09-10 06:29:00', '2017-09-10 06:29:00'),
(86, 1039, 1043, 1, '2017-09-10 06:29:04', '2017-09-10 06:29:04'),
(87, 1039, 1041, 0, '2017-09-10 06:29:11', '2017-09-10 06:29:17'),
(88, 1047, 1044, 1, '2017-09-10 07:22:23', '2017-09-10 07:22:23'),
(89, 1047, 1042, 1, '2017-09-10 07:22:33', '2017-09-10 07:22:33'),
(90, 1047, 1014, 1, '2017-09-10 07:22:47', '2017-09-10 07:22:47'),
(91, 1048, 1047, 1, '2017-09-11 04:20:54', '2017-09-11 04:20:54'),
(92, 1048, 1048, 1, '2017-09-11 04:20:56', '2017-09-11 04:20:56'),
(93, 1026, 1022, 0, '2017-09-11 05:48:59', '2017-09-11 05:49:03'),
(94, 1026, 1041, 1, '2017-09-11 05:50:32', '2017-09-11 05:50:32'),
(95, 1044, 1041, 1, '2017-09-11 06:36:09', '2017-09-11 06:36:09'),
(96, 1044, 1047, 1, '2017-09-11 06:37:01', '2017-09-11 06:37:01');

-- --------------------------------------------------------

--
-- Table structure for table `tags`
--

CREATE TABLE `tags` (
  `tag_id` bigint(20) UNSIGNED NOT NULL,
  `tag_name` varchar(50) NOT NULL,
  `created_at` timestamp NOT NULL DEFAULT CURRENT_TIMESTAMP,
  `updated_at` timestamp NOT NULL DEFAULT CURRENT_TIMESTAMP ON UPDATE CURRENT_TIMESTAMP,
  `active` int(1) DEFAULT '1'
) ENGINE=MyISAM DEFAULT CHARSET=latin1;

--
-- Dumping data for table `tags`
--

INSERT INTO `tags` (`tag_id`, `tag_name`, `created_at`, `updated_at`, `active`) VALUES
(1, 'head', '2017-04-23 09:44:03', '2017-04-23 09:44:03', 1),
(2, 'dribble', '2017-04-23 09:44:03', '2017-04-23 09:44:03', 1),
(3, 'shoot', '2017-04-23 09:44:29', '2017-04-23 09:44:29', 1),
(4, 'free-kick', '2017-04-29 22:16:06', '2017-05-10 23:58:22', 1),
(5, 'curved-kick', '2017-04-29 22:17:52', '2017-05-10 23:58:30', 1),
(8, 'right-shoot', '2017-05-10 23:54:01', '2017-05-10 23:54:01', 1),
(9, 'left-shoot', '2017-05-10 23:54:17', '2017-05-10 23:54:17', 1),
(10, 'defense', '2017-05-10 23:55:25', '2017-05-10 23:55:25', 1),
(11, 'position', '2017-05-10 23:55:56', '2017-05-10 23:55:56', 1),
(12, 'penalty', '2017-05-10 23:56:38', '2017-05-10 23:56:38', 1),
(13, 'pass', '2017-05-10 23:57:06', '2017-05-10 23:57:06', 1),
(14, 'long-pass', '2017-05-10 23:57:17', '2017-05-10 23:57:17', 1),
(15, 'short-pass', '2017-05-10 23:57:26', '2017-05-10 23:57:26', 1),
(16, 'through-pass', '2017-05-10 23:58:08', '2017-05-10 23:58:08', 1),
(17, 'power', '2017-05-10 23:58:47', '2017-05-10 23:58:47', 1),
(18, 'stamina', '2017-05-10 23:59:43', '2017-05-10 23:59:43', 1),
(19, 'attack', '2017-05-10 23:59:54', '2017-05-10 23:59:54', 1),
(20, 'speed', '2017-05-11 00:00:49', '2017-05-11 00:00:49', 1),
(21, 'acceleration', '2017-05-11 00:01:43', '2017-05-11 00:01:43', 1),
(22, 'speed-dribble', '2017-05-11 00:03:28', '2017-05-11 00:03:28', 1),
(23, 'heading', '2017-05-11 00:03:53', '2017-05-11 00:03:53', 1),
(24, 'Bartosz', '2017-09-02 03:13:53', '2017-09-02 03:13:53', 1),
(25, 'Bartek', '2017-09-05 10:05:13', '2017-09-05 10:05:13', 1),
(27, 'Test', '2017-09-09 05:12:25', '2017-09-26 15:03:05', 1),
(28, 'adsfasdf', '2017-09-26 15:04:41', '2017-09-26 15:06:41', 1);

-- --------------------------------------------------------

--
-- Table structure for table `transactions`
--

CREATE TABLE `transactions` (
  `transaction_id` bigint(20) UNSIGNED NOT NULL,
  `category_id` bigint(20) UNSIGNED NOT NULL,
  `user_id` bigint(20) UNSIGNED NOT NULL,
  `ref_id` varchar(100) NOT NULL,
  `value` decimal(10,0) UNSIGNED NOT NULL,
  `created_at` datetime NOT NULL DEFAULT CURRENT_TIMESTAMP,
  `updated_at` datetime NOT NULL DEFAULT CURRENT_TIMESTAMP ON UPDATE CURRENT_TIMESTAMP
) ENGINE=MyISAM DEFAULT CHARSET=latin1;

--
-- Dumping data for table `transactions`
--

INSERT INTO `transactions` (`transaction_id`, `category_id`, `user_id`, `ref_id`, `value`, `created_at`, `updated_at`) VALUES
(1, 2, 6, '0', '10', '2017-09-04 20:44:11', '2017-09-04 20:44:11'),
(2, 3, 1024, '0', '15', '2017-09-04 20:44:12', '2017-09-04 20:44:12');

-- --------------------------------------------------------

--
-- Table structure for table `tricks`
--

CREATE TABLE `tricks` (
  `trick_id` bigint(20) UNSIGNED NOT NULL,
  `category_id` bigint(20) UNSIGNED NOT NULL,
  `trick_title` varchar(255) NOT NULL,
  `trick_thumbnail` varchar(255) NOT NULL,
  `ld_video_url` varchar(255) NOT NULL,
  `hd_video_url` varchar(255) NOT NULL,
  `trick_description` varchar(5000) DEFAULT NULL,
  `created_at` timestamp NOT NULL DEFAULT CURRENT_TIMESTAMP,
  `updated_at` timestamp NOT NULL DEFAULT CURRENT_TIMESTAMP ON UPDATE CURRENT_TIMESTAMP,
  `active` int(1) DEFAULT '1'
) ENGINE=MyISAM DEFAULT CHARSET=latin1;

--
-- Dumping data for table `tricks`
--

INSERT INTO `tricks` (`trick_id`, `category_id`, `trick_title`, `trick_thumbnail`, `ld_video_url`, `hd_video_url`, `trick_description`, `created_at`, `updated_at`, `active`) VALUES
(1, 1, 'Ultimate Best Football Tricks Skills', 'https://s3.eu-central-1.amazonaws.com/dribbler.org-category/beginner/Ultimate+Best+Football+Tricks+Skills/thumbnail.png', 'https://s3.eu-central-1.amazonaws.com/dribbler.org-category/beginner/Ultimate+Best+Football+Tricks+Skills/Ultimate+Best+Football+Tricks+Skills_LD.mp4', 'https://s3.eu-central-1.amazonaws.com/dribbler.org-category/beginner/Ultimate+Best+Football+Tricks+Skills/Ultimate+Best+Football+Tricks+Skills_HD.mp4', '[{\"title\": \"First Step\", \"thumbnail\": \"https://s3.eu-central-1.amazonaws.com/dribbler.org-category/beginner/Ultimate+Best+Football+Tricks+Skills/descriptioin/step1.png\", \"description\": \"The Maradona Turn is something every young kid practices because it is usable whilst mucking around in the park. There aren\'t many opportunities to use this in a game, but it represents one of the most popular moves in the sport. The video shows a Maradona turn executed perfectly in a high-pressure game situation.\"}, {\"title\": \"Second Step\", \"thumbnail\": \"https://s3.eu-central-1.amazonaws.com/dribbler.org-category/beginner/Ultimate+Best+Football+Tricks+Skills/descriptioin/step2.png\", \"description\": \"The Maradona Turn is something every young kid practices because it is usable whilst mucking around in the park. There aren\'t many opportunities to use this in a game, but it represents one of the most popular moves in the sport. The video shows a Maradona turn executed perfectly in a high-pressure game situation.\"}, {\"title\": \"Third Step\", \"thumbnail\": \"https://s3.eu-central-1.amazonaws.com/dribbler.org-category/beginner/Ultimate+Best+Football+Tricks+Skills/descriptioin/step3.png\", \"description\": \"The Maradona Turn is something every young kid practices because it is usable whilst mucking around in the park. There aren\'t many opportunities to use this in a game, but it represents one of the most popular moves in the sport. The video shows a Maradona turn executed perfectly in a high-pressure game situation.\"}, {\"title\": \"Firth Step\", \"thumbnail\": \"https://s3.eu-central-1.amazonaws.com/dribbler.org-category/beginner/Ultimate+Best+Football+Tricks+Skills/descriptioin/step4.png\", \"description\": \"The Maradona Turn is something every young kid practices because it is usable whilst mucking around in the park. There aren\'t many opportunities to use this in a game, but it represents one of the most popular moves in the sport. The video shows a Maradona turn executed perfectly in a high-pressure game situation.\"}]', '2017-04-29 17:18:54', '2017-05-11 00:06:34', 1),
(2, 1, 'Speed Dribble Trick', 'https://s3.eu-central-1.amazonaws.com/dribbler.org-category/beginner/Speed+Dribble+Trick/thumbnail.png', 'https://s3.eu-central-1.amazonaws.com/dribbler.org-category/beginner/Speed+Dribble+Trick/Speed+Dribble+Trick_HD.mp4', 'https://s3.eu-central-1.amazonaws.com/dribbler.org-category/beginner/Speed+Dribble+Trick/Speed+Dribble+Trick_HD.mp4', '[{\"title\": \"First Step\", \"thumbnail\": \"https://s3.eu-central-1.amazonaws.com/dribbler.org-category/beginner/Ultimate+Best+Football+Tricks+Skills/descriptioin/step1.png\", \"description\": \"The Maradona Turn is something every young kid practices because it is usable whilst mucking around in the park. There aren\'t many opportunities to use this in a game, but it represents one of the most popular moves in the sport. The video shows a Maradona turn executed perfectly in a high-pressure game situation.\"}, {\"title\": \"Second Step\", \"thumbnail\": \"https://s3.eu-central-1.amazonaws.com/dribbler.org-category/beginner/Ultimate+Best+Football+Tricks+Skills/descriptioin/step2.png\", \"description\": \"The Maradona Turn is something every young kid practices because it is usable whilst mucking around in the park. There aren\'t many opportunities to use this in a game, but it represents one of the most popular moves in the sport. The video shows a Maradona turn executed perfectly in a high-pressure game situation.\"}, {\"title\": \"Third Step\", \"thumbnail\": \"https://s3.eu-central-1.amazonaws.com/dribbler.org-category/beginner/Ultimate+Best+Football+Tricks+Skills/descriptioin/step3.png\", \"description\": \"The Maradona Turn is something every young kid practices because it is usable whilst mucking around in the park. There aren\'t many opportunities to use this in a game, but it represents one of the most popular moves in the sport. The video shows a Maradona turn executed perfectly in a high-pressure game situation.\"}, {\"title\": \"Firth Step\", \"thumbnail\": \"https://s3.eu-central-1.amazonaws.com/dribbler.org-category/beginner/Ultimate+Best+Football+Tricks+Skills/descriptioin/step4.png\", \"description\": \"The Maradona Turn is something every young kid practices because it is usable whilst mucking around in the park. There aren\'t many opportunities to use this in a game, but it represents one of the most popular moves in the sport. The video shows a Maradona turn executed perfectly in a high-pressure game situation.\"}]', '2017-05-11 00:10:09', '2017-05-11 00:15:57', 1),
(3, 1, 'Reus Trick', 'https://s3.eu-central-1.amazonaws.com/dribbler.org-category/beginner/Reus+Trick/thumbnail.png', 'https://s3.eu-central-1.amazonaws.com/dribbler.org-category/beginner/Reus+Trick/Reus+Trick_LD.mp4', 'https://s3.eu-central-1.amazonaws.com/dribbler.org-category/beginner/Reus+Trick/Reus+Trick_LD.mp4', '[{\"title\": \"First Step\", \"thumbnail\": \"https://s3.eu-central-1.amazonaws.com/dribbler.org-category/beginner/Ultimate+Best+Football+Tricks+Skills/descriptioin/step1.png\", \"description\": \"The Maradona Turn is something every young kid practices because it is usable whilst mucking around in the park. There aren\'t many opportunities to use this in a game, but it represents one of the most popular moves in the sport. The video shows a Maradona turn executed perfectly in a high-pressure game situation.\"}, {\"title\": \"Second Step\", \"thumbnail\": \"https://s3.eu-central-1.amazonaws.com/dribbler.org-category/beginner/Ultimate+Best+Football+Tricks+Skills/descriptioin/step2.png\", \"description\": \"The Maradona Turn is something every young kid practices because it is usable whilst mucking around in the park. There aren\'t many opportunities to use this in a game, but it represents one of the most popular moves in the sport. The video shows a Maradona turn executed perfectly in a high-pressure game situation.\"}, {\"title\": \"Third Step\", \"thumbnail\": \"https://s3.eu-central-1.amazonaws.com/dribbler.org-category/beginner/Ultimate+Best+Football+Tricks+Skills/descriptioin/step3.png\", \"description\": \"The Maradona Turn is something every young kid practices because it is usable whilst mucking around in the park. There aren\'t many opportunities to use this in a game, but it represents one of the most popular moves in the sport. The video shows a Maradona turn executed perfectly in a high-pressure game situation.\"}, {\"title\": \"Firth Step\", \"thumbnail\": \"https://s3.eu-central-1.amazonaws.com/dribbler.org-category/beginner/Ultimate+Best+Football+Tricks+Skills/descriptioin/step4.png\", \"description\": \"The Maradona Turn is something every young kid practices because it is usable whilst mucking around in the park. There aren\'t many opportunities to use this in a game, but it represents one of the most popular moves in the sport. The video shows a Maradona turn executed perfectly in a high-pressure game situation.\"}]', '2017-05-11 00:16:44', '2017-05-11 00:19:26', 1),
(4, 1, 'Best Dribble Trick', 'https://s3.eu-central-1.amazonaws.com/dribbler.org-category/beginner/Best+Dribble+Trick/thumbnail.jpg', 'https://s3.eu-central-1.amazonaws.com/dribbler.org-category/beginner/Best+Dribble+Trick/Best+Dribble+Trick_LD.mp4', 'https://s3.eu-central-1.amazonaws.com/dribbler.org-category/beginner/Best+Dribble+Trick/Best+Dribble+Trick_LD.mp4', '[{\"title\": \"First Step\", \"thumbnail\": \"https://s3.eu-central-1.amazonaws.com/dribbler.org-category/beginner/Ultimate+Best+Football+Tricks+Skills/descriptioin/step1.png\", \"description\": \"The Maradona Turn is something every young kid practices because it is usable whilst mucking around in the park. There aren\'t many opportunities to use this in a game, but it represents one of the most popular moves in the sport. The video shows a Maradona turn executed perfectly in a high-pressure game situation.\"}, {\"title\": \"Second Step\", \"thumbnail\": \"https://s3.eu-central-1.amazonaws.com/dribbler.org-category/beginner/Ultimate+Best+Football+Tricks+Skills/descriptioin/step2.png\", \"description\": \"The Maradona Turn is something every young kid practices because it is usable whilst mucking around in the park. There aren\'t many opportunities to use this in a game, but it represents one of the most popular moves in the sport. The video shows a Maradona turn executed perfectly in a high-pressure game situation.\"}, {\"title\": \"Third Step\", \"thumbnail\": \"https://s3.eu-central-1.amazonaws.com/dribbler.org-category/beginner/Ultimate+Best+Football+Tricks+Skills/descriptioin/step3.png\", \"description\": \"The Maradona Turn is something every young kid practices because it is usable whilst mucking around in the park. There aren\'t many opportunities to use this in a game, but it represents one of the most popular moves in the sport. The video shows a Maradona turn executed perfectly in a high-pressure game situation.\"}, {\"title\": \"Firth Step\", \"thumbnail\": \"https://s3.eu-central-1.amazonaws.com/dribbler.org-category/beginner/Ultimate+Best+Football+Tricks+Skills/descriptioin/step4.png\", \"description\": \"The Maradona Turn is something every young kid practices because it is usable whilst mucking around in the park. There aren\'t many opportunities to use this in a game, but it represents one of the most popular moves in the sport. The video shows a Maradona turn executed perfectly in a high-pressure game situation.\"}]', '2017-05-11 00:34:04', '2017-05-11 00:36:51', 1),
(5, 1, 'Test Trick 1', 'https://s3.eu-central-1.amazonaws.com/dribbler.org-category/beginner/Best+Dribble+Trick/thumbnail.jpg', 'https://s3.eu-central-1.amazonaws.com/dribbler.org-category/beginner/Best+Dribble+Trick/Best+Dribble+Trick_LD.mp4', 'https://s3.eu-central-1.amazonaws.com/dribbler.org-category/beginner/Best+Dribble+Trick/Best+Dribble+Trick_LD.mp4', '[{\"title\": \"First\", \"thumbnail\": \"https://s3.eu-central-1.amazonaws.com/dribbler.org-category/beginner/Ultimate+Best+Football+Tricks+Skills/descriptioin/step1.png\", \"description\": \"LSLSs work with infants and children who are deaf or hard of hearing and their families seeking a listening and spoken language outcome in a variety of settings\"}, {\"title\": \"Second Step\", \"thumbnail\": \"https://s3.eu-central-1.amazonaws.com/dribbler.org-category/beginner/Ultimate+Best+Football+Tricks+Skills/descriptioin/step2.png\", \"description\": \"LSLSs work with infants and children who are deaf or hard of hearing and their families seeking a listening and spoken language outcome in a variety of settings\"}, {\"title\": \"Third Step\", \"thumbnail\": \"https://s3.eu-central-1.amazonaws.com/dribbler.org-category/beginner/Ultimate+Best+Football+Tricks+Skills/descriptioin/step3.png\", \"description\": \"LSLSs work with infants and children who are deaf or hard of hearing and their families seeking a listening and spoken language outcome in a variety of settings\"}, {\"title\": \"Firth Step\", \"thumbnail\": \"https://s3.eu-central-1.amazonaws.com/dribbler.org-category/beginner/Ultimate+Best+Football+Tricks+Skills/descriptioin/step4.png\", \"description\": \"LSLSs work with infants and children who are deaf or hard of hearing and their families seeking a listening and spoken language outcome in a variety of settings\"}]', '2017-05-12 14:11:45', '2017-05-12 14:11:45', 1),
(6, 1, 'Test Trick 2', 'https://s3.eu-central-1.amazonaws.com/dribbler.org-category/beginner/Best+Dribble+Trick/thumbnail.jpg', 'https://s3.eu-central-1.amazonaws.com/dribbler.org-category/beginner/Best+Dribble+Trick/Best+Dribble+Trick_LD.mp4', 'https://s3.eu-central-1.amazonaws.com/dribbler.org-category/beginner/Best+Dribble+Trick/Best+Dribble+Trick_LD.mp4', '[{\"title\": \"First\", \"thumbnail\": \"https://s3.eu-central-1.amazonaws.com/dribbler.org-category/beginner/Ultimate+Best+Football+Tricks+Skills/descriptioin/step1.png\", \"description\": \"LSLSs work with infants and children who are deaf or hard of hearing and their families seeking a listening and spoken language outcome in a variety of settings\"}, {\"title\": \"Second Step\", \"thumbnail\": \"https://s3.eu-central-1.amazonaws.com/dribbler.org-category/beginner/Ultimate+Best+Football+Tricks+Skills/descriptioin/step2.png\", \"description\": \"LSLSs work with infants and children who are deaf or hard of hearing and their families seeking a listening and spoken language outcome in a variety of settings\"}, {\"title\": \"Third Step\", \"thumbnail\": \"https://s3.eu-central-1.amazonaws.com/dribbler.org-category/beginner/Ultimate+Best+Football+Tricks+Skills/descriptioin/step3.png\", \"description\": \"LSLSs work with infants and children who are deaf or hard of hearing and their families seeking a listening and spoken language outcome in a variety of settings\"}, {\"title\": \"Firth Step\", \"thumbnail\": \"https://s3.eu-central-1.amazonaws.com/dribbler.org-category/beginner/Ultimate+Best+Football+Tricks+Skills/descriptioin/step4.png\", \"description\": \"LSLSs work with infants and children who are deaf or hard of hearing and their families seeking a listening and spoken language outcome in a variety of settings\"}]', '2017-05-12 14:11:45', '2017-05-12 14:11:45', 1),
(7, 1, 'Test Trick 4', 'https://s3.eu-central-1.amazonaws.com/dribbler.org-category/beginner/Best+Dribble+Trick/thumbnail.jpg', 'https://s3.eu-central-1.amazonaws.com/dribbler.org-category/beginner/Best+Dribble+Trick/Best+Dribble+Trick_LD.mp4', 'https://s3.eu-central-1.amazonaws.com/dribbler.org-category/beginner/Best+Dribble+Trick/Best+Dribble+Trick_LD.mp4', '[{\"title\": \"First\", \"thumbnail\": \"https://s3.eu-central-1.amazonaws.com/dribbler.org-category/beginner/Ultimate+Best+Football+Tricks+Skills/descriptioin/step1.png\", \"description\": \"LSLSs work with infants and children who are deaf or hard of hearing and their families seeking a listening and spoken language outcome in a variety of settings\"}, {\"title\": \"Second Step\", \"thumbnail\": \"https://s3.eu-central-1.amazonaws.com/dribbler.org-category/beginner/Ultimate+Best+Football+Tricks+Skills/descriptioin/step2.png\", \"description\": \"LSLSs work with infants and children who are deaf or hard of hearing and their families seeking a listening and spoken language outcome in a variety of settings\"}, {\"title\": \"Third Step\", \"thumbnail\": \"https://s3.eu-central-1.amazonaws.com/dribbler.org-category/beginner/Ultimate+Best+Football+Tricks+Skills/descriptioin/step3.png\", \"description\": \"LSLSs work with infants and children who are deaf or hard of hearing and their families seeking a listening and spoken language outcome in a variety of settings\"}, {\"title\": \"Firth Step\", \"thumbnail\": \"https://s3.eu-central-1.amazonaws.com/dribbler.org-category/beginner/Ultimate+Best+Football+Tricks+Skills/descriptioin/step4.png\", \"description\": \"LSLSs work with infants and children who are deaf or hard of hearing and their families seeking a listening and spoken language outcome in a variety of settings\"}]', '2017-05-12 14:11:45', '2017-05-12 14:11:45', 1),
(8, 1, 'Test Trick 5', 'https://s3.eu-central-1.amazonaws.com/dribbler.org-category/beginner/Best+Dribble+Trick/thumbnail.jpg', 'https://s3.eu-central-1.amazonaws.com/dribbler.org-category/beginner/Best+Dribble+Trick/Best+Dribble+Trick_LD.mp4', 'https://s3.eu-central-1.amazonaws.com/dribbler.org-category/beginner/Best+Dribble+Trick/Best+Dribble+Trick_LD.mp4', '[{\"title\": \"First\", \"thumbnail\": \"https://s3.eu-central-1.amazonaws.com/dribbler.org-category/beginner/Ultimate+Best+Football+Tricks+Skills/descriptioin/step1.png\", \"description\": \"LSLSs work with infants and children who are deaf or hard of hearing and their families seeking a listening and spoken language outcome in a variety of settings\"}, {\"title\": \"Second Step\", \"thumbnail\": \"https://s3.eu-central-1.amazonaws.com/dribbler.org-category/beginner/Ultimate+Best+Football+Tricks+Skills/descriptioin/step2.png\", \"description\": \"LSLSs work with infants and children who are deaf or hard of hearing and their families seeking a listening and spoken language outcome in a variety of settings\"}, {\"title\": \"Third Step\", \"thumbnail\": \"https://s3.eu-central-1.amazonaws.com/dribbler.org-category/beginner/Ultimate+Best+Football+Tricks+Skills/descriptioin/step3.png\", \"description\": \"LSLSs work with infants and children who are deaf or hard of hearing and their families seeking a listening and spoken language outcome in a variety of settings\"}, {\"title\": \"Firth Step\", \"thumbnail\": \"https://s3.eu-central-1.amazonaws.com/dribbler.org-category/beginner/Ultimate+Best+Football+Tricks+Skills/descriptioin/step4.png\", \"description\": \"LSLSs work with infants and children who are deaf or hard of hearing and their families seeking a listening and spoken language outcome in a variety of settings\"}]', '2017-05-12 14:11:45', '2017-05-12 14:11:45', 1),
(9, 1, 'Messi Trick', 'https://s3.eu-central-1.amazonaws.com/dribbler.org-category/beginner/Best+Dribble+Trick/thumbnail.jpg', 'https://s3.eu-central-1.amazonaws.com/dribbler.org-category/beginner/Best+Dribble+Trick/Best+Dribble+Trick_LD.mp4', 'https://s3.eu-central-1.amazonaws.com/dribbler.org-category/beginner/Best+Dribble+Trick/Best+Dribble+Trick_LD.mp4', '[{\"title\": \"First\", \"thumbnail\": \"https://s3.eu-central-1.amazonaws.com/dribbler.org-category/beginner/Ultimate+Best+Football+Tricks+Skills/descriptioin/step1.png\", \"description\": \"LSLSs work with infants and children who are deaf or hard of hearing and their families seeking a listening and spoken language outcome in a variety of settings\"}, {\"title\": \"Second Step\", \"thumbnail\": \"https://s3.eu-central-1.amazonaws.com/dribbler.org-category/beginner/Ultimate+Best+Football+Tricks+Skills/descriptioin/step2.png\", \"description\": \"LSLSs work with infants and children who are deaf or hard of hearing and their families seeking a listening and spoken language outcome in a variety of settings\"}, {\"title\": \"Third Step\", \"thumbnail\": \"https://s3.eu-central-1.amazonaws.com/dribbler.org-category/beginner/Ultimate+Best+Football+Tricks+Skills/descriptioin/step3.png\", \"description\": \"LSLSs work with infants and children who are deaf or hard of hearing and their families seeking a listening and spoken language outcome in a variety of settings\"}, {\"title\": \"Firth Step\", \"thumbnail\": \"https://s3.eu-central-1.amazonaws.com/dribbler.org-category/beginner/Ultimate+Best+Football+Tricks+Skills/descriptioin/step4.png\", \"description\": \"LSLSs work with infants and children who are deaf or hard of hearing and their families seeking a listening and spoken language outcome in a variety of settings\"}]', '2017-05-12 14:11:45', '2017-05-12 14:12:26', 1),
(10, 3, 'Bartosz trick', 'https://s3.eu-central-1.amazonaws.com/dribbler.org-videos/3/Bartosz%20trick/thumbnailjpeg', 'https://s3.eu-central-1.amazonaws.com/dribbler.org-videos/3/Bartosz%20trick/video.mp4', 'https://s3.eu-central-1.amazonaws.com/dribbler.org-videos/3/Bartosz%20trick/video.mp4', '[{\"title\": \"First\", \"thumbnail\": \"https://s3.eu-central-1.amazonaws.com/dribbler.org-category/beginner/Ultimate+Best+Football+Tricks+Skills/descriptioin/step1.png\", \"description\": \"LSLSs work with infants and children who are deaf or hard of hearing and their families seeking a listening and spoken language outcome in a variety of settings\"}, {\"title\": \"Second Step\", \"thumbnail\": \"https://s3.eu-central-1.amazonaws.com/dribbler.org-category/beginner/Ultimate+Best+Football+Tricks+Skills/descriptioin/step2.png\", \"description\": \"LSLSs work with infants and children who are deaf or hard of hearing and their families seeking a listening and spoken language outcome in a variety of settings\"}, {\"title\": \"Third Step\", \"thumbnail\": \"https://s3.eu-central-1.amazonaws.com/dribbler.org-category/beginner/Ultimate+Best+Football+Tricks+Skills/descriptioin/step3.png\", \"description\": \"LSLSs work with infants and children who are deaf or hard of hearing and their families seeking a listening and spoken language outcome in a variety of settings\"}, {\"title\": \"Firth Step\", \"thumbnail\": \"https://s3.eu-central-1.amazonaws.com/dribbler.org-category/beginner/Ultimate+Best+Football+Tricks+Skills/descriptioin/step4.png\", \"description\": \"LSLSs work with infants and children who are deaf or hard of hearing and their families seeking a listening and spoken language outcome in a variety of settings\"}]', '2017-05-12 14:29:09', '2017-09-09 04:56:49', 1),
(14, 1, 'New Trick - Ania', 'https://s3.eu-central-1.amazonaws.com/dribbler.org-videos/1/New%20Trick%20-%20Ania/thumbnailjpeg', 'https://s3.eu-central-1.amazonaws.com/dribbler.org-videos/1/New%20Trick%20-%20Ania/video.mp4', 'https://s3.eu-central-1.amazonaws.com/dribbler.org-videos/1/New%20Trick%20-%20Ania/video.mp4', '[{\"title\": \"First\", \"thumbnail\": \"https://s3.eu-central-1.amazonaws.com/dribbler.org-category/beginner/Ultimate+Best+Football+Tricks+Skills/descriptioin/step1.png\", \"description\": \"LSLSs work with infants and children who are deaf or hard of hearing and their families seeking a listening and spoken language outcome in a variety of settings\"}, {\"title\": \"Second Step\", \"thumbnail\": \"https://s3.eu-central-1.amazonaws.com/dribbler.org-category/beginner/Ultimate+Best+Football+Tricks+Skills/descriptioin/step2.png\", \"description\": \"LSLSs work with infants and children who are deaf or hard of hearing and their families seeking a listening and spoken language outcome in a variety of settings\"}, {\"title\": \"Third Step\", \"thumbnail\": \"https://s3.eu-central-1.amazonaws.com/dribbler.org-category/beginner/Ultimate+Best+Football+Tricks+Skills/descriptioin/step3.png\", \"description\": \"LSLSs work with infants and children who are deaf or hard of hearing and their families seeking a listening and spoken language outcome in a variety of settings\"}, {\"title\": \"Firth Step\", \"thumbnail\": \"https://s3.eu-central-1.amazonaws.com/dribbler.org-category/beginner/Ultimate+Best+Football+Tricks+Skills/descriptioin/step4.png\", \"description\": \"LSLSs work with infants and children who are deaf or hard of hearing and their families seeking a listening and spoken language outcome in a variety of settings\"}]', '2017-09-09 04:59:46', '2017-09-09 04:59:46', 1),
(12, 1, 'adf', 'https://s3.eu-central-1.amazonaws.com/dribbler.org-videos/1/adf/thumbnailpng', 'https://s3.eu-central-1.amazonaws.com/dribbler.org-videos/1/adf/video.mp4', 'https://s3.eu-central-1.amazonaws.com/dribbler.org-videos/1/adf/video.mp4', '[{\"title\": \"First\", \"thumbnail\": \"https://s3.eu-central-1.amazonaws.com/dribbler.org-category/beginner/Ultimate+Best+Football+Tricks+Skills/descriptioin/step1.png\", \"description\": \"LSLSs work with infants and children who are deaf or hard of hearing and their families seeking a listening and spoken language outcome in a variety of settings\"}, {\"title\": \"Second Step\", \"thumbnail\": \"https://s3.eu-central-1.amazonaws.com/dribbler.org-category/beginner/Ultimate+Best+Football+Tricks+Skills/descriptioin/step2.png\", \"description\": \"LSLSs work with infants and children who are deaf or hard of hearing and their families seeking a listening and spoken language outcome in a variety of settings\"}, {\"title\": \"Third Step\", \"thumbnail\": \"https://s3.eu-central-1.amazonaws.com/dribbler.org-category/beginner/Ultimate+Best+Football+Tricks+Skills/descriptioin/step3.png\", \"description\": \"LSLSs work with infants and children who are deaf or hard of hearing and their families seeking a listening and spoken language outcome in a variety of settings\"}, {\"title\": \"Firth Step\", \"thumbnail\": \"https://s3.eu-central-1.amazonaws.com/dribbler.org-category/beginner/Ultimate+Best+Football+Tricks+Skills/descriptioin/step4.png\", \"description\": \"LSLSs work with infants and children who are deaf or hard of hearing and their families seeking a listening and spoken language outcome in a variety of settings\"}]', '2017-09-05 12:11:20', '2017-09-05 12:11:20', 1),
(13, 1, 'adf', 'https://s3.eu-central-1.amazonaws.com/dribbler.org-videos/1/adf/thumbnailpng', 'https://s3.eu-central-1.amazonaws.com/dribbler.org-videos/1/adf/video.mp4', 'https://s3.eu-central-1.amazonaws.com/dribbler.org-videos/1/adf/video.mp4', '[{\"title\": \"First\", \"thumbnail\": \"https://s3.eu-central-1.amazonaws.com/dribbler.org-category/beginner/Ultimate+Best+Football+Tricks+Skills/descriptioin/step1.png\", \"description\": \"LSLSs work with infants and children who are deaf or hard of hearing and their families seeking a listening and spoken language outcome in a variety of settings\"}, {\"title\": \"Second Step\", \"thumbnail\": \"https://s3.eu-central-1.amazonaws.com/dribbler.org-category/beginner/Ultimate+Best+Football+Tricks+Skills/descriptioin/step2.png\", \"description\": \"LSLSs work with infants and children who are deaf or hard of hearing and their families seeking a listening and spoken language outcome in a variety of settings\"}, {\"title\": \"Third Step\", \"thumbnail\": \"https://s3.eu-central-1.amazonaws.com/dribbler.org-category/beginner/Ultimate+Best+Football+Tricks+Skills/descriptioin/step3.png\", \"description\": \"LSLSs work with infants and children who are deaf or hard of hearing and their families seeking a listening and spoken language outcome in a variety of settings\"}, {\"title\": \"Firth Step\", \"thumbnail\": \"https://s3.eu-central-1.amazonaws.com/dribbler.org-category/beginner/Ultimate+Best+Football+Tricks+Skills/descriptioin/step4.png\", \"description\": \"LSLSs work with infants and children who are deaf or hard of hearing and their families seeking a listening and spoken language outcome in a variety of settings\"}]', '2017-09-05 12:30:31', '2017-09-05 12:38:29', 1),
(15, 1, 'Test Trick Bartek', 'https://s3.eu-central-1.amazonaws.com/dribbler.org-videos/1/Test%20Trick%20Bartek/thumbnailpng', 'https://s3.eu-central-1.amazonaws.com/dribbler.org-videos/1/Test%20Trick%20Bartek/video.mp4', 'https://s3.eu-central-1.amazonaws.com/dribbler.org-videos/1/Test%20Trick%20Bartek/video.mp4', '[{\"title\": \"First\", \"thumbnail\": \"https://s3.eu-central-1.amazonaws.com/dribbler.org-category/beginner/Ultimate+Best+Football+Tricks+Skills/descriptioin/step1.png\", \"description\": \"LSLSs work with infants and children who are deaf or hard of hearing and their families seeking a listening and spoken language outcome in a variety of settings\"}, {\"title\": \"Second Step\", \"thumbnail\": \"https://s3.eu-central-1.amazonaws.com/dribbler.org-category/beginner/Ultimate+Best+Football+Tricks+Skills/descriptioin/step2.png\", \"description\": \"LSLSs work with infants and children who are deaf or hard of hearing and their families seeking a listening and spoken language outcome in a variety of settings\"}, {\"title\": \"Third Step\", \"thumbnail\": \"https://s3.eu-central-1.amazonaws.com/dribbler.org-category/beginner/Ultimate+Best+Football+Tricks+Skills/descriptioin/step3.png\", \"description\": \"LSLSs work with infants and children who are deaf or hard of hearing and their families seeking a listening and spoken language outcome in a variety of settings\"}, {\"title\": \"Firth Step\", \"thumbnail\": \"https://s3.eu-central-1.amazonaws.com/dribbler.org-category/beginner/Ultimate+Best+Football+Tricks+Skills/descriptioin/step4.png\", \"description\": \"LSLSs work with infants and children who are deaf or hard of hearing and their families seeking a listening and spoken language outcome in a variety of settings\"}]', '2017-09-09 05:01:25', '2017-09-09 05:13:16', 1);

-- --------------------------------------------------------

--
-- Table structure for table `trick_tag`
--

CREATE TABLE `trick_tag` (
  `id` int(10) UNSIGNED NOT NULL,
  `trick_id` int(10) UNSIGNED NOT NULL,
  `tag_id` int(10) UNSIGNED NOT NULL
) ENGINE=MyISAM DEFAULT CHARSET=latin1;

--
-- Dumping data for table `trick_tag`
--

INSERT INTO `trick_tag` (`id`, `trick_id`, `tag_id`) VALUES
(1, 1, 2),
(2, 1, 23),
(3, 1, 3),
(4, 1, 22),
(5, 1, 4),
(6, 0, 0),
(7, 2, 2),
(8, 2, 22),
(9, 2, 19),
(10, 2, 16),
(11, 2, 18);

-- --------------------------------------------------------

--
-- Table structure for table `unlock_rule`
--

CREATE TABLE `unlock_rule` (
  `id` int(10) UNSIGNED NOT NULL,
  `category_id` bigint(20) NOT NULL DEFAULT '1',
  `facebook_connect` tinyint(1) NOT NULL DEFAULT '1',
  `google_connect` tinyint(1) NOT NULL DEFAULT '1',
  `upload_video_count_per_trick_amature` int(10) NOT NULL DEFAULT '1',
  `view_count_per_video_amature` int(10) NOT NULL DEFAULT '50',
  `upload_video_count_per_trick_advanced` int(10) NOT NULL DEFAULT '1',
  `view_count_per_video_advanced` int(10) NOT NULL DEFAULT '50',
  `try_count_amature` int(10) NOT NULL DEFAULT '10',
  `dribble_average_amature` int(10) NOT NULL DEFAULT '7',
  `try_count_advanced` int(10) NOT NULL DEFAULT '10',
  `dribble_average_advanced` int(10) NOT NULL DEFAULT '7',
  `dribble_score` int(10) NOT NULL DEFAULT '20',
  `gold_medal_count` int(10) NOT NULL DEFAULT '1',
  `follower_count` int(10) NOT NULL DEFAULT '11',
  `following_count` int(10) NOT NULL DEFAULT '11',
  `created_at` timestamp NULL DEFAULT CURRENT_TIMESTAMP,
  `updated_at` timestamp NULL DEFAULT CURRENT_TIMESTAMP
) ENGINE=MyISAM DEFAULT CHARSET=utf8mb4 COLLATE=utf8mb4_unicode_ci;

--
-- Dumping data for table `unlock_rule`
--

INSERT INTO `unlock_rule` (`id`, `category_id`, `facebook_connect`, `google_connect`, `upload_video_count_per_trick_amature`, `view_count_per_video_amature`, `upload_video_count_per_trick_advanced`, `view_count_per_video_advanced`, `try_count_amature`, `dribble_average_amature`, `try_count_advanced`, `dribble_average_advanced`, `dribble_score`, `gold_medal_count`, `follower_count`, `following_count`, `created_at`, `updated_at`) VALUES
(1, 2, 1, 1, 1, 50, 1, 50, 10, 7, 10, 7, 20, 1, 11, 11, '2017-09-04 14:42:36', '2017-09-04 14:42:36'),
(2, 3, 1, 1, 5, 100, 1, 50, 25, 8, 10, 7, 20, 3, 25, 25, '2017-09-04 14:42:37', '2017-09-04 14:42:37');

-- --------------------------------------------------------

--
-- Table structure for table `users`
--

CREATE TABLE `users` (
  `id` bigint(20) UNSIGNED NOT NULL,
  `role` varchar(10) COLLATE utf8mb4_unicode_ci NOT NULL DEFAULT 'guest',
  `name` varchar(191) COLLATE utf8mb4_unicode_ci NOT NULL,
  `first_name` varchar(50) COLLATE utf8mb4_unicode_ci NOT NULL,
  `last_name` varchar(50) COLLATE utf8mb4_unicode_ci NOT NULL,
  `gender` tinyint(1) NOT NULL DEFAULT '0',
  `birthday` date NOT NULL,
  `photo` varchar(100) COLLATE utf8mb4_unicode_ci NOT NULL,
  `email` varchar(191) COLLATE utf8mb4_unicode_ci NOT NULL,
  `verified` tinyint(1) NOT NULL DEFAULT '0',
  `confirmation_code` varchar(50) COLLATE utf8mb4_unicode_ci NOT NULL,
  `status` varchar(10) COLLATE utf8mb4_unicode_ci NOT NULL,
  `subscribe` tinyint(1) NOT NULL DEFAULT '0',
  `facebook_id` varchar(100) COLLATE utf8mb4_unicode_ci NOT NULL,
  `google_id` varchar(100) COLLATE utf8mb4_unicode_ci NOT NULL,
  `push_enable` tinyint(1) NOT NULL DEFAULT '1',
  `high_video_enable` tinyint(1) NOT NULL DEFAULT '1',
  `following_count` int(10) UNSIGNED NOT NULL DEFAULT '0',
  `follower_count` int(10) UNSIGNED NOT NULL DEFAULT '0',
  `video_count` int(10) UNSIGNED NOT NULL DEFAULT '0',
  `overall_ranking` int(10) UNSIGNED NOT NULL DEFAULT '0',
  `dribble_score` int(2) NOT NULL DEFAULT '0',
  `dribble_medal` tinyint(3) UNSIGNED NOT NULL DEFAULT '0',
  `trick_completion_count` smallint(5) UNSIGNED NOT NULL DEFAULT '0',
  `password` varchar(191) COLLATE utf8mb4_unicode_ci NOT NULL,
  `remember_token` varchar(100) COLLATE utf8mb4_unicode_ci DEFAULT NULL,
  `created_at` timestamp NULL DEFAULT NULL,
  `updated_at` timestamp NULL DEFAULT NULL,
  `fb_enable` tinyint(4) NOT NULL DEFAULT '0',
  `google_enable` tinyint(4) NOT NULL DEFAULT '0'
) ENGINE=MyISAM DEFAULT CHARSET=utf8mb4 COLLATE=utf8mb4_unicode_ci;

--
-- Dumping data for table `users`
--

INSERT INTO `users` (`id`, `role`, `name`, `first_name`, `last_name`, `gender`, `birthday`, `photo`, `email`, `verified`, `confirmation_code`, `status`, `subscribe`, `facebook_id`, `google_id`, `push_enable`, `high_video_enable`, `following_count`, `follower_count`, `video_count`, `overall_ranking`, `dribble_score`, `dribble_medal`, `trick_completion_count`, `password`, `remember_token`, `created_at`, `updated_at`, `fb_enable`, `google_enable`) VALUES
(4, 'admin', 'Jason Kei', 'Jason', 'Kei', 0, '2017-04-10', 'https://s3.eu-central-1.amazonaws.com/dribbler.org-avatars/Avatar6d.jpg', 'admin@admin.com', 1, '', 'active', 1, '', '', 1, 1, 0, 1, 0, 18, 0, 0, 0, '$2y$10$/1vNQF7W01qKZ2JcVrKRUelSBGpbVifkUnlmCZ5X8l8E6rOtpVcLK', 'pGPxLlfzAaqlnFhIqXuYbecBICdFxekc6gilQhKiWSPqtd0xoKj8LCY7p4B5', '2017-04-10 07:30:06', '2017-09-03 04:08:31', 0, 0),
(6, 'guest', 'Jason K', 'Jason', 'K', 1, '2010-04-21', 'https://s3.eu-central-1.amazonaws.com/dribbler.org-avatars/Avatar6d.jpg', 'jasonisme555@gmail.com', 1, '', 'active', 2, '446391255701490', '', 0, 0, 0, 2, 5, 12, 118, 1, 0, '$2y$10$2MXVvKzgzmmc.gxhp7Hv8.gaFQizAxfmRMDjERY.wdL.7AYnKQmfS', NULL, '2017-04-27 18:41:47', '2017-09-04 14:53:00', 0, 0),
(20, 'guest', 'Philipp Lahm', 'Philipp', 'Lahm', 0, '2017-05-12', 'https://s3.eu-central-1.amazonaws.com/dribbler.org-avatars/Avatar20B.jpg', '20@gmail.com', 0, '', 'active', 0, '', '', 1, 1, 0, 0, 0, 19, 0, 0, 0, '$2y$10$MPCI6vOer0Mis.085uR/xu.jhdEqLrMDdZgDvV4/tYuRBsMUqxH2m', NULL, '2017-04-27 18:41:47', '2017-09-03 04:08:31', 0, 0),
(19, 'guest', 'Xabi Alonso', 'Xabi', 'Alonso', 0, '2017-05-11', 'https://s3.eu-central-1.amazonaws.com/dribbler.org-avatars/Avatar19B.jpg', '19@gmail.com', 0, '', 'active', 0, '', '', 1, 1, 0, 0, 0, 20, 0, 0, 0, '$2y$10$MPCI6vOer0Mis.085uR/xu.jhdEqLrMDdZgDvV4/tYuRBsMUqxH2m', NULL, '2017-04-27 18:41:47', '2017-09-03 04:08:31', 0, 0),
(18, 'guest', 'Thomas Muller', 'Thomas', 'Muller', 0, '2017-05-16', 'https://s3.eu-central-1.amazonaws.com/dribbler.org-avatars/Avatar18B.jpg', '18@gmail.com', 0, '', 'active', 0, '', '', 1, 1, 0, 0, 0, 21, 0, 0, 0, '$2y$10$MPCI6vOer0Mis.085uR/xu.jhdEqLrMDdZgDvV4/tYuRBsMUqxH2m', NULL, '2017-04-27 18:41:47', '2017-09-03 04:08:31', 0, 0),
(16, 'guest', 'Luis Suarez', 'Luis', 'Suarez', 0, '2017-05-03', 'https://s3.eu-central-1.amazonaws.com/dribbler.org-avatars/Avatar16A.jpg', '16@gmail.com', 0, '', 'active', 0, '', '', 1, 1, 0, 0, 0, 22, 0, 0, 0, '$2y$10$MPCI6vOer0Mis.085uR/xu.jhdEqLrMDdZgDvV4/tYuRBsMUqxH2m', NULL, '2017-04-27 18:41:47', '2017-09-26 10:34:13', 0, 0),
(17, 'guest', 'Arjen Robben', 'Arjen', 'Robben', 0, '2017-05-03', 'https://s3.eu-central-1.amazonaws.com/dribbler.org-avatars/Avatar17B.jpg', '17@gmail.com', 0, '', 'active', 0, '', '', 1, 1, 0, 1, 0, 23, 0, 0, 0, '$2y$10$MPCI6vOer0Mis.085uR/xu.jhdEqLrMDdZgDvV4/tYuRBsMUqxH2m', NULL, '2017-04-27 18:41:47', '2017-09-26 10:37:49', 0, 0),
(15, 'guest', 'Neymar Silva', 'Neymar', 'Silva', 0, '2017-05-19', 'https://s3.eu-central-1.amazonaws.com/dribbler.org-avatars/Avatar15A.jpg', '15@gmail.com', 0, '', 'active', 0, '', '', 1, 1, 0, 0, 1, 13, 108, 0, 0, '$2y$10$MPCI6vOer0Mis.085uR/xu.jhdEqLrMDdZgDvV4/tYuRBsMUqxH2m', NULL, '2017-04-27 18:41:47', '2017-09-04 14:53:01', 0, 0),
(14, 'guest', 'Lionel Messi', 'Lionel', 'Messi', 0, '2017-05-20', 'https://s3.eu-central-1.amazonaws.com/dribbler.org-avatars/Avatar14A.jpg', '14@gmail.com', 0, '', 'active', 0, '', '', 1, 1, 0, 1, 0, 24, 0, 0, 0, '$2y$10$MPCI6vOer0Mis.085uR/xu.jhdEqLrMDdZgDvV4/tYuRBsMUqxH2m', NULL, '2017-04-27 18:41:47', '2017-09-03 04:08:31', 0, 0),
(13, 'guest', 'Marcelo Vieira', 'Marcelo', 'Vieira', 0, '2017-05-12', 'https://s3.eu-central-1.amazonaws.com/dribbler.org-avatars/Avatar13A.jpg', '13@gmail.com', 1, '', 'active', 1, '', '', 1, 1, 0, 1, 0, 25, 0, 0, 1, '$2y$10$MPCI6vOer0Mis.085uR/xu.jhdEqLrMDdZgDvV4/tYuRBsMUqxH2m', NULL, '2017-04-27 18:41:47', '2017-09-03 04:08:31', 0, 0),
(1014, 'guest', 'one two', 'one', 'two', 0, '1993-08-05', 'https://s3.eu-central-1.amazonaws.com/dribbler.org-avatars/avatar1014E.jpeg', 'j2401591@mvrht.net', 0, '', 'active', 0, '', '', 1, 1, 8, 6, 0, 26, 0, 0, 1, '$2y$10$cxnfWOSD8UkySE/AyTSK2uX.4eoR975nRV.Tse1ma.80XKmCFBP7W', NULL, '2017-08-05 05:58:05', '2017-09-10 07:22:47', 1, 1),
(1015, 'guest', 'A A', 'A', 'A', 0, '2017-08-10', 'https://s3.eu-central-1.amazonaws.com/dribbler.org-avatars/avatar1015y.jpeg', 'j2405490@mvrht.net', 0, '', 'active', 0, '', '', 1, 1, 1, 0, 0, 27, 0, 0, 0, '$2y$10$Cj8ACJOsBBen95chxUAl9OJtTs55KlW/4knBkmbcQsAGUVexfzqvu', NULL, '2017-08-05 06:37:17', '2017-09-03 04:08:31', 0, 0),
(1000, 'guest', 'Thanh Hung Phan', 'Thanh Hung', 'Phan', 0, '2017-05-18', 'https://s3.eu-central-1.amazonaws.com/dribbler.org-avatars/avatar10004.jpeg', 'phanthanhhung1118@gmail.com', 1, '', 'active', 0, '', '109777892304717603567', 1, 1, 0, 1, 0, 28, 0, 0, 0, '$2y$10$BlFZ6XRqUKBdfqJUs9.5kumRAXPscvKV50LD5rBzHsPfeDvdAJtSy', NULL, '2017-05-04 23:03:44', '2017-09-03 04:08:31', 0, 0),
(1003, 'guest', 'Bartosz lipski', 'Bartosz', 'lipski', 0, '2005-05-21', 'https://s3.eu-central-1.amazonaws.com/dribbler.org-avatars/avatar1003Z.jpeg', 'b1233173@mvrht.net', 0, '', 'active', 0, '', '105769045983958276397', 0, 1, 4, 4, 6, 10, 150, 1, 0, '$2y$10$XbRwGqaU4Q3Mp88KxFOyJOsfzJROIeVFOybl8yegB/KtNc0Wc3yMS', NULL, NULL, '2017-09-03 04:08:31', 0, 0),
(1004, 'guest', 'bartek tester', 'bartek', 'tester', 0, '1984-05-21', 'https://s3.eu-central-1.amazonaws.com/dribbler.org-avatars/avatar10055.jpeg', 'b1233540@mvrht.net', 0, '', 'active', 0, '', '', 1, 1, 8, 2, 5, 11, 136, 0, 0, '$2y$10$32K.Oy5PTPJAPnmTS2dA3.VnleL6O9y7Jehp0GE9eQT/yz9qm07Z6', NULL, NULL, '2017-09-04 14:53:02', 0, 0),
(1005, 'guest', 'Lukas Skorupa', 'Lukas', 'Skorupa', 0, '1984-07-26', '', 'lukas.skorupa@dzbank.de', 0, '', 'active', 0, '', '', 1, 1, 1, 2, 3, 6, 275, 0, 0, '$2y$10$maFf3otaP6sbbJGjFyUode2sPJrI0VB.SgPEMZCvyn3cz9D3aGqCq', NULL, '2017-06-03 04:55:06', '2017-09-03 04:08:31', 0, 0),
(1006, 'guest', 'Julia Kowalska', 'Julia', 'Kowalska', 1, '1992-01-11', '', 'juliette.kowalsky@gmail.com', 0, '', 'active', 0, '', '', 1, 1, 0, 2, 5, 7, 244, 0, 1, '$2y$10$FMjDct5BOE/.CXDaF7nTSet5oOsIQiRxiUV6DNpXD01y/cO/iIuB2', NULL, '2017-06-03 09:59:41', '2017-09-04 14:53:02', 0, 0),
(1007, 'guest', 'bartosz przytula', 'bartosz', 'przytula', 0, '1984-11-15', 'https://s3.eu-central-1.amazonaws.com/dribbler.org-avatars/avatar1007S.jpeg', 'bartiaz.przytula@gmail.com', 0, '', 'active', 0, '', '', 1, 1, 1, 1, 1, 8, 200, 0, 0, '$2y$10$blhEZweXjj/mMOtfCWhnrOiei8o5pSWt6N0nvPR.AN27FnaM6D6/a', NULL, '2017-06-04 03:55:33', '2017-09-03 04:08:31', 0, 0),
(1008, 'guest', 'bartosz bartosz', 'bartosz', 'bartosz', 0, '1984-06-04', 'https://s3.eu-central-1.amazonaws.com/dribbler.org-avatars/avatar1008O.jpeg', 'bartosz.przytula@gmail.com', 0, '', 'active', 0, '', '', 1, 1, 0, 0, 0, 29, 0, 0, 0, '$2y$10$AB7KWaIzFjyNsKxcfbD.tu6UyCO.oOdgRTB5TxVxAlrfMPkuQlK5.', NULL, '2017-06-04 03:57:35', '2017-09-03 04:08:31', 0, 0),
(1009, 'guest', 'testA testB', 'testA', 'testB', 0, '1994-06-04', '', 'd979443@mvrht.net', 0, '', 'active', 0, '', '', 1, 1, 0, 0, 2, 15, 100, 0, 0, '$2y$10$6RTYoH6RbZSAcXlZCG4fz.w3VBydKmGASl1l4yiylbkQaFlcDRhne', NULL, '2017-06-04 04:00:26', '2017-09-03 04:08:31', 0, 0),
(1010, 'guest', 'test b test b', 'test b', 'test b', 0, '2017-06-08', '', 'd981341@mvrht.net', 0, '', 'active', 0, '', '', 1, 1, 0, 0, 0, 30, 0, 0, 0, '$2y$10$cXG.1HDZSNjKdk2KqewEl.ItjEfRk7wvuzdfcfoz3OMRNR6rLiUH2', NULL, '2017-06-04 04:09:17', '2017-09-03 04:08:31', 0, 0),
(1011, 'guest', 'bartolomeo grande', 'bartolomeo', 'grande', 0, '1971-07-06', 'https://s3.eu-central-1.amazonaws.com/dribbler.org-avatars/avatar1011t.jpeg', 'i1191893@mvrht.de', 0, '', 'active', 0, '', '', 1, 1, 0, 5, 3, 9, 200, 0, 3, '$2y$10$MP784bjwcb87sqQCuAZPAeMEVd8/X3CuDfkrsSI24heeheHSEUoHK', NULL, '2017-07-06 10:51:24', '2017-09-03 04:08:31', 0, 0),
(1012, 'guest', 'steven lee', 'steven', 'lee', 0, '2017-07-03', '', 'stevenup2017@gmail.com', 0, '', 'active', 0, '', '', 1, 1, 3, 1, 11, 14, 104, 0, 0, '$2y$10$t5fKFT4aLYao5IFTxQNKhe0LNfo3/k4iyKUPsolJgOecLMMqyx0Qe', NULL, '2017-07-26 06:27:26', '2017-09-04 14:53:03', 0, 0),
(1013, 'guest', 'Steven Thai', 'Steven', 'Thai', 0, '2017-07-03', 'https://s3.eu-central-1.amazonaws.com/dribbler.org-avatars/avatar1013z.jpeg', 'today815@outlook.com', 1, '', 'active', 0, '461216474246794', '', 1, 1, 1, 0, 0, 31, 0, 0, 0, '$2y$10$FEa2FRwYGicY4tUjdC3aTOjJzWQbzoqeVq3cCB0qdIcctLfn4tLiK', NULL, '2017-08-02 08:46:25', '2017-09-03 04:08:31', 0, 0),
(1016, 'guest', '2 2', '2', '2', 0, '2017-08-05', 'https://s3.eu-central-1.amazonaws.com/dribbler.org-avatars/avatar1016z.jpeg', 'j2406370@mvrht.net', 0, '', 'active', 0, '', '', 1, 1, 0, 0, 0, 32, 0, 0, 0, '$2y$10$Ry.LkJ8U83SU3ewTz67FA.hAJIvWTGr9I4gAJaKe0zPTES8C.NaLi', NULL, '2017-08-05 06:45:49', '2017-09-03 04:08:31', 0, 0),
(1017, 'guest', '3 3', '3', '3', 0, '2017-08-05', 'https://s3.eu-central-1.amazonaws.com/dribbler.org-avatars/avatar1017o.jpeg', 'j2406614@mvrht.net', 0, '', 'active', 0, '', '', 1, 1, 1, 0, 0, 33, 0, 0, 0, '$2y$10$yFlE//A/lY9aRI9iIz2kM.bkWVdZyUWguO5hY7HI1vypJjZn93Hb6', NULL, '2017-08-05 06:48:16', '2017-09-03 04:08:31', 0, 0),
(1018, 'guest', '4 4', '4', '4', 0, '2017-08-05', 'https://s3.eu-central-1.amazonaws.com/dribbler.org-avatars/avatar1018J.jpeg', 'Amento1930@jourrapide.com', 0, '', 'active', 0, '', '', 1, 1, 2, 1, 0, 34, 0, 0, 0, '$2y$10$QjtaHG4yZr1FdxrrK/UaHeBzwOL4gQV7H93zbeg.nstsvO5jFb236', NULL, '2017-08-05 06:51:00', '2017-09-03 04:08:31', 0, 0),
(1019, 'guest', '5 5', '5', '5', 0, '2017-08-05', 'https://s3.eu-central-1.amazonaws.com/dribbler.org-avatars/avatar1019S.jpeg', 'Amento1930@armyspy.com', 0, '', 'active', 0, '', '', 1, 1, 1, 0, 0, 35, 0, 0, 0, '$2y$10$iGVFY0dAwlEkKBVAGkmU6.19tNRxfURfzIktk8qeIGRorKxyILMJm', NULL, '2017-08-05 06:52:58', '2017-09-03 04:08:31', 0, 0),
(1020, 'guest', '5 5', '5', '5', 0, '2017-08-05', 'https://s3.eu-central-1.amazonaws.com/dribbler.org-avatars/avatar10206.jpeg', 'Amento1930@cuvox.com', 0, '', 'active', 0, '', '', 1, 1, 0, 0, 0, 36, 0, 0, 0, '$2y$10$VC6nX5mI8y30owyZ2zwgXey/kIRdg60Xf3mmKMcPUGP4w9XEXkT4e', NULL, '2017-08-05 06:55:02', '2017-09-03 04:08:31', 0, 0),
(1021, 'guest', '6 6', '6', '6', 0, '2017-08-05', 'https://s3.eu-central-1.amazonaws.com/dribbler.org-avatars/avatar1021c.jpeg', 'Amento1930@dayrep.com', 0, '', 'active', 0, '', '', 1, 1, 1, 0, 0, 37, 0, 0, 0, '$2y$10$kyAY/eKc/FZ/P0q2Nj7ygeLEjq2B8fnQoMULnmgMo.w/g6a3/jvdW', NULL, '2017-08-05 06:56:55', '2017-09-03 04:08:31', 0, 0),
(1022, 'guest', '7 7', '7', '7', 0, '2017-08-05', 'https://s3.eu-central-1.amazonaws.com/dribbler.org-avatars/avatar1022v.jpeg', 'Amento1930@einrot.com', 0, '', 'active', 0, '', '', 1, 1, 1, 0, 0, 38, 0, 0, 0, '$2y$10$XpFakfIg7Hlk3kh6894qHevh11GUaj2JhVDfH2PjGla.xibi8DSlO', NULL, '2017-08-05 06:58:55', '2017-09-11 05:49:03', 0, 0),
(1023, 'guest', '8 8', '8', '8', 0, '2017-08-05', 'https://s3.eu-central-1.amazonaws.com/dribbler.org-avatars/avatar1023R.jpeg', 'Amento1930@fleckens.hu', 0, '', 'active', 0, '', '', 1, 1, 0, 0, 0, 39, 0, 0, 0, '$2y$10$bFK5.tnFMO23IOwcBU3KoOgUQv5OrwEpYzJyvbWErGbByreA7/TGS', NULL, '2017-08-05 07:00:56', '2017-09-03 04:08:31', 0, 0),
(1025, 'guest', 'Bartosz Przytula', 'Bartosz', 'Przytula', 0, '2017-08-17', 'https://s3.eu-central-1.amazonaws.com/dribbler.org-avatars/avatar10255.jpeg', 'bartosz.przytula@googlemail.com', 1, '', 'active', 0, '10211206165144058', '', 1, 1, 4, 2, 1, 16, 100, 0, 1, '$2y$10$C6NAw.f2MR8CJ6pw3QkonOEh3wv/aypRoO7XlLrPI46/1QUieiKUG', NULL, '2017-08-13 07:36:04', '2017-09-03 04:08:31', 0, 0),
(1024, 'guest', 'Trng Trung', 'Trng', 'Trung', 0, '1989-08-10', 'https://s3.eu-central-1.amazonaws.com/dribbler.org-avatars/avatar10248.jpeg', 'trungstormsix@gmail.com', 1, '', 'active', 0, '1583774438341411', '', 1, 1, 0, 0, 0, 40, 0, 0, 0, '$2y$10$FJBjKwNFVJrGBBYqSH8fl.dkRu52TZJH3lgWPBG8pJZR/cNciF6IG', NULL, '2017-08-10 03:14:05', '2017-09-03 04:08:31', 0, 0),
(1026, 'guest', 'x x', 'Max', 'Mustermann', 0, '2017-08-20', 'https://s3.eu-central-1.amazonaws.com/dribbler.org-avatars/avatar1026v.jpeg', 'm603919@mvrht.net', 0, '', 'active', 2, '', '', 1, 1, 6, 9, 9, 5, 18100, 1, 5, '$2y$10$BQtUq7yqlOJNt1adYbRVGOxtNlOuScL1FgevI/bgkdS9yj6l.HCeW', NULL, '2017-08-20 03:16:56', '2017-09-11 05:50:32', 0, 0),
(1027, 'guest', 'q q', 'q', 'q', 1, '2017-08-17', 'https://s3.eu-central-1.amazonaws.com/dribbler.org-avatars/avatar1027f.jpeg', '1234@einrot.com', 0, '', 'active', 0, '', '', 1, 1, 0, 0, 0, 41, 0, 0, 0, '$2y$10$SUNzkY7FrG1fVjBwOZATy.3ppzBEOYegbzmoLhfR01S0JDOOpAsJm', NULL, '2017-08-20 04:43:12', '2017-09-03 04:08:31', 0, 0),
(1028, 'guest', 'w w', 'w', 'w', 1, '2017-08-11', 'https://s3.eu-central-1.amazonaws.com/dribbler.org-avatars/avatar1028B.jpeg', '1234@armyspy.net', 0, '', 'active', 0, '', '', 1, 1, 0, 0, 0, 42, 0, 0, 0, '$2y$10$J9Ss850glYSN8slNTiUSTuSpy79O9OUHgKoGRBb2fjHlXH9hJtc9a', NULL, '2017-08-20 04:44:41', '2017-09-03 04:08:31', 0, 0),
(1029, 'guest', 'e e', 'e', 'e', 1, '2017-08-18', 'https://s3.eu-central-1.amazonaws.com/dribbler.org-avatars/avatar1029U.jpeg', '1234@cuvox.de', 0, '', 'active', 0, '', '', 1, 1, 0, 0, 0, 43, 0, 0, 0, '$2y$10$yG9UzVJbZe0rde8vkJztPegOpi3Rl..CsEDgDWzWem4/lUEyLsjA2', NULL, '2017-08-20 04:45:55', '2017-09-03 04:08:31', 0, 0),
(1030, 'guest', 'r r', 'r', 'r', 0, '2017-08-10', 'https://s3.eu-central-1.amazonaws.com/dribbler.org-avatars/avatar10304.jpeg', '1234@dayrep.com', 0, '', 'active', 0, '', '', 1, 1, 1, 1, 0, 44, 0, 0, 0, '$2y$10$JjQv1.83UDy0f..rYRbBpOTC0RFacURigTW4De4ofTlsQR6aq2iuu', NULL, '2017-08-20 04:47:09', '2017-09-03 04:08:31', 0, 0),
(1031, 'guest', 't t', 't', 't', 1, '2017-08-18', 'https://s3.eu-central-1.amazonaws.com/dribbler.org-avatars/avatar1031F.jpeg', '1234@fleckens.hu', 0, '', 'active', 0, '', '', 1, 1, 0, 0, 0, 45, 0, 0, 0, '$2y$10$/WHJZRoalkJNb6hrtMkX2uCBEsHwkorJpAmWJJzrhmpLVIxjEFhoq', NULL, '2017-08-20 04:48:52', '2017-09-03 04:08:31', 0, 0),
(1032, 'guest', 'z z', 'z', 'z', 1, '2017-08-17', 'https://s3.eu-central-1.amazonaws.com/dribbler.org-avatars/avatar1032s.jpeg', '1234@gustr.com', 0, '', 'active', 0, '', '', 1, 1, 0, 0, 0, 46, 0, 0, 0, '$2y$10$Ce9HQaCSllEmh5WDlYn.mua4OF83.l0fCyg1AK9tmJYKEC6/t5ReW', NULL, '2017-08-20 04:52:57', '2017-09-03 04:08:31', 0, 0),
(1033, 'guest', 'u u', 'u', 'u', 0, '2017-08-10', 'https://s3.eu-central-1.amazonaws.com/dribbler.org-avatars/avatar1033W.jpeg', '1234@jourrapide.com', 0, '', 'active', 0, '', '', 1, 1, 0, 0, 0, 47, 0, 0, 0, '$2y$10$BJtN4AQoX1pvCrYWC9p2eeoN6lE1Kfv0.E0GuqtxGPlhFL97XOvvS', NULL, '2017-08-20 04:54:09', '2017-09-03 04:08:31', 0, 0),
(1034, 'guest', 'i i', 'i', 'i', 0, '2017-08-18', 'https://s3.eu-central-1.amazonaws.com/dribbler.org-avatars/avatar1034U.jpeg', '1234@rhyta.com', 0, '', 'active', 0, '', '', 1, 1, 0, 0, 0, 48, 0, 0, 0, '$2y$10$KRFJkdty.9k0.MS/l/M13OuMycgsa9Ob6n29itp2agWaiACIDfFpq', NULL, '2017-08-20 04:55:15', '2017-09-03 04:08:31', 0, 0),
(1035, 'guest', 'o o', 'o', 'o', 1, '2017-08-11', 'https://s3.eu-central-1.amazonaws.com/dribbler.org-avatars/avatar1035O.jpeg', '1234@superrito.com', 0, '', 'active', 0, '', '', 1, 1, 0, 1, 0, 49, 0, 0, 0, '$2y$10$E.0anpplX5UTDBnoEJ2ymeB54L8TCpPl5vk7ZRCSNHezDDsBSrMNa', NULL, '2017-08-20 04:56:31', '2017-09-03 04:08:31', 0, 0),
(1036, 'guest', 'p p', 'p', 'p', 0, '2017-08-11', 'https://s3.eu-central-1.amazonaws.com/dribbler.org-avatars/avatar1036K.jpeg', '1234@teleworm.us', 0, '', 'active', 0, '', '', 1, 1, 0, 1, 0, 50, 0, 0, 0, '$2y$10$FDWOOEsUJZx4QatDP2BatOMOwAVnnIyruZuxONezh7hbOfnSw9x7a', NULL, '2017-08-20 04:57:38', '2017-09-03 04:08:31', 0, 0),
(1037, 'guest', 'd d', 'd', 'd', 0, '2017-08-20', 'https://s3.eu-central-1.amazonaws.com/dribbler.org-avatars/avatar1037h.jpeg', '12@armyspy.com', 0, '', 'active', 0, '', '', 1, 1, 1, 0, 0, 51, 0, 0, 0, '$2y$10$Q61QFhW/cjJq9aNaihWdMuc.4HaaTRpSh0jBLpV9WkCjtbQa8fs9i', NULL, '2017-08-20 06:17:32', '2017-09-03 04:08:31', 0, 0),
(1047, 'guest', 'Lukas Szlinter', 'Lukas', 'Szlinter', 0, '1984-07-26', 'https://s3.eu-central-1.amazonaws.com/dribbler.org-avatars/avatar10473.jpeg', 'testest@freenet.de', 0, '', 'active', 0, '', '', 1, 1, 3, 2, 0, 0, 0, 0, 0, '$2y$10$fTospuki3OSrSsz0484MVuwT/ewSB4ukXOLD0lx6NXmUuhle58Zr.', NULL, '2017-09-10 06:44:37', '2017-09-11 06:37:01', 0, 0),
(1039, 'guest', 'ukasz Skorupa', 'ukasz', 'Skorupa', 0, '1984-07-26', 'https://s3.eu-central-1.amazonaws.com/dribbler.org-avatars/avatar1039A.jpeg', 'l.s.k.orupa@freenet.de', 0, '', 'active', 0, '', '', 1, 1, 2, 3, 2, 17, 100, 0, 0, '$2y$10$HdY3ygr.kPnEOqXuhr4AL.z1y3e5FR4ttvjyUzlwugf2K3ugWci8a', NULL, '2017-08-21 17:21:36', '2017-09-10 06:37:16', 0, 0),
(1040, 'guest', 'n t', 'n', 't', 0, '2017-02-23', '', 'a@b.com', 0, '', 'active', 0, '', '', 1, 1, 0, 2, 0, 53, 0, 0, 0, '$2y$10$9Wrrlp8dyGpU8ShIKDoBM.ymoMSE1Z92yIAGLKGIx8C83/J8o9fBG', NULL, '2017-08-23 09:42:36', '2017-09-03 04:08:31', 0, 0),
(1041, 'guest', '9 9', '9', '9', 0, '2017-08-10', 'https://s3.eu-central-1.amazonaws.com/dribbler.org-avatars/avatar1041D.jpeg', 'BVB09@cuvox.de', 0, '', 'active', 0, '', '', 1, 1, 4, 6, 10, 4, 10500, 1, 3, '$2y$10$wwqcAb5SPsrqAJR1aL1rf.Zcj.7.6I1il6Cwnz9SkjdeqAbImKsmC', NULL, '2017-08-25 08:01:16', '2017-09-11 06:36:09', 0, 0),
(1042, 'guest', 'o o', 'o', 'o', 0, '2017-08-18', 'https://s3.eu-central-1.amazonaws.com/dribbler.org-avatars/avatar10420.jpeg', 'bvb09@gustr.com', 0, '', 'active', 0, '', '', 1, 1, 1, 5, 10, 1, 20700, 1, 4, '$2y$10$tDCQlpStdd.gtYr5j9DsMuWMzW4Fv/GfjjsPZakl0SAy5f/GtT9kq', NULL, '2017-08-27 09:57:59', '2017-09-10 07:22:33', 0, 0),
(1043, 'guest', '0 0', '0', '0', 0, '2017-08-04', 'https://s3.eu-central-1.amazonaws.com/dribbler.org-avatars/avatar1043Q.jpeg', 'bvb09@rhyta.com', 0, '', 'active', 0, '', '', 1, 1, 7, 3, 10, 2, 20000, 1, 4, '$2y$10$P06ClHe3Xpl6r5kwDzLDeeT9HMrfNlDeIaCkm5tuCNq9kgt5q4dHy', NULL, '2017-08-28 12:56:05', '2017-09-10 06:29:04', 0, 0),
(1044, 'guest', '. .', '.', '.', 0, '2017-09-09', 'https://s3.eu-central-1.amazonaws.com/dribbler.org-avatars/avatar1044l.jpeg', 'bvb09@teleworm.us', 0, '', 'active', 0, '', '', 1, 1, 6, 5, 10, 3, 10300, 1, 3, '$2y$10$DN.7eI0ndNCCbOlDjo8PpOn8cXKjlUVTlW4KndX5VXF/9.iI3BZ0O', NULL, '2017-09-02 02:19:01', '2017-09-11 06:37:01', 0, 0),
(1045, 'guest', 'aa aa', 'aa', 'aa', 0, '2017-03-08', 'https://s3.eu-central-1.amazonaws.com/dribbler.org-avatars/avatar1045G.png', 'a@a.com', 0, '', 'active', 2, '', '', 1, 1, 0, 0, 0, 54, 0, 0, 0, '$2y$10$qSjC.3LCkYDkWLwvVX33tuxP/kFT61oCRzX.HUBYQkCCOE2tc79c.', NULL, '2017-09-02 08:53:15', '2017-09-04 18:54:22', 1, 1),
(1046, 'guest', 't t', 't', 't', 0, '2017-09-07', '', 't@te.de', 0, '', 'active', 0, '', '', 1, 1, 0, 0, 0, 55, 0, 0, 0, '$2y$10$qbSu7Nk37AyQ/d2pvb8UY.vwsZrwXvfeu1801n2qi4h5kw9bauez6', NULL, '2017-09-02 08:55:14', '2017-09-03 04:08:31', 0, 0),
(1048, 'guest', 'Lukas Skorupa', 'Lukas', 'Skorupa', 0, '1927-09-10', 'https://s3.eu-central-1.amazonaws.com/dribbler.org-avatars/avatar1048Y.jpeg', 'l.skorupa@freenet.de', 0, '', 'active', 0, '', '', 1, 1, 2, 1, 0, 0, 0, 0, 0, '$2y$10$4g/JBnl1151.niJ8QchYaO2GyIICaYfhkcKjYH8R0CiRU3FQ/o9ZS', NULL, '2017-09-10 07:50:53', '2017-09-11 04:20:56', 0, 0);

-- --------------------------------------------------------

--
-- Table structure for table `user_category`
--

CREATE TABLE `user_category` (
  `id` int(10) UNSIGNED NOT NULL,
  `user_id` int(10) UNSIGNED NOT NULL,
  `category_id` int(10) UNSIGNED NOT NULL,
  `type` tinyint(1) NOT NULL,
  `created_at` timestamp NULL DEFAULT CURRENT_TIMESTAMP,
  `updated_at` timestamp NULL DEFAULT CURRENT_TIMESTAMP
) ENGINE=MyISAM DEFAULT CHARSET=latin1;

-- --------------------------------------------------------

--
-- Table structure for table `videos`
--

CREATE TABLE `videos` (
  `video_id` bigint(20) UNSIGNED NOT NULL,
  `user_id` bigint(20) UNSIGNED NOT NULL,
  `trick_id` bigint(20) UNSIGNED NOT NULL,
  `thumbnail` varchar(255) NOT NULL,
  `ld_url` varchar(255) NOT NULL,
  `hd_url` varchar(255) NOT NULL,
  `likes` int(10) UNSIGNED NOT NULL DEFAULT '0',
  `views` int(10) UNSIGNED NOT NULL DEFAULT '0',
  `comments` int(10) UNSIGNED NOT NULL DEFAULT '0',
  `commentators` int(10) UNSIGNED NOT NULL DEFAULT '0',
  `created_at` timestamp NOT NULL DEFAULT CURRENT_TIMESTAMP,
  `updated_at` timestamp NOT NULL DEFAULT CURRENT_TIMESTAMP ON UPDATE CURRENT_TIMESTAMP
) ENGINE=MyISAM DEFAULT CHARSET=latin1;

--
-- Dumping data for table `videos`
--

INSERT INTO `videos` (`video_id`, `user_id`, `trick_id`, `thumbnail`, `ld_url`, `hd_url`, `likes`, `views`, `comments`, `commentators`, `created_at`, `updated_at`) VALUES
(7, 6, 1, 'https://s3.eu-central-1.amazonaws.com/dribbler.org-videos/7/thumbnail.jpeg', 'https://s3.eu-central-1.amazonaws.com/dribbler.org-videos/7/video.mp4', 'https://s3.eu-central-1.amazonaws.com/dribbler.org-videos/7/video.mp4', 12, 12, 18, 0, '2017-05-04 21:05:42', '2017-08-05 07:01:14'),
(6, 6, 1, 'https://s3.eu-central-1.amazonaws.com/dribbler.org-videos/6/thumbnail.jpeg', 'https://s3.eu-central-1.amazonaws.com/dribbler.org-videos/6/video.mp4', 'https://s3.eu-central-1.amazonaws.com/dribbler.org-videos/6/video.mp4', 11, 2, 24, 0, '2017-05-03 20:49:10', '2017-08-05 07:01:23'),
(8, 6, 1, 'https://s3.eu-central-1.amazonaws.com/dribbler.org-videos/8/thumbnail.jpeg', 'https://s3.eu-central-1.amazonaws.com/dribbler.org-videos/8/video.mp4', 'https://s3.eu-central-1.amazonaws.com/dribbler.org-videos/8/video.mp4', 11, 13, 35, 0, '2017-05-12 22:27:52', '2017-08-05 07:01:38'),
(11, 15, 1, 'https://s3.eu-central-1.amazonaws.com/dribbler.org-videos/9/thumbnail.jpeg', 'https://s3.eu-central-1.amazonaws.com/dribbler.org-videos/9/video.mp4', 'https://s3.eu-central-1.amazonaws.com/dribbler.org-videos/9/video.mp4', 13, 12, 1, 0, '2017-05-19 15:48:42', '2017-08-13 07:57:35'),
(18, 1003, 1, 'https://s3.eu-central-1.amazonaws.com/dribbler.org-videos/18/thumbnail.jpeg', 'https://s3.eu-central-1.amazonaws.com/dribbler.org-videos/18/video.bin', 'https://s3.eu-central-1.amazonaws.com/dribbler.org-videos/18/video.bin', 13, 8, 1, 0, '2017-06-03 04:21:46', '2017-08-20 03:17:56'),
(19, 1003, 2, 'https://s3.eu-central-1.amazonaws.com/dribbler.org-videos/19/thumbnail.jpeg', 'https://s3.eu-central-1.amazonaws.com/dribbler.org-videos/19/video.bin', 'https://s3.eu-central-1.amazonaws.com/dribbler.org-videos/19/video.bin', 0, 2, 0, 0, '2017-06-03 04:22:42', '2017-06-04 03:56:22'),
(20, 1003, 1, 'https://s3.eu-central-1.amazonaws.com/dribbler.org-videos/20/thumbnail.jpeg', 'https://s3.eu-central-1.amazonaws.com/dribbler.org-videos/20/video.bin', 'https://s3.eu-central-1.amazonaws.com/dribbler.org-videos/20/video.bin', 11, 6, 1, 0, '2017-06-03 04:45:14', '2017-08-05 07:01:33'),
(21, 1005, 2, 'https://s3.eu-central-1.amazonaws.com/dribbler.org-videos/21/thumbnail.jpeg', 'https://s3.eu-central-1.amazonaws.com/dribbler.org-videos/21/video.mp4', 'https://s3.eu-central-1.amazonaws.com/dribbler.org-videos/21/video.mp4', 0, 0, 0, 0, '2017-06-03 05:57:50', '2017-06-03 05:57:50'),
(22, 1005, 1, 'https://s3.eu-central-1.amazonaws.com/dribbler.org-videos/22/thumbnail.jpeg', 'https://s3.eu-central-1.amazonaws.com/dribbler.org-videos/22/video.mp4', 'https://s3.eu-central-1.amazonaws.com/dribbler.org-videos/22/video.mp4', 11, 2, 1, 0, '2017-06-03 05:58:33', '2017-08-05 07:01:32'),
(23, 1005, 1, 'https://s3.eu-central-1.amazonaws.com/dribbler.org-videos/23/thumbnail.jpeg', 'https://s3.eu-central-1.amazonaws.com/dribbler.org-videos/23/video.mp4', 'https://s3.eu-central-1.amazonaws.com/dribbler.org-videos/23/video.mp4', 11, 6, 0, 0, '2017-06-03 06:01:57', '2017-08-05 07:01:30'),
(24, 1006, 1, 'https://s3.eu-central-1.amazonaws.com/dribbler.org-videos/24/thumbnail.jpeg', 'https://s3.eu-central-1.amazonaws.com/dribbler.org-videos/24/video.mp4', 'https://s3.eu-central-1.amazonaws.com/dribbler.org-videos/24/video.mp4', 11, 2, 0, 0, '2017-06-03 10:02:30', '2017-08-20 08:38:03'),
(25, 1002, 1, 'https://s3.eu-central-1.amazonaws.com/dribbler.org-videos/25/thumbnail.jpeg', 'https://s3.eu-central-1.amazonaws.com/dribbler.org-videos/25/video.bin', 'https://s3.eu-central-1.amazonaws.com/dribbler.org-videos/25/video.bin', 11, 4, 1, 0, '2017-06-04 06:01:15', '2017-08-05 07:01:26'),
(26, 1002, 9, 'https://s3.eu-central-1.amazonaws.com/dribbler.org-videos/26/thumbnail.jpeg', 'https://s3.eu-central-1.amazonaws.com/dribbler.org-videos/26/video.bin', 'https://s3.eu-central-1.amazonaws.com/dribbler.org-videos/26/video.bin', 0, 1, 0, 0, '2017-06-04 07:02:58', '2017-06-04 08:23:55'),
(27, 1002, 9, 'https://s3.eu-central-1.amazonaws.com/dribbler.org-videos/27/thumbnail.jpeg', 'https://s3.eu-central-1.amazonaws.com/dribbler.org-videos/27/video.bin', 'https://s3.eu-central-1.amazonaws.com/dribbler.org-videos/27/video.bin', 2, 2, 1, 0, '2017-06-04 07:05:46', '2017-06-04 08:23:19'),
(28, 1002, 1, 'https://s3.eu-central-1.amazonaws.com/dribbler.org-videos/28/thumbnail.jpeg', 'https://s3.eu-central-1.amazonaws.com/dribbler.org-videos/28/video.bin', 'https://s3.eu-central-1.amazonaws.com/dribbler.org-videos/28/video.bin', 12, 6, 2, 0, '2017-06-04 07:08:15', '2017-08-09 12:23:05'),
(29, 1006, 8, 'https://s3.eu-central-1.amazonaws.com/dribbler.org-videos/29/thumbnail.jpeg', 'https://s3.eu-central-1.amazonaws.com/dribbler.org-videos/29/video.mp4', 'https://s3.eu-central-1.amazonaws.com/dribbler.org-videos/29/video.mp4', 2, 3, 1, 0, '2017-06-06 12:45:53', '2017-06-06 13:09:52'),
(30, 1003, 8, 'https://s3.eu-central-1.amazonaws.com/dribbler.org-videos/30/thumbnail.jpeg', 'https://s3.eu-central-1.amazonaws.com/dribbler.org-videos/30/video.bin', 'https://s3.eu-central-1.amazonaws.com/dribbler.org-videos/30/video.bin', 3, 3, 3, 0, '2017-06-06 12:46:46', '2017-06-06 13:09:17'),
(31, 1003, 8, 'https://s3.eu-central-1.amazonaws.com/dribbler.org-videos/31/thumbnail.jpeg', 'https://s3.eu-central-1.amazonaws.com/dribbler.org-videos/31/video.bin', 'https://s3.eu-central-1.amazonaws.com/dribbler.org-videos/31/video.bin', 3, 2, 0, 0, '2017-06-06 12:48:22', '2017-07-03 23:47:18'),
(32, 1003, 8, 'https://s3.eu-central-1.amazonaws.com/dribbler.org-videos/32/thumbnail.jpeg', 'https://s3.eu-central-1.amazonaws.com/dribbler.org-videos/32/video.bin', 'https://s3.eu-central-1.amazonaws.com/dribbler.org-videos/32/video.bin', 3, 1, 1, 0, '2017-06-06 12:49:28', '2017-08-22 01:28:27'),
(33, 1006, 8, 'https://s3.eu-central-1.amazonaws.com/dribbler.org-videos/33/thumbnail.jpeg', 'https://s3.eu-central-1.amazonaws.com/dribbler.org-videos/33/video.mp4', 'https://s3.eu-central-1.amazonaws.com/dribbler.org-videos/33/video.mp4', 3, 2, 1, 0, '2017-06-06 12:49:35', '2017-07-06 11:03:45'),
(34, 1006, 8, 'https://s3.eu-central-1.amazonaws.com/dribbler.org-videos/34/thumbnail.jpeg', 'https://s3.eu-central-1.amazonaws.com/dribbler.org-videos/34/video.mp4', 'https://s3.eu-central-1.amazonaws.com/dribbler.org-videos/34/video.mp4', 4, 1, 1, 0, '2017-06-06 12:49:50', '2017-07-31 09:53:19'),
(35, 1002, 8, 'https://s3.eu-central-1.amazonaws.com/dribbler.org-videos/35/thumbnail.jpeg', 'https://s3.eu-central-1.amazonaws.com/dribbler.org-videos/35/video.bin', 'https://s3.eu-central-1.amazonaws.com/dribbler.org-videos/35/video.bin', 2, 1, 1, 0, '2017-06-06 13:09:34', '2017-06-08 11:42:03'),
(36, 1011, 1, 'https://s3.eu-central-1.amazonaws.com/dribbler.org-videos/36/thumbnail.jpeg', 'https://s3.eu-central-1.amazonaws.com/dribbler.org-videos/36/video.bin', 'https://s3.eu-central-1.amazonaws.com/dribbler.org-videos/36/video.bin', 13, 3, 1, 0, '2017-07-06 10:58:40', '2017-09-11 05:50:04'),
(37, 1011, 2, 'https://s3.eu-central-1.amazonaws.com/dribbler.org-videos/37/thumbnail.jpeg', 'https://s3.eu-central-1.amazonaws.com/dribbler.org-videos/37/video.bin', 'https://s3.eu-central-1.amazonaws.com/dribbler.org-videos/37/video.bin', 1, 2, 2, 0, '2017-07-06 11:02:48', '2017-08-09 12:27:36'),
(38, 1012, 2, 'https://s3.eu-central-1.amazonaws.com/dribbler.org-videos/38/thumbnail.jpeg', 'https://s3.eu-central-1.amazonaws.com/dribbler.org-videos/38/video.mp4', 'https://s3.eu-central-1.amazonaws.com/dribbler.org-videos/38/video.mp4', 1, 0, 0, 0, '2017-07-31 10:16:48', '2017-07-31 10:33:26'),
(39, 1012, 3, 'https://s3.eu-central-1.amazonaws.com/dribbler.org-videos/39/thumbnail.jpeg', 'https://s3.eu-central-1.amazonaws.com/dribbler.org-videos/39/video.mp4', 'https://s3.eu-central-1.amazonaws.com/dribbler.org-videos/39/video.mp4', 1, 0, 0, 0, '2017-07-31 11:04:23', '2017-08-01 02:19:05'),
(40, 1012, 3, 'https://s3.eu-central-1.amazonaws.com/dribbler.org-videos/40/thumbnail.jpeg', 'https://s3.eu-central-1.amazonaws.com/dribbler.org-videos/40/video.mp4', 'https://s3.eu-central-1.amazonaws.com/dribbler.org-videos/40/video.mp4', 0, 0, 0, 0, '2017-08-01 02:34:20', '2017-08-01 02:34:21'),
(41, 1012, 2, 'https://s3.eu-central-1.amazonaws.com/dribbler.org-videos/41/thumbnail.jpeg', 'https://s3.eu-central-1.amazonaws.com/dribbler.org-videos/41/video.mp4', 'https://s3.eu-central-1.amazonaws.com/dribbler.org-videos/41/video.mp4', 0, 1, 1, 0, '2017-08-01 02:50:04', '2017-08-13 07:58:04'),
(42, 1012, 2, 'https://s3.eu-central-1.amazonaws.com/dribbler.org-videos/42/thumbnail.jpeg', 'https://s3.eu-central-1.amazonaws.com/dribbler.org-videos/42/video.mp4', 'https://s3.eu-central-1.amazonaws.com/dribbler.org-videos/42/video.mp4', 0, 1, 0, 0, '2017-08-01 02:51:41', '2017-08-14 09:17:07'),
(43, 1012, 1, 'https://s3.eu-central-1.amazonaws.com/dribbler.org-videos/43/thumbnail.jpeg', 'https://s3.eu-central-1.amazonaws.com/dribbler.org-videos/43/video.mp4', 'https://s3.eu-central-1.amazonaws.com/dribbler.org-videos/43/video.mp4', 10, 11, 0, 0, '2017-08-01 02:58:43', '2017-08-05 07:01:41'),
(44, 1012, 1, 'https://s3.eu-central-1.amazonaws.com/dribbler.org-videos/44/thumbnail.jpeg', 'https://s3.eu-central-1.amazonaws.com/dribbler.org-videos/44/video.mp4', 'https://s3.eu-central-1.amazonaws.com/dribbler.org-videos/44/video.mp4', 10, 10, 2, 0, '2017-08-01 03:00:00', '2017-08-05 07:01:43'),
(45, 1011, 8, 'https://s3.eu-central-1.amazonaws.com/dribbler.org-videos/45/thumbnail.jpeg', 'https://s3.eu-central-1.amazonaws.com/dribbler.org-videos/45/video.bin', 'https://s3.eu-central-1.amazonaws.com/dribbler.org-videos/45/video.bin', 4, 3, 2, 0, '2017-08-01 12:25:44', '2017-09-11 05:50:18'),
(46, 1009, 8, 'https://s3.eu-central-1.amazonaws.com/dribbler.org-videos/46/thumbnail.jpeg', 'https://s3.eu-central-1.amazonaws.com/dribbler.org-videos/46/video.bin', 'https://s3.eu-central-1.amazonaws.com/dribbler.org-videos/46/video.bin', 1, 1, 0, 0, '2017-08-05 05:18:23', '2017-08-05 05:19:09'),
(47, 1009, 8, 'https://s3.eu-central-1.amazonaws.com/dribbler.org-videos/47/thumbnail.jpeg', 'https://s3.eu-central-1.amazonaws.com/dribbler.org-videos/47/video.bin', 'https://s3.eu-central-1.amazonaws.com/dribbler.org-videos/47/video.bin', 0, 0, 1, 0, '2017-08-05 05:18:54', '2017-08-05 05:30:51'),
(48, 1004, 5, 'https://s3.eu-central-1.amazonaws.com/dribbler.org-videos/48/thumbnail.jpeg', 'https://s3.eu-central-1.amazonaws.com/dribbler.org-videos/48/video.bin', 'https://s3.eu-central-1.amazonaws.com/dribbler.org-videos/48/video.bin', 0, 0, 0, 0, '2017-08-05 05:24:49', '2017-08-05 05:24:49'),
(49, 1004, 5, 'https://s3.eu-central-1.amazonaws.com/dribbler.org-videos/49/thumbnail.jpeg', 'https://s3.eu-central-1.amazonaws.com/dribbler.org-videos/49/video.bin', 'https://s3.eu-central-1.amazonaws.com/dribbler.org-videos/49/video.bin', 0, 1, 0, 0, '2017-08-05 05:25:12', '2017-08-05 07:43:47'),
(50, 1004, 5, 'https://s3.eu-central-1.amazonaws.com/dribbler.org-videos/50/thumbnail.jpeg', 'https://s3.eu-central-1.amazonaws.com/dribbler.org-videos/50/video.bin', 'https://s3.eu-central-1.amazonaws.com/dribbler.org-videos/50/video.bin', 1, 0, 0, 0, '2017-08-05 05:25:42', '2017-08-05 08:00:49'),
(51, 1004, 3, 'https://s3.eu-central-1.amazonaws.com/dribbler.org-videos/51/thumbnail.jpeg', 'https://s3.eu-central-1.amazonaws.com/dribbler.org-videos/51/video.bin', 'https://s3.eu-central-1.amazonaws.com/dribbler.org-videos/51/video.bin', 2, 2, 0, 0, '2017-08-05 05:47:25', '2017-08-21 17:34:49'),
(52, 1004, 1, 'https://s3.eu-central-1.amazonaws.com/dribbler.org-videos/52/thumbnail.jpeg', 'https://s3.eu-central-1.amazonaws.com/dribbler.org-videos/52/video.bin', 'https://s3.eu-central-1.amazonaws.com/dribbler.org-videos/52/video.bin', 12, 8, 1, 0, '2017-08-05 06:34:49', '2017-08-21 17:22:47'),
(53, 1007, 1, 'https://s3.eu-central-1.amazonaws.com/dribbler.org-videos/53/thumbnail.jpeg', 'https://s3.eu-central-1.amazonaws.com/dribbler.org-videos/53/video.bin', 'https://s3.eu-central-1.amazonaws.com/dribbler.org-videos/53/video.bin', 2, 1, 2, 0, '2017-08-05 07:57:08', '2017-08-13 08:01:24'),
(54, 1012, 1, 'https://s3.eu-central-1.amazonaws.com/dribbler.org-videos/54/thumbnail.jpeg', 'https://s3.eu-central-1.amazonaws.com/dribbler.org-videos/54/video.mp4', 'https://s3.eu-central-1.amazonaws.com/dribbler.org-videos/54/video.mp4', 2, 0, 1, 0, '2017-08-06 01:10:55', '2017-08-13 08:01:18'),
(55, 1025, 1, 'https://s3.eu-central-1.amazonaws.com/dribbler.org-videos/55/thumbnail.jpeg', 'https://s3.eu-central-1.amazonaws.com/dribbler.org-videos/55/video.bin', 'https://s3.eu-central-1.amazonaws.com/dribbler.org-videos/55/video.bin', 2, 2, 1, 0, '2017-08-13 07:46:02', '2017-08-13 08:08:17'),
(56, 1012, 1, 'https://s3.eu-central-1.amazonaws.com/dribbler.org-videos/56/thumbnail.jpeg', 'https://s3.eu-central-1.amazonaws.com/dribbler.org-videos/56/video.mp4', 'https://s3.eu-central-1.amazonaws.com/dribbler.org-videos/56/video.mp4', 0, 0, 0, 0, '2017-08-17 08:39:30', '2017-08-17 08:39:31'),
(58, 1026, 1, 'https://s3.eu-central-1.amazonaws.com/dribbler.org-videos/58/thumbnail.png', 'https://s3.eu-central-1.amazonaws.com/dribbler.org-videos/58/video.mp4', 'https://s3.eu-central-1.amazonaws.com/dribbler.org-videos/58/video.mp4', 20, 1, 0, 0, '2017-08-20 05:51:19', '2017-09-09 04:45:57'),
(59, 1026, 2, 'https://s3.eu-central-1.amazonaws.com/dribbler.org-videos/59/thumbnail.jpeg', 'https://s3.eu-central-1.amazonaws.com/dribbler.org-videos/59/video.bin', 'https://s3.eu-central-1.amazonaws.com/dribbler.org-videos/59/video.bin', 20, 0, 0, 0, '2017-08-20 05:52:10', '2017-08-20 06:19:07'),
(60, 1026, 4, 'https://s3.eu-central-1.amazonaws.com/dribbler.org-videos/60/thumbnail.jpeg', 'https://s3.eu-central-1.amazonaws.com/dribbler.org-videos/60/video.bin', 'https://s3.eu-central-1.amazonaws.com/dribbler.org-videos/60/video.bin', 20, 0, 0, 0, '2017-08-20 05:52:50', '2017-08-20 06:19:06'),
(61, 1026, 5, 'https://s3.eu-central-1.amazonaws.com/dribbler.org-videos/61/thumbnail.jpeg', 'https://s3.eu-central-1.amazonaws.com/dribbler.org-videos/61/video.bin', 'https://s3.eu-central-1.amazonaws.com/dribbler.org-videos/61/video.bin', 20, 0, 0, 0, '2017-08-20 05:53:38', '2017-08-20 06:19:04'),
(62, 1026, 6, 'https://s3.eu-central-1.amazonaws.com/dribbler.org-videos/62/thumbnail.jpeg', 'https://s3.eu-central-1.amazonaws.com/dribbler.org-videos/62/video.bin', 'https://s3.eu-central-1.amazonaws.com/dribbler.org-videos/62/video.bin', 20, 0, 0, 0, '2017-08-20 05:54:11', '2017-08-20 06:19:03'),
(63, 1026, 7, 'https://s3.eu-central-1.amazonaws.com/dribbler.org-videos/63/thumbnail.jpeg', 'https://s3.eu-central-1.amazonaws.com/dribbler.org-videos/63/video.bin', 'https://s3.eu-central-1.amazonaws.com/dribbler.org-videos/63/video.bin', 20, 0, 0, 0, '2017-08-20 05:54:48', '2017-08-20 06:19:01'),
(64, 1026, 8, 'https://s3.eu-central-1.amazonaws.com/dribbler.org-videos/64/thumbnail.jpeg', 'https://s3.eu-central-1.amazonaws.com/dribbler.org-videos/64/video.bin', 'https://s3.eu-central-1.amazonaws.com/dribbler.org-videos/64/video.bin', 20, 0, 0, 0, '2017-08-20 05:55:37', '2017-08-20 06:18:59'),
(65, 1026, 9, 'https://s3.eu-central-1.amazonaws.com/dribbler.org-videos/65/thumbnail.jpeg', 'https://s3.eu-central-1.amazonaws.com/dribbler.org-videos/65/video.bin', 'https://s3.eu-central-1.amazonaws.com/dribbler.org-videos/65/video.bin', 20, 0, 0, 0, '2017-08-20 05:56:22', '2017-08-20 06:18:58'),
(66, 1026, 10, 'https://s3.eu-central-1.amazonaws.com/dribbler.org-videos/66/thumbnail.jpeg', 'https://s3.eu-central-1.amazonaws.com/dribbler.org-videos/66/video.bin', 'https://s3.eu-central-1.amazonaws.com/dribbler.org-videos/66/video.bin', 21, 0, 0, 0, '2017-08-20 05:57:15', '2017-08-21 17:24:09'),
(67, 1006, 2, 'https://s3.eu-central-1.amazonaws.com/dribbler.org-videos/67/thumbnail.jpeg', 'https://s3.eu-central-1.amazonaws.com/dribbler.org-videos/67/video.mp4', 'https://s3.eu-central-1.amazonaws.com/dribbler.org-videos/67/video.mp4', 2, 1, 0, 0, '2017-08-20 08:35:50', '2017-08-21 17:24:13'),
(68, 1039, 5, 'https://s3.eu-central-1.amazonaws.com/dribbler.org-videos/68/thumbnail.jpeg', 'https://s3.eu-central-1.amazonaws.com/dribbler.org-videos/68/video.bin', 'https://s3.eu-central-1.amazonaws.com/dribbler.org-videos/68/video.bin', 1, 1, 0, 0, '2017-08-21 17:27:57', '2017-08-24 16:16:58'),
(69, 1039, 3, 'https://s3.eu-central-1.amazonaws.com/dribbler.org-videos/69/thumbnail.jpeg', 'https://s3.eu-central-1.amazonaws.com/dribbler.org-videos/69/video.bin', 'https://s3.eu-central-1.amazonaws.com/dribbler.org-videos/69/video.bin', 0, 0, 0, 0, '2017-08-21 17:30:15', '2017-08-22 01:26:43'),
(70, 1012, 3, 'https://s3.eu-central-1.amazonaws.com/dribbler.org-videos/70/thumbnail.jpeg', 'https://s3.eu-central-1.amazonaws.com/dribbler.org-videos/70/video.mp4', 'https://s3.eu-central-1.amazonaws.com/dribbler.org-videos/70/video.mp4', 0, 0, 0, 0, '2017-08-23 11:24:32', '2017-08-23 11:24:32'),
(71, 1012, 3, 'https://s3.eu-central-1.amazonaws.com/dribbler.org-videos/71/thumbnail.jpeg', 'https://s3.eu-central-1.amazonaws.com/dribbler.org-videos/71/video.mp4', 'https://s3.eu-central-1.amazonaws.com/dribbler.org-videos/71/video.mp4', 1, 1, 0, 0, '2017-08-23 11:37:18', '2017-08-25 07:52:41'),
(72, 1041, 3, 'https://s3.eu-central-1.amazonaws.com/dribbler.org-videos/72/thumbnail.jpeg', 'https://s3.eu-central-1.amazonaws.com/dribbler.org-videos/72/video.mp4', 'https://s3.eu-central-1.amazonaws.com/dribbler.org-videos/72/video.mp4', 22, 1, 1, 0, '2017-08-25 08:46:29', '2017-08-26 04:37:27'),
(73, 1041, 1, 'https://s3.eu-central-1.amazonaws.com/dribbler.org-videos/73/thumbnail.jpeg', 'https://s3.eu-central-1.amazonaws.com/dribbler.org-videos/73/video.mp4', 'https://s3.eu-central-1.amazonaws.com/dribbler.org-videos/73/video.mp4', 21, 0, 0, 0, '2017-08-25 09:10:13', '2017-08-26 04:20:58'),
(74, 1041, 2, 'https://s3.eu-central-1.amazonaws.com/dribbler.org-videos/74/thumbnail.jpeg', 'https://s3.eu-central-1.amazonaws.com/dribbler.org-videos/74/video.mp4', 'https://s3.eu-central-1.amazonaws.com/dribbler.org-videos/74/video.mp4', 21, 0, 0, 0, '2017-08-25 09:11:14', '2017-08-26 04:20:57'),
(75, 1041, 4, 'https://s3.eu-central-1.amazonaws.com/dribbler.org-videos/75/thumbnail.jpeg', 'https://s3.eu-central-1.amazonaws.com/dribbler.org-videos/75/video.mp4', 'https://s3.eu-central-1.amazonaws.com/dribbler.org-videos/75/video.mp4', 21, 0, 0, 0, '2017-08-25 09:12:06', '2017-08-26 04:20:56'),
(76, 1041, 5, 'https://s3.eu-central-1.amazonaws.com/dribbler.org-videos/76/thumbnail.jpeg', 'https://s3.eu-central-1.amazonaws.com/dribbler.org-videos/76/video.mp4', 'https://s3.eu-central-1.amazonaws.com/dribbler.org-videos/76/video.mp4', 21, 0, 0, 0, '2017-08-25 09:12:55', '2017-08-26 04:20:55'),
(77, 1041, 6, 'https://s3.eu-central-1.amazonaws.com/dribbler.org-videos/77/thumbnail.jpeg', 'https://s3.eu-central-1.amazonaws.com/dribbler.org-videos/77/video.mp4', 'https://s3.eu-central-1.amazonaws.com/dribbler.org-videos/77/video.mp4', 21, 0, 0, 0, '2017-08-25 09:14:11', '2017-08-26 04:20:53'),
(78, 1041, 7, 'https://s3.eu-central-1.amazonaws.com/dribbler.org-videos/78/thumbnail.jpeg', 'https://s3.eu-central-1.amazonaws.com/dribbler.org-videos/78/video.mp4', 'https://s3.eu-central-1.amazonaws.com/dribbler.org-videos/78/video.mp4', 21, 0, 0, 0, '2017-08-25 09:15:02', '2017-08-26 04:20:52'),
(79, 1041, 8, 'https://s3.eu-central-1.amazonaws.com/dribbler.org-videos/79/thumbnail.jpeg', 'https://s3.eu-central-1.amazonaws.com/dribbler.org-videos/79/video.mp4', 'https://s3.eu-central-1.amazonaws.com/dribbler.org-videos/79/video.mp4', 21, 0, 0, 0, '2017-08-25 09:15:48', '2017-08-26 04:20:51'),
(80, 1041, 9, 'https://s3.eu-central-1.amazonaws.com/dribbler.org-videos/80/thumbnail.jpeg', 'https://s3.eu-central-1.amazonaws.com/dribbler.org-videos/80/video.mp4', 'https://s3.eu-central-1.amazonaws.com/dribbler.org-videos/80/video.mp4', 21, 0, 0, 0, '2017-08-25 09:16:43', '2017-08-26 04:20:49'),
(81, 1041, 10, 'https://s3.eu-central-1.amazonaws.com/dribbler.org-videos/81/thumbnail.jpeg', 'https://s3.eu-central-1.amazonaws.com/dribbler.org-videos/81/video.mp4', 'https://s3.eu-central-1.amazonaws.com/dribbler.org-videos/81/video.mp4', 20, 1, 0, 0, '2017-08-25 09:17:28', '2017-08-27 10:53:40'),
(82, 1042, 1, 'https://s3.eu-central-1.amazonaws.com/dribbler.org-videos/82/thumbnail.jpeg', 'https://s3.eu-central-1.amazonaws.com/dribbler.org-videos/82/video.mp4', 'https://s3.eu-central-1.amazonaws.com/dribbler.org-videos/82/video.mp4', 22, 1, 0, 0, '2017-08-27 09:59:41', '2017-09-02 08:48:32'),
(83, 1042, 2, 'https://s3.eu-central-1.amazonaws.com/dribbler.org-videos/83/thumbnail.jpeg', 'https://s3.eu-central-1.amazonaws.com/dribbler.org-videos/83/video.mp4', 'https://s3.eu-central-1.amazonaws.com/dribbler.org-videos/83/video.mp4', 21, 0, 0, 0, '2017-08-27 10:07:21', '2017-09-11 05:49:50'),
(84, 1042, 3, 'https://s3.eu-central-1.amazonaws.com/dribbler.org-videos/84/thumbnail.jpeg', 'https://s3.eu-central-1.amazonaws.com/dribbler.org-videos/84/video.mp4', 'https://s3.eu-central-1.amazonaws.com/dribbler.org-videos/84/video.mp4', 21, 0, 0, 0, '2017-08-27 10:09:01', '2017-08-27 10:54:52'),
(85, 1042, 4, 'https://s3.eu-central-1.amazonaws.com/dribbler.org-videos/85/thumbnail.jpeg', 'https://s3.eu-central-1.amazonaws.com/dribbler.org-videos/85/video.mp4', 'https://s3.eu-central-1.amazonaws.com/dribbler.org-videos/85/video.mp4', 20, 0, 0, 0, '2017-08-27 10:10:28', '2017-08-27 10:54:50'),
(86, 1042, 5, 'https://s3.eu-central-1.amazonaws.com/dribbler.org-videos/86/thumbnail.jpeg', 'https://s3.eu-central-1.amazonaws.com/dribbler.org-videos/86/video.mp4', 'https://s3.eu-central-1.amazonaws.com/dribbler.org-videos/86/video.mp4', 20, 0, 0, 0, '2017-08-27 10:11:37', '2017-08-27 10:54:49'),
(87, 1042, 6, 'https://s3.eu-central-1.amazonaws.com/dribbler.org-videos/87/thumbnail.jpeg', 'https://s3.eu-central-1.amazonaws.com/dribbler.org-videos/87/video.mp4', 'https://s3.eu-central-1.amazonaws.com/dribbler.org-videos/87/video.mp4', 21, 0, 0, 0, '2017-08-27 10:12:51', '2017-08-27 10:54:47'),
(88, 1042, 7, 'https://s3.eu-central-1.amazonaws.com/dribbler.org-videos/88/thumbnail.jpeg', 'https://s3.eu-central-1.amazonaws.com/dribbler.org-videos/88/video.mp4', 'https://s3.eu-central-1.amazonaws.com/dribbler.org-videos/88/video.mp4', 21, 0, 0, 0, '2017-08-27 10:14:14', '2017-08-27 10:54:45'),
(89, 1042, 8, 'https://s3.eu-central-1.amazonaws.com/dribbler.org-videos/89/thumbnail.jpeg', 'https://s3.eu-central-1.amazonaws.com/dribbler.org-videos/89/video.mp4', 'https://s3.eu-central-1.amazonaws.com/dribbler.org-videos/89/video.mp4', 20, 0, 0, 0, '2017-08-27 10:15:36', '2017-08-27 10:54:44'),
(90, 1042, 9, 'https://s3.eu-central-1.amazonaws.com/dribbler.org-videos/90/thumbnail.jpeg', 'https://s3.eu-central-1.amazonaws.com/dribbler.org-videos/90/video.mp4', 'https://s3.eu-central-1.amazonaws.com/dribbler.org-videos/90/video.mp4', 21, 0, 0, 0, '2017-08-27 10:16:58', '2017-08-27 10:54:42'),
(91, 1042, 10, 'https://s3.eu-central-1.amazonaws.com/dribbler.org-videos/91/thumbnail.jpeg', 'https://s3.eu-central-1.amazonaws.com/dribbler.org-videos/91/video.mp4', 'https://s3.eu-central-1.amazonaws.com/dribbler.org-videos/91/video.mp4', 20, 0, 0, 0, '2017-08-27 10:18:53', '2017-08-28 13:17:36'),
(92, 1043, 1, 'https://s3.eu-central-1.amazonaws.com/dribbler.org-videos/92/thumbnail.jpeg', 'https://s3.eu-central-1.amazonaws.com/dribbler.org-videos/92/video.mp4', 'https://s3.eu-central-1.amazonaws.com/dribbler.org-videos/92/video.mp4', 20, 0, 0, 0, '2017-08-28 13:01:11', '2017-08-28 13:46:55'),
(93, 1043, 2, 'https://s3.eu-central-1.amazonaws.com/dribbler.org-videos/93/thumbnail.jpeg', 'https://s3.eu-central-1.amazonaws.com/dribbler.org-videos/93/video.mp4', 'https://s3.eu-central-1.amazonaws.com/dribbler.org-videos/93/video.mp4', 20, 0, 0, 0, '2017-08-28 13:02:15', '2017-08-28 13:46:53'),
(94, 1043, 3, 'https://s3.eu-central-1.amazonaws.com/dribbler.org-videos/94/thumbnail.jpeg', 'https://s3.eu-central-1.amazonaws.com/dribbler.org-videos/94/video.mp4', 'https://s3.eu-central-1.amazonaws.com/dribbler.org-videos/94/video.mp4', 20, 0, 0, 0, '2017-08-28 13:03:17', '2017-08-28 13:46:51'),
(95, 1043, 4, 'https://s3.eu-central-1.amazonaws.com/dribbler.org-videos/95/thumbnail.jpeg', 'https://s3.eu-central-1.amazonaws.com/dribbler.org-videos/95/video.mp4', 'https://s3.eu-central-1.amazonaws.com/dribbler.org-videos/95/video.mp4', 20, 0, 0, 0, '2017-08-28 13:04:28', '2017-08-28 13:46:50'),
(96, 1043, 5, 'https://s3.eu-central-1.amazonaws.com/dribbler.org-videos/96/thumbnail.jpeg', 'https://s3.eu-central-1.amazonaws.com/dribbler.org-videos/96/video.mp4', 'https://s3.eu-central-1.amazonaws.com/dribbler.org-videos/96/video.mp4', 20, 0, 0, 0, '2017-08-28 13:05:17', '2017-08-28 13:46:49'),
(97, 1043, 6, 'https://s3.eu-central-1.amazonaws.com/dribbler.org-videos/97/thumbnail.jpeg', 'https://s3.eu-central-1.amazonaws.com/dribbler.org-videos/97/video.mp4', 'https://s3.eu-central-1.amazonaws.com/dribbler.org-videos/97/video.mp4', 20, 0, 0, 0, '2017-08-28 13:06:17', '2017-08-28 13:46:47'),
(98, 1043, 7, 'https://s3.eu-central-1.amazonaws.com/dribbler.org-videos/98/thumbnail.jpeg', 'https://s3.eu-central-1.amazonaws.com/dribbler.org-videos/98/video.mp4', 'https://s3.eu-central-1.amazonaws.com/dribbler.org-videos/98/video.mp4', 20, 0, 0, 0, '2017-08-28 13:07:13', '2017-08-28 13:46:46'),
(99, 1043, 8, 'https://s3.eu-central-1.amazonaws.com/dribbler.org-videos/99/thumbnail.jpeg', 'https://s3.eu-central-1.amazonaws.com/dribbler.org-videos/99/video.mp4', 'https://s3.eu-central-1.amazonaws.com/dribbler.org-videos/99/video.mp4', 20, 0, 0, 0, '2017-08-28 13:08:18', '2017-08-28 13:46:44'),
(100, 1043, 9, 'https://s3.eu-central-1.amazonaws.com/dribbler.org-videos/100/thumbnail.jpeg', 'https://s3.eu-central-1.amazonaws.com/dribbler.org-videos/100/video.mp4', 'https://s3.eu-central-1.amazonaws.com/dribbler.org-videos/100/video.mp4', 20, 0, 0, 0, '2017-08-28 13:09:10', '2017-08-28 13:46:43'),
(101, 1043, 10, 'https://s3.eu-central-1.amazonaws.com/dribbler.org-videos/101/thumbnail.jpeg', 'https://s3.eu-central-1.amazonaws.com/dribbler.org-videos/101/video.mp4', 'https://s3.eu-central-1.amazonaws.com/dribbler.org-videos/101/video.mp4', 21, 1, 0, 0, '2017-08-28 13:10:01', '2017-09-11 06:38:29'),
(102, 1044, 1, 'https://s3.eu-central-1.amazonaws.com/dribbler.org-videos/102/thumbnail.jpeg', 'https://s3.eu-central-1.amazonaws.com/dribbler.org-videos/102/video.mp4', 'https://s3.eu-central-1.amazonaws.com/dribbler.org-videos/102/video.mp4', 21, 1, 0, 0, '2017-09-02 02:20:13', '2017-09-11 06:35:37'),
(103, 1044, 2, 'https://s3.eu-central-1.amazonaws.com/dribbler.org-videos/103/thumbnail.jpeg', 'https://s3.eu-central-1.amazonaws.com/dribbler.org-videos/103/video.mp4', 'https://s3.eu-central-1.amazonaws.com/dribbler.org-videos/103/video.mp4', 20, 0, 0, 0, '2017-09-02 02:21:57', '2017-09-02 02:56:44'),
(104, 1044, 3, 'https://s3.eu-central-1.amazonaws.com/dribbler.org-videos/104/thumbnail.jpeg', 'https://s3.eu-central-1.amazonaws.com/dribbler.org-videos/104/video.mp4', 'https://s3.eu-central-1.amazonaws.com/dribbler.org-videos/104/video.mp4', 20, 0, 0, 0, '2017-09-02 02:22:51', '2017-09-02 02:56:42'),
(105, 1044, 4, 'https://s3.eu-central-1.amazonaws.com/dribbler.org-videos/105/thumbnail.jpeg', 'https://s3.eu-central-1.amazonaws.com/dribbler.org-videos/105/video.mp4', 'https://s3.eu-central-1.amazonaws.com/dribbler.org-videos/105/video.mp4', 22, 0, 0, 0, '2017-09-02 02:23:55', '2017-09-10 07:52:08'),
(106, 1044, 5, 'https://s3.eu-central-1.amazonaws.com/dribbler.org-videos/106/thumbnail.jpeg', 'https://s3.eu-central-1.amazonaws.com/dribbler.org-videos/106/video.mp4', 'https://s3.eu-central-1.amazonaws.com/dribbler.org-videos/106/video.mp4', 22, 0, 0, 0, '2017-09-02 02:24:46', '2017-09-10 07:52:05'),
(107, 1044, 6, 'https://s3.eu-central-1.amazonaws.com/dribbler.org-videos/107/thumbnail.jpeg', 'https://s3.eu-central-1.amazonaws.com/dribbler.org-videos/107/video.mp4', 'https://s3.eu-central-1.amazonaws.com/dribbler.org-videos/107/video.mp4', 20, 1, 1, 0, '2017-09-02 02:25:42', '2017-09-10 07:51:43'),
(108, 1044, 7, 'https://s3.eu-central-1.amazonaws.com/dribbler.org-videos/108/thumbnail.jpeg', 'https://s3.eu-central-1.amazonaws.com/dribbler.org-videos/108/video.mp4', 'https://s3.eu-central-1.amazonaws.com/dribbler.org-videos/108/video.mp4', 20, 0, 0, 0, '2017-09-02 02:26:31', '2017-09-02 02:56:37'),
(109, 1044, 8, 'https://s3.eu-central-1.amazonaws.com/dribbler.org-videos/109/thumbnail.jpeg', 'https://s3.eu-central-1.amazonaws.com/dribbler.org-videos/109/video.mp4', 'https://s3.eu-central-1.amazonaws.com/dribbler.org-videos/109/video.mp4', 20, 0, 0, 0, '2017-09-02 02:27:29', '2017-09-02 02:56:36'),
(110, 1044, 9, 'https://s3.eu-central-1.amazonaws.com/dribbler.org-videos/110/thumbnail.jpeg', 'https://s3.eu-central-1.amazonaws.com/dribbler.org-videos/110/video.mp4', 'https://s3.eu-central-1.amazonaws.com/dribbler.org-videos/110/video.mp4', 20, 0, 0, 0, '2017-09-02 02:28:21', '2017-09-02 02:56:34'),
(111, 1044, 10, 'https://s3.eu-central-1.amazonaws.com/dribbler.org-videos/111/thumbnail.jpeg', 'https://s3.eu-central-1.amazonaws.com/dribbler.org-videos/111/video.mp4', 'https://s3.eu-central-1.amazonaws.com/dribbler.org-videos/111/video.mp4', 21, 0, 0, 0, '2017-09-02 02:29:06', '2017-09-10 07:51:57');

-- --------------------------------------------------------

--
-- Table structure for table `video_likes`
--

CREATE TABLE `video_likes` (
  `like_id` bigint(20) UNSIGNED NOT NULL,
  `user_id` bigint(20) UNSIGNED NOT NULL,
  `video_id` bigint(20) UNSIGNED NOT NULL,
  `like_type` tinyint(1) NOT NULL DEFAULT '0',
  `view_count` smallint(5) UNSIGNED NOT NULL DEFAULT '0'
) ENGINE=MyISAM DEFAULT CHARSET=latin1;

--
-- Dumping data for table `video_likes`
--

INSERT INTO `video_likes` (`like_id`, `user_id`, `video_id`, `like_type`, `view_count`) VALUES
(1, 6, 6, 1, 0),
(2, 11, 7, 1, 0),
(4, 6, 6, 0, 1),
(8, 6, 11, 1, 32),
(9, 6, 8, 1, 8),
(10, 6, 7, 1, 0),
(12, 1003, 19, 0, 2),
(13, 1003, 18, 1, 2),
(14, 1003, 11, 1, 1),
(16, 1005, 18, 1, 8),
(17, 1005, 20, 0, 1),
(18, 1005, 6, 0, 1),
(19, 1005, 8, 0, 1),
(20, 1005, 22, 1, 4),
(21, 1005, 23, 1, 1),
(22, 1006, 20, 1, 16),
(23, 1007, 20, 0, 1),
(24, 1007, 19, 0, 1),
(25, 1009, 23, 0, 1),
(27, 1009, 7, 0, 1),
(28, 1002, 7, 0, 1),
(29, 1002, 18, 1, 4),
(30, 1002, 24, 0, 2),
(31, 1002, 25, 1, 16),
(32, 1002, 27, 1, 16),
(33, 1002, 28, 1, 4),
(34, 1002, 23, 0, 1),
(35, 1003, 28, 1, 4),
(36, 1003, 27, 1, 1),
(37, 1003, 26, 0, 1),
(38, 1006, 24, 1, 3),
(39, 6, 18, 0, 1),
(40, 6, 25, 0, 1),
(41, 1006, 8, 0, 1),
(42, 1006, 23, 0, 1),
(43, 1006, 29, 0, 9),
(44, 1006, 30, 1, 16384),
(45, 1003, 29, 1, 2),
(46, 1006, 32, 1, 2),
(47, 1006, 31, 1, 4),
(48, 1006, 33, 1, 32),
(49, 1006, 34, 1, 4),
(50, 1003, 33, 1, 65535),
(51, 1003, 34, 1, 0),
(52, 1003, 30, 1, 4096),
(53, 1003, 31, 1, 16),
(54, 1003, 32, 1, 0),
(55, 1002, 30, 1, 1),
(56, 1006, 35, 1, 1),
(57, 1002, 29, 1, 1),
(58, 1002, 35, 1, 0),
(59, 1006, 22, 0, 0),
(60, 1006, 7, 0, 0),
(61, 1002, 31, 1, 0),
(62, 1011, 36, 1, 128),
(63, 1011, 37, 0, 2),
(64, 1011, 33, 1, 0),
(65, 1011, 34, 1, 0),
(66, 1012, 37, 1, 0),
(67, 1012, 36, 1, 0),
(68, 1012, 34, 1, 0),
(69, 1012, 38, 1, 0),
(70, 1012, 39, 1, 0),
(71, 1012, 23, 0, 4),
(72, 1012, 43, 0, 2),
(73, 1012, 44, 0, 4),
(74, 1012, 18, 0, 2),
(75, 1011, 45, 0, 2),
(76, 1009, 45, 1, 0),
(77, 1009, 46, 1, 1),
(78, 1004, 51, 1, 1),
(79, 1014, 23, 0, 1),
(80, 1004, 52, 1, 8),
(81, 1004, 20, 1, 1),
(82, 1004, 18, 1, 0),
(83, 1004, 7, 0, 1),
(84, 1004, 7, 1, 0),
(85, 1004, 11, 1, 1),
(86, 1004, 28, 1, 2),
(87, 1004, 36, 1, 0),
(88, 1004, 6, 1, 0),
(89, 1004, 8, 1, 1),
(91, 1004, 22, 1, 0),
(92, 1004, 23, 1, 0),
(93, 1004, 24, 1, 0),
(94, 1004, 25, 1, 0),
(95, 1004, 43, 1, 1),
(96, 1004, 44, 1, 0),
(97, 1015, 18, 1, 0),
(98, 1015, 7, 1, 1),
(99, 1015, 36, 1, 0),
(100, 1015, 28, 1, 1),
(101, 1015, 11, 1, 1),
(102, 1015, 6, 1, 0),
(103, 1015, 25, 1, 1),
(104, 1015, 24, 1, 0),
(105, 1015, 23, 1, 0),
(106, 1015, 22, 1, 0),
(107, 1015, 52, 1, 1),
(108, 1015, 44, 1, 1),
(109, 1015, 43, 1, 1),
(110, 1015, 8, 1, 1),
(112, 1015, 20, 1, 1),
(113, 1016, 18, 1, 0),
(114, 1016, 7, 1, 1),
(115, 1016, 36, 1, 1),
(116, 1016, 28, 1, 0),
(117, 1016, 11, 1, 1),
(118, 1016, 6, 1, 0),
(119, 1016, 25, 1, 0),
(120, 1016, 24, 1, 0),
(121, 1016, 23, 1, 0),
(122, 1016, 22, 1, 0),
(123, 1016, 20, 1, 0),
(125, 1016, 8, 1, 1),
(126, 1016, 43, 1, 1),
(127, 1016, 44, 1, 1),
(128, 1016, 52, 1, 0),
(129, 1017, 18, 1, 0),
(130, 1017, 7, 1, 1),
(131, 1017, 36, 1, 0),
(132, 1017, 28, 1, 0),
(133, 1017, 11, 1, 1),
(134, 1017, 6, 1, 0),
(135, 1017, 25, 1, 0),
(136, 1017, 24, 1, 0),
(137, 1017, 23, 1, 0),
(138, 1017, 22, 1, 0),
(139, 1017, 20, 1, 0),
(141, 1017, 8, 1, 1),
(142, 1017, 43, 1, 1),
(143, 1017, 44, 1, 1),
(144, 1017, 52, 1, 1),
(145, 1018, 18, 1, 0),
(146, 1018, 7, 1, 1),
(147, 1018, 36, 1, 1),
(148, 1018, 28, 1, 0),
(149, 1018, 11, 1, 2),
(150, 1018, 6, 1, 0),
(151, 1018, 25, 1, 1),
(152, 1018, 24, 1, 0),
(153, 1018, 23, 1, 0),
(154, 1018, 22, 1, 0),
(155, 1018, 20, 1, 0),
(157, 1018, 8, 1, 1),
(158, 1018, 43, 1, 1),
(159, 1018, 44, 1, 1),
(160, 1018, 52, 1, 0),
(161, 1019, 18, 1, 1),
(162, 1019, 7, 1, 1),
(163, 1019, 36, 1, 0),
(164, 1019, 28, 1, 0),
(165, 1019, 11, 1, 0),
(166, 1019, 6, 1, 0),
(167, 1019, 25, 1, 0),
(168, 1019, 24, 1, 0),
(169, 1019, 23, 1, 0),
(170, 1019, 22, 1, 0),
(171, 1019, 20, 1, 0),
(173, 1019, 8, 1, 1),
(174, 1019, 43, 1, 1),
(175, 1019, 44, 1, 1),
(176, 1019, 52, 1, 0),
(177, 1020, 18, 1, 0),
(178, 1020, 7, 1, 1),
(179, 1020, 36, 1, 0),
(180, 1020, 28, 1, 0),
(181, 1020, 11, 1, 1),
(182, 1020, 6, 1, 0),
(183, 1020, 25, 1, 0),
(184, 1020, 24, 1, 0),
(185, 1020, 23, 1, 0),
(186, 1020, 22, 1, 1),
(187, 1020, 20, 1, 0),
(189, 1020, 8, 1, 1),
(190, 1020, 43, 1, 1),
(191, 1020, 44, 1, 1),
(192, 1020, 52, 1, 1),
(193, 1021, 18, 1, 0),
(194, 1021, 7, 1, 1),
(195, 1021, 36, 1, 0),
(196, 1021, 28, 1, 0),
(197, 1021, 11, 1, 1),
(198, 1021, 6, 1, 0),
(199, 1021, 25, 1, 0),
(200, 1021, 24, 1, 0),
(201, 1021, 23, 1, 0),
(202, 1021, 22, 1, 0),
(203, 1021, 20, 1, 0),
(205, 1021, 8, 1, 1),
(206, 1021, 43, 1, 1),
(207, 1021, 44, 1, 1),
(208, 1021, 52, 1, 0),
(209, 1022, 18, 1, 0),
(210, 1022, 7, 1, 1),
(211, 1022, 36, 1, 0),
(212, 1022, 28, 1, 0),
(213, 1022, 28, 0, 1),
(214, 1022, 11, 1, 1),
(215, 1022, 6, 1, 0),
(216, 1022, 25, 1, 0),
(217, 1022, 24, 1, 0),
(218, 1022, 23, 1, 0),
(219, 1022, 22, 1, 0),
(220, 1022, 20, 1, 0),
(222, 1022, 8, 1, 1),
(223, 1022, 43, 1, 1),
(224, 1022, 44, 1, 1),
(225, 1022, 52, 1, 1),
(226, 1023, 18, 1, 0),
(227, 1023, 7, 1, 1),
(228, 1023, 36, 1, 0),
(229, 1023, 28, 1, 0),
(230, 1023, 11, 1, 1),
(231, 1023, 6, 1, 0),
(232, 1023, 25, 1, 0),
(233, 1023, 24, 1, 0),
(234, 1023, 23, 1, 0),
(235, 1023, 22, 1, 0),
(236, 1023, 20, 1, 1),
(238, 1023, 8, 1, 1),
(239, 1023, 43, 1, 1),
(240, 1023, 44, 1, 1),
(241, 1023, 52, 1, 1),
(242, 1014, 52, 0, 1),
(243, 1007, 49, 0, 1),
(244, 1007, 53, 1, 8),
(245, 1007, 18, 0, 1),
(246, 1007, 52, 1, 0),
(247, 1007, 50, 1, 0),
(248, 1011, 28, 0, 1),
(249, 1004, 45, 0, 1),
(250, 1004, 37, 0, 1),
(251, 1004, 54, 1, 0),
(252, 1025, 55, 1, 32),
(253, 1025, 11, 1, 1),
(254, 1025, 41, 0, 2),
(255, 1025, 54, 1, 0),
(256, 1025, 53, 1, 0),
(257, 1004, 55, 1, 1),
(258, 1012, 42, 0, 1),
(259, 1025, 45, 1, 0),
(260, 1026, 18, 0, 1),
(1309, 1044, 101, 1, 0),
(1308, 1044, 102, 1, 1),
(1307, 1026, 36, 1, 0),
(1306, 1026, 45, 1, 0),
(1305, 1048, 105, 1, 0),
(1304, 1048, 106, 1, 0),
(1303, 1048, 111, 1, 0),
(1302, 1039, 105, 1, 0),
(1301, 1039, 106, 1, 0),
(1300, 1026, 58, 0, 3),
(282, 1036, 66, 1, 0),
(283, 1036, 65, 1, 0),
(284, 1036, 64, 1, 0),
(285, 1036, 63, 1, 0),
(286, 1036, 62, 1, 0),
(287, 1036, 61, 1, 0),
(288, 1036, 60, 1, 0),
(289, 1036, 59, 1, 0),
(290, 1036, 58, 1, 0),
(291, 1035, 66, 1, 0),
(292, 1035, 65, 1, 0),
(293, 1035, 64, 1, 0),
(294, 1035, 63, 1, 0),
(295, 1035, 62, 1, 0),
(296, 1035, 61, 1, 0),
(297, 1035, 60, 1, 0),
(298, 1035, 59, 1, 0),
(299, 1035, 58, 1, 0),
(300, 1034, 66, 1, 0),
(301, 1034, 65, 1, 0),
(302, 1034, 64, 1, 0),
(303, 1034, 63, 1, 0),
(304, 1034, 62, 1, 0),
(305, 1034, 61, 1, 0),
(306, 1034, 60, 1, 0),
(307, 1034, 59, 1, 0),
(308, 1034, 58, 1, 0),
(309, 1033, 66, 1, 0),
(310, 1033, 65, 1, 0),
(311, 1033, 64, 1, 0),
(312, 1033, 63, 1, 0),
(313, 1033, 62, 1, 0),
(314, 1033, 61, 1, 0),
(315, 1033, 60, 1, 0),
(316, 1033, 59, 1, 0),
(317, 1033, 58, 1, 0),
(318, 1032, 66, 1, 0),
(319, 1032, 65, 1, 0),
(320, 1032, 64, 1, 0),
(321, 1032, 63, 1, 0),
(322, 1032, 62, 1, 0),
(323, 1032, 61, 1, 0),
(324, 1032, 60, 1, 0),
(325, 1032, 59, 1, 0),
(326, 1032, 58, 1, 0),
(327, 1031, 66, 1, 0),
(328, 1031, 65, 1, 0),
(329, 1031, 64, 1, 0),
(330, 1031, 63, 1, 0),
(331, 1031, 62, 1, 0),
(332, 1031, 61, 1, 0),
(333, 1031, 60, 1, 0),
(334, 1031, 59, 1, 0),
(335, 1031, 58, 1, 0),
(336, 1030, 66, 1, 0),
(337, 1030, 65, 1, 0),
(338, 1030, 64, 1, 0),
(339, 1030, 63, 1, 0),
(340, 1030, 62, 1, 0),
(341, 1030, 61, 1, 0),
(342, 1030, 60, 1, 0),
(343, 1030, 59, 1, 0),
(344, 1030, 58, 1, 0),
(345, 1029, 66, 1, 0),
(346, 1029, 65, 1, 0),
(347, 1029, 64, 1, 0),
(348, 1029, 63, 1, 0),
(349, 1029, 62, 1, 0),
(350, 1029, 61, 1, 0),
(351, 1029, 60, 1, 0),
(352, 1029, 59, 1, 0),
(353, 1029, 58, 1, 0),
(354, 1027, 66, 1, 0),
(355, 1027, 65, 1, 0),
(356, 1027, 64, 1, 0),
(357, 1027, 63, 1, 0),
(358, 1027, 62, 1, 0),
(359, 1027, 61, 1, 0),
(360, 1027, 60, 1, 0),
(361, 1027, 59, 1, 0),
(362, 1027, 58, 1, 0),
(363, 1023, 66, 1, 0),
(364, 1023, 65, 1, 0),
(365, 1023, 64, 1, 0),
(366, 1023, 63, 1, 0),
(367, 1023, 62, 1, 0),
(368, 1023, 61, 1, 0),
(369, 1023, 60, 1, 0),
(370, 1023, 59, 1, 0),
(371, 1023, 58, 1, 0),
(372, 1022, 66, 1, 0),
(373, 1022, 65, 1, 0),
(374, 1022, 64, 1, 0),
(375, 1022, 63, 1, 0),
(376, 1022, 62, 1, 0),
(377, 1022, 61, 1, 0),
(378, 1022, 60, 1, 0),
(379, 1022, 59, 1, 0),
(380, 1022, 58, 1, 0),
(381, 1021, 66, 1, 0),
(382, 1021, 65, 1, 0),
(383, 1021, 64, 1, 0),
(384, 1021, 63, 1, 0),
(385, 1021, 62, 1, 0),
(386, 1021, 61, 1, 0),
(387, 1021, 60, 1, 0),
(388, 1021, 59, 1, 0),
(389, 1021, 58, 1, 0),
(390, 1019, 66, 1, 0),
(391, 1019, 65, 1, 0),
(392, 1019, 64, 1, 0),
(393, 1019, 63, 1, 0),
(394, 1019, 62, 1, 0),
(395, 1019, 61, 1, 0),
(396, 1019, 60, 1, 0),
(397, 1019, 59, 1, 0),
(398, 1019, 58, 1, 0),
(399, 1018, 66, 1, 0),
(400, 1018, 65, 1, 0),
(401, 1018, 64, 1, 0),
(402, 1018, 63, 1, 0),
(403, 1018, 62, 1, 0),
(404, 1018, 61, 1, 0),
(405, 1018, 60, 1, 0),
(406, 1018, 59, 1, 0),
(407, 1018, 58, 1, 0),
(408, 1016, 66, 1, 0),
(409, 1016, 65, 1, 0),
(410, 1016, 64, 1, 0),
(411, 1016, 63, 1, 0),
(412, 1016, 62, 1, 0),
(413, 1016, 61, 1, 0),
(414, 1016, 60, 1, 0),
(415, 1016, 59, 1, 0),
(416, 1016, 58, 1, 0),
(417, 1017, 66, 1, 0),
(418, 1017, 65, 1, 0),
(419, 1017, 64, 1, 0),
(420, 1017, 63, 1, 0),
(421, 1017, 62, 1, 0),
(422, 1017, 61, 1, 0),
(423, 1017, 60, 1, 0),
(424, 1017, 59, 1, 0),
(425, 1017, 58, 1, 0),
(426, 1015, 66, 1, 0),
(427, 1015, 65, 1, 0),
(428, 1015, 64, 1, 0),
(429, 1015, 63, 1, 0),
(430, 1015, 62, 1, 0),
(431, 1015, 61, 1, 0),
(432, 1015, 60, 1, 0),
(433, 1015, 59, 1, 0),
(434, 1015, 58, 0, 0),
(435, 1015, 58, 1, 0),
(436, 1014, 66, 1, 0),
(437, 1014, 65, 1, 0),
(438, 1014, 64, 1, 0),
(439, 1014, 63, 1, 0),
(440, 1014, 62, 1, 0),
(441, 1014, 61, 1, 0),
(442, 1014, 60, 1, 0),
(443, 1014, 59, 1, 0),
(444, 1014, 58, 1, 0),
(445, 1037, 66, 1, 0),
(446, 1037, 65, 1, 0),
(447, 1037, 64, 1, 0),
(448, 1037, 63, 1, 0),
(449, 1037, 62, 1, 0),
(450, 1037, 61, 1, 0),
(451, 1037, 60, 1, 0),
(452, 1037, 59, 1, 0),
(453, 1037, 58, 1, 0),
(454, 1038, 66, 1, 0),
(455, 1038, 65, 1, 0),
(456, 1038, 64, 1, 0),
(457, 1038, 63, 1, 0),
(458, 1038, 62, 1, 0),
(459, 1038, 61, 1, 0),
(460, 1038, 60, 1, 0),
(461, 1038, 59, 1, 0),
(462, 1038, 58, 1, 0),
(463, 1006, 67, 1, 1),
(464, 1039, 52, 1, 1),
(465, 1039, 66, 1, 0),
(466, 1039, 67, 1, 0),
(467, 1039, 45, 1, 2),
(468, 1039, 51, 1, 1),
(469, 1039, 69, 0, 0),
(470, 1039, 68, 1, 1),
(471, 1039, 32, 1, 0),
(472, 1012, 71, 0, 1),
(473, 1025, 71, 1, 0),
(474, 1041, 72, 1, 2),
(475, 1014, 72, 1, 0),
(476, 1015, 72, 1, 0),
(477, 1016, 72, 1, 0),
(478, 1017, 72, 1, 0),
(479, 1018, 81, 1, 0),
(480, 1018, 80, 1, 0),
(481, 1018, 79, 1, 0),
(482, 1018, 78, 1, 0),
(483, 1018, 77, 1, 0),
(484, 1018, 76, 1, 0),
(485, 1018, 75, 1, 0),
(486, 1018, 74, 1, 0),
(487, 1018, 73, 1, 0),
(488, 1018, 72, 1, 0),
(489, 1019, 81, 1, 0),
(490, 1019, 80, 1, 0),
(491, 1019, 79, 1, 0),
(492, 1019, 78, 1, 0),
(493, 1019, 77, 1, 0),
(494, 1019, 76, 1, 0),
(495, 1019, 75, 1, 0),
(496, 1019, 74, 1, 0),
(497, 1019, 73, 1, 0),
(498, 1019, 72, 1, 0),
(499, 1021, 81, 1, 0),
(500, 1021, 80, 1, 0),
(501, 1021, 79, 1, 0),
(502, 1021, 78, 1, 0),
(503, 1021, 77, 1, 0),
(504, 1021, 76, 1, 0),
(505, 1021, 75, 1, 0),
(506, 1021, 74, 1, 0),
(507, 1021, 73, 1, 0),
(508, 1021, 72, 1, 0),
(509, 1022, 81, 1, 0),
(510, 1022, 80, 1, 0),
(511, 1022, 79, 1, 0),
(512, 1022, 78, 1, 0),
(513, 1022, 77, 1, 0),
(514, 1022, 76, 1, 0),
(515, 1022, 75, 1, 0),
(516, 1022, 74, 1, 0),
(517, 1022, 73, 1, 0),
(518, 1022, 72, 1, 0),
(519, 1023, 81, 1, 0),
(520, 1023, 80, 1, 0),
(521, 1023, 79, 1, 0),
(522, 1023, 78, 1, 0),
(523, 1023, 77, 1, 0),
(524, 1023, 76, 1, 0),
(525, 1023, 75, 1, 0),
(526, 1023, 74, 1, 0),
(527, 1023, 73, 1, 0),
(528, 1023, 72, 1, 0),
(529, 1026, 81, 1, 0),
(530, 1026, 80, 1, 0),
(531, 1026, 79, 1, 0),
(532, 1026, 78, 1, 0),
(533, 1026, 77, 1, 0),
(534, 1026, 76, 1, 0),
(535, 1026, 75, 1, 0),
(536, 1026, 74, 1, 0),
(537, 1026, 73, 1, 0),
(538, 1026, 72, 1, 0),
(539, 1027, 81, 1, 0),
(540, 1027, 80, 1, 0),
(541, 1027, 79, 1, 0),
(542, 1027, 78, 1, 0),
(543, 1027, 77, 1, 0),
(544, 1027, 76, 1, 0),
(545, 1027, 75, 1, 0),
(546, 1027, 74, 1, 0),
(547, 1027, 73, 1, 0),
(548, 1027, 72, 1, 0),
(549, 1029, 81, 1, 0),
(550, 1029, 80, 1, 0),
(551, 1029, 79, 1, 0),
(552, 1029, 78, 1, 0),
(553, 1029, 77, 1, 0),
(554, 1029, 76, 1, 0),
(555, 1029, 75, 1, 0),
(556, 1029, 74, 1, 0),
(557, 1029, 73, 1, 0),
(558, 1029, 72, 1, 0),
(559, 1030, 81, 1, 0),
(560, 1030, 80, 1, 0),
(561, 1030, 79, 1, 0),
(562, 1030, 78, 1, 0),
(563, 1030, 77, 1, 0),
(564, 1030, 76, 1, 0),
(565, 1030, 75, 1, 0),
(566, 1030, 74, 1, 0),
(567, 1030, 73, 1, 0),
(568, 1030, 72, 1, 0),
(569, 1031, 81, 1, 0),
(570, 1031, 80, 1, 0),
(571, 1031, 79, 1, 0),
(572, 1031, 78, 1, 0),
(573, 1031, 77, 1, 0),
(574, 1031, 76, 1, 0),
(575, 1031, 75, 1, 0),
(576, 1031, 74, 1, 0),
(577, 1031, 73, 1, 0),
(578, 1031, 72, 1, 0),
(579, 1032, 81, 1, 0),
(580, 1032, 80, 1, 0),
(581, 1032, 79, 1, 0),
(582, 1032, 78, 1, 0),
(583, 1032, 77, 1, 0),
(584, 1032, 76, 1, 0),
(585, 1032, 75, 1, 0),
(586, 1032, 74, 1, 0),
(587, 1032, 73, 1, 0),
(588, 1032, 72, 1, 0),
(589, 1033, 81, 1, 0),
(590, 1033, 80, 1, 0),
(591, 1033, 79, 1, 0),
(592, 1033, 78, 1, 0),
(593, 1033, 77, 1, 0),
(594, 1033, 76, 1, 0),
(595, 1033, 75, 1, 0),
(596, 1033, 74, 1, 0),
(597, 1033, 73, 1, 0),
(598, 1033, 72, 1, 0),
(599, 1034, 81, 1, 0),
(600, 1034, 80, 1, 0),
(601, 1034, 79, 1, 0),
(602, 1034, 78, 1, 0),
(603, 1034, 77, 1, 0),
(604, 1034, 76, 1, 0),
(605, 1034, 75, 1, 0),
(606, 1034, 74, 1, 0),
(607, 1034, 73, 1, 0),
(608, 1034, 72, 1, 0),
(609, 1035, 81, 1, 0),
(610, 1035, 80, 1, 0),
(611, 1035, 79, 1, 0),
(612, 1035, 78, 1, 0),
(613, 1035, 77, 1, 0),
(614, 1035, 76, 1, 0),
(615, 1035, 75, 1, 0),
(616, 1035, 74, 1, 0),
(617, 1035, 73, 1, 0),
(618, 1035, 72, 1, 0),
(619, 1036, 81, 1, 0),
(620, 1036, 80, 1, 0),
(621, 1036, 79, 1, 0),
(622, 1036, 78, 1, 0),
(623, 1036, 77, 1, 0),
(624, 1036, 76, 1, 0),
(625, 1036, 75, 1, 0),
(626, 1036, 74, 1, 0),
(627, 1036, 73, 1, 0),
(628, 1036, 72, 1, 0),
(629, 1037, 81, 1, 0),
(630, 1037, 80, 1, 0),
(631, 1037, 79, 1, 0),
(632, 1037, 78, 1, 0),
(633, 1037, 77, 1, 0),
(634, 1037, 76, 1, 0),
(635, 1037, 75, 1, 0),
(636, 1037, 74, 1, 0),
(637, 1037, 73, 1, 0),
(638, 1037, 72, 1, 0),
(639, 1038, 81, 1, 0),
(640, 1038, 80, 1, 0),
(641, 1038, 79, 1, 0),
(642, 1038, 78, 1, 0),
(643, 1038, 77, 1, 0),
(644, 1038, 76, 1, 0),
(645, 1038, 75, 1, 0),
(646, 1038, 74, 1, 0),
(647, 1038, 73, 1, 0),
(648, 1038, 72, 1, 0),
(649, 1014, 81, 1, 0),
(650, 1014, 80, 1, 0),
(651, 1014, 79, 1, 0),
(652, 1014, 78, 1, 0),
(653, 1014, 77, 1, 0),
(654, 1014, 76, 1, 0),
(655, 1014, 75, 1, 0),
(656, 1014, 74, 1, 0),
(657, 1014, 73, 1, 0),
(658, 1015, 81, 1, 0),
(659, 1015, 80, 1, 0),
(660, 1015, 79, 1, 0),
(661, 1015, 78, 1, 0),
(662, 1015, 77, 1, 0),
(663, 1015, 76, 1, 0),
(664, 1015, 75, 1, 0),
(665, 1015, 74, 1, 0),
(666, 1015, 73, 1, 0),
(667, 1016, 81, 1, 0),
(668, 1016, 80, 1, 0),
(669, 1016, 79, 1, 0),
(670, 1016, 78, 1, 0),
(671, 1016, 77, 1, 0),
(672, 1016, 76, 1, 0),
(673, 1016, 75, 1, 0),
(674, 1016, 74, 1, 0),
(675, 1016, 73, 1, 0),
(676, 1041, 81, 0, 1),
(677, 1041, 80, 1, 0),
(678, 1041, 79, 1, 0),
(679, 1041, 78, 1, 0),
(680, 1041, 77, 1, 0),
(681, 1041, 76, 1, 0),
(682, 1041, 75, 1, 0),
(683, 1041, 74, 1, 0),
(684, 1041, 73, 1, 0),
(685, 1041, 91, 1, 0),
(686, 1041, 90, 1, 0),
(687, 1041, 89, 1, 0),
(688, 1041, 88, 1, 0),
(689, 1041, 87, 1, 0),
(690, 1041, 86, 1, 0),
(691, 1041, 85, 1, 0),
(692, 1041, 84, 1, 0),
(693, 1041, 83, 1, 0),
(694, 1041, 82, 1, 0),
(695, 1014, 91, 1, 0),
(696, 1014, 90, 1, 0),
(697, 1014, 89, 1, 0),
(698, 1014, 88, 1, 0),
(699, 1014, 87, 1, 0),
(700, 1014, 86, 1, 0),
(701, 1014, 85, 1, 0),
(702, 1014, 84, 1, 0),
(703, 1014, 83, 1, 0),
(704, 1014, 82, 1, 0),
(705, 1015, 91, 1, 0),
(706, 1015, 90, 1, 0),
(707, 1015, 89, 1, 0),
(708, 1015, 88, 1, 0),
(709, 1015, 87, 1, 0),
(710, 1015, 86, 1, 0),
(711, 1015, 85, 1, 0),
(712, 1015, 84, 1, 0),
(713, 1015, 83, 1, 0),
(714, 1015, 82, 1, 0),
(715, 1016, 91, 1, 0),
(716, 1016, 90, 1, 0),
(717, 1016, 89, 1, 0),
(718, 1016, 88, 1, 0),
(719, 1016, 87, 1, 0),
(720, 1016, 86, 1, 0),
(721, 1016, 85, 1, 0),
(722, 1016, 84, 1, 0),
(723, 1016, 83, 1, 0),
(724, 1016, 82, 1, 0),
(725, 1017, 91, 1, 0),
(726, 1017, 90, 1, 0),
(727, 1017, 89, 1, 0),
(728, 1017, 88, 1, 0),
(729, 1017, 87, 1, 0),
(730, 1017, 86, 1, 0),
(731, 1017, 85, 1, 0),
(732, 1017, 84, 1, 0),
(733, 1017, 83, 1, 0),
(734, 1017, 82, 1, 0),
(735, 1018, 91, 1, 0),
(736, 1018, 90, 1, 0),
(737, 1018, 89, 1, 0),
(738, 1018, 88, 1, 0),
(739, 1018, 87, 1, 0),
(740, 1018, 86, 1, 0),
(741, 1018, 85, 1, 0),
(742, 1018, 84, 1, 0),
(743, 1018, 83, 1, 0),
(744, 1018, 82, 1, 0),
(745, 1019, 91, 1, 0),
(746, 1019, 90, 1, 0),
(747, 1019, 89, 1, 0),
(748, 1019, 88, 1, 0),
(749, 1019, 87, 1, 0),
(750, 1019, 86, 1, 0),
(751, 1019, 85, 1, 0),
(752, 1019, 84, 1, 0),
(753, 1019, 83, 1, 0),
(754, 1019, 82, 1, 0),
(755, 1021, 91, 1, 0),
(756, 1021, 90, 1, 0),
(757, 1021, 89, 1, 0),
(758, 1021, 88, 1, 0),
(759, 1021, 87, 1, 0),
(760, 1021, 86, 1, 0),
(761, 1021, 85, 1, 0),
(762, 1021, 84, 1, 0),
(763, 1021, 83, 1, 0),
(764, 1021, 82, 1, 0),
(765, 1022, 91, 1, 0),
(766, 1022, 90, 1, 0),
(767, 1022, 89, 1, 0),
(768, 1022, 88, 1, 0),
(769, 1022, 87, 1, 0),
(770, 1022, 86, 1, 0),
(771, 1022, 85, 1, 0),
(772, 1022, 84, 1, 0),
(773, 1022, 83, 1, 0),
(774, 1022, 82, 1, 0),
(775, 1023, 91, 1, 0),
(776, 1023, 90, 1, 0),
(777, 1023, 89, 1, 0),
(778, 1023, 88, 1, 0),
(779, 1023, 87, 1, 0),
(780, 1023, 86, 1, 0),
(781, 1023, 85, 1, 0),
(782, 1023, 84, 1, 0),
(783, 1023, 83, 1, 0),
(784, 1023, 82, 1, 0),
(785, 1026, 91, 1, 0),
(786, 1026, 90, 1, 0),
(787, 1026, 89, 1, 0),
(788, 1026, 88, 1, 0),
(789, 1026, 87, 1, 0),
(790, 1026, 86, 1, 0),
(791, 1026, 85, 1, 0),
(792, 1026, 84, 1, 0),
(793, 1026, 83, 1, 0),
(794, 1026, 82, 1, 0),
(795, 1027, 91, 0, 0),
(796, 1027, 90, 1, 0),
(797, 1027, 89, 1, 0),
(798, 1027, 88, 1, 0),
(799, 1027, 87, 1, 0),
(800, 1027, 86, 1, 0),
(801, 1027, 85, 1, 0),
(802, 1027, 84, 1, 0),
(803, 1027, 83, 1, 0),
(804, 1027, 82, 1, 0),
(805, 1029, 91, 1, 0),
(806, 1029, 90, 1, 0),
(807, 1029, 89, 0, 0),
(808, 1029, 88, 1, 0),
(809, 1029, 87, 1, 0),
(810, 1029, 86, 1, 0),
(811, 1029, 85, 0, 0),
(812, 1029, 84, 1, 0),
(813, 1029, 83, 1, 0),
(814, 1029, 82, 1, 0),
(815, 1030, 91, 1, 0),
(816, 1030, 90, 1, 0),
(817, 1030, 89, 1, 0),
(818, 1030, 88, 1, 0),
(819, 1030, 87, 1, 0),
(820, 1030, 86, 0, 0),
(821, 1030, 85, 1, 0),
(822, 1030, 84, 1, 0),
(823, 1030, 83, 1, 0),
(824, 1030, 82, 1, 0),
(825, 1031, 91, 1, 0),
(826, 1031, 90, 1, 0),
(827, 1031, 89, 1, 0),
(828, 1031, 88, 1, 0),
(829, 1031, 87, 1, 0),
(830, 1031, 86, 1, 0),
(831, 1031, 85, 1, 0),
(832, 1031, 84, 1, 0),
(833, 1031, 83, 1, 0),
(834, 1031, 82, 1, 0),
(835, 1032, 91, 1, 0),
(836, 1032, 90, 1, 0),
(837, 1032, 89, 1, 0),
(838, 1032, 88, 1, 0),
(839, 1032, 87, 1, 0),
(840, 1032, 86, 1, 0),
(841, 1032, 85, 1, 0),
(842, 1032, 84, 1, 0),
(843, 1032, 83, 1, 0),
(844, 1032, 82, 1, 0),
(845, 1033, 91, 1, 0),
(846, 1033, 90, 1, 0),
(847, 1033, 89, 1, 0),
(848, 1033, 88, 1, 0),
(849, 1033, 87, 1, 0),
(850, 1033, 86, 1, 0),
(851, 1033, 85, 1, 0),
(852, 1033, 84, 1, 0),
(853, 1033, 83, 1, 0),
(854, 1033, 82, 1, 0),
(855, 1034, 91, 1, 0),
(856, 1034, 90, 1, 0),
(857, 1034, 89, 1, 0),
(858, 1034, 88, 1, 0),
(859, 1034, 87, 1, 0),
(860, 1034, 86, 1, 0),
(861, 1034, 85, 1, 0),
(862, 1034, 84, 1, 0),
(863, 1034, 83, 1, 0),
(864, 1034, 82, 1, 0),
(865, 1035, 91, 1, 0),
(866, 1035, 90, 1, 0),
(867, 1035, 89, 1, 0),
(868, 1035, 88, 1, 0),
(869, 1035, 87, 1, 0),
(870, 1035, 86, 1, 0),
(871, 1035, 85, 1, 0),
(872, 1035, 84, 1, 0),
(873, 1035, 83, 1, 0),
(874, 1035, 82, 1, 0),
(875, 1036, 91, 1, 0),
(876, 1036, 90, 1, 0),
(877, 1036, 89, 1, 0),
(878, 1036, 88, 1, 0),
(879, 1036, 87, 1, 0),
(880, 1036, 86, 1, 0),
(881, 1036, 85, 1, 0),
(882, 1036, 84, 1, 0),
(883, 1036, 83, 1, 0),
(884, 1036, 82, 1, 0),
(885, 1037, 91, 1, 0),
(886, 1037, 90, 1, 0),
(887, 1037, 89, 1, 0),
(888, 1037, 88, 1, 0),
(889, 1037, 87, 1, 0),
(890, 1037, 86, 1, 0),
(891, 1037, 85, 1, 0),
(892, 1037, 84, 1, 0),
(893, 1037, 83, 1, 0),
(894, 1037, 82, 1, 0),
(895, 1014, 101, 1, 0),
(896, 1014, 100, 1, 0),
(897, 1014, 99, 1, 0),
(898, 1014, 98, 1, 0),
(899, 1014, 97, 1, 0),
(900, 1014, 96, 1, 0),
(901, 1014, 95, 1, 0),
(902, 1014, 94, 1, 0),
(903, 1014, 93, 1, 0),
(904, 1014, 92, 1, 0),
(905, 1015, 101, 1, 0),
(906, 1015, 100, 1, 0),
(907, 1015, 99, 1, 0),
(908, 1015, 98, 1, 0),
(909, 1015, 97, 1, 0),
(910, 1015, 96, 1, 0),
(911, 1015, 95, 1, 0),
(912, 1015, 94, 1, 0),
(913, 1015, 93, 1, 0),
(914, 1015, 92, 1, 0),
(915, 1016, 101, 1, 0),
(916, 1016, 100, 1, 0),
(917, 1016, 99, 1, 0),
(918, 1016, 98, 1, 0),
(919, 1016, 97, 1, 0),
(920, 1016, 96, 1, 0),
(921, 1016, 95, 1, 0),
(922, 1016, 94, 1, 0),
(923, 1016, 93, 1, 0),
(924, 1016, 92, 1, 0),
(925, 1017, 101, 1, 0),
(926, 1017, 100, 1, 0),
(927, 1017, 99, 1, 0),
(928, 1017, 98, 1, 0),
(929, 1017, 97, 1, 0),
(930, 1017, 96, 1, 0),
(931, 1017, 95, 1, 0),
(932, 1017, 94, 1, 0),
(933, 1017, 93, 1, 0),
(934, 1017, 92, 1, 0),
(935, 1018, 101, 1, 0),
(936, 1018, 100, 1, 0),
(937, 1018, 99, 1, 0),
(938, 1018, 98, 1, 0),
(939, 1018, 97, 1, 0),
(940, 1018, 96, 1, 0),
(941, 1018, 95, 1, 0),
(942, 1018, 94, 1, 0),
(943, 1018, 93, 1, 0),
(944, 1018, 92, 1, 0),
(945, 1019, 101, 1, 0),
(946, 1019, 100, 1, 0),
(947, 1019, 99, 1, 0),
(948, 1019, 98, 1, 0),
(949, 1019, 97, 1, 0),
(950, 1019, 96, 1, 0),
(951, 1019, 95, 1, 0),
(952, 1019, 94, 1, 0),
(953, 1019, 93, 1, 0),
(954, 1019, 92, 1, 0),
(955, 1021, 101, 1, 0),
(956, 1021, 100, 1, 0),
(957, 1021, 99, 1, 0),
(958, 1021, 98, 1, 0),
(959, 1021, 97, 1, 0),
(960, 1021, 96, 1, 0),
(961, 1021, 95, 1, 0),
(962, 1021, 94, 1, 0),
(963, 1021, 93, 1, 0),
(964, 1021, 92, 1, 0),
(965, 1022, 101, 1, 0),
(966, 1022, 100, 1, 0),
(967, 1022, 99, 1, 0),
(968, 1022, 98, 1, 0),
(969, 1022, 97, 1, 0),
(970, 1022, 96, 1, 0),
(971, 1022, 95, 1, 0),
(972, 1022, 94, 1, 0),
(973, 1022, 93, 1, 0),
(974, 1022, 92, 1, 0),
(975, 1023, 101, 1, 0),
(976, 1023, 100, 1, 0),
(977, 1023, 99, 1, 0),
(978, 1023, 98, 1, 0),
(979, 1023, 97, 1, 0),
(980, 1023, 96, 1, 0),
(981, 1023, 95, 1, 0),
(982, 1023, 94, 1, 0),
(983, 1023, 93, 1, 0),
(984, 1023, 92, 1, 0),
(985, 1026, 101, 1, 0),
(986, 1026, 100, 1, 0),
(987, 1026, 99, 1, 0),
(988, 1026, 98, 1, 0),
(989, 1026, 97, 1, 0),
(990, 1026, 96, 1, 0),
(991, 1026, 95, 1, 0),
(992, 1026, 94, 1, 0),
(993, 1026, 93, 1, 0),
(994, 1026, 92, 1, 0),
(995, 1027, 101, 1, 0),
(996, 1027, 100, 1, 0),
(997, 1027, 99, 1, 0),
(998, 1027, 98, 1, 0),
(999, 1027, 97, 1, 0),
(1000, 1027, 96, 1, 0),
(1001, 1027, 95, 1, 0),
(1002, 1027, 94, 1, 0),
(1003, 1027, 93, 1, 0),
(1004, 1027, 92, 1, 0),
(1005, 1029, 101, 1, 0),
(1006, 1029, 100, 1, 0),
(1007, 1029, 99, 1, 0),
(1008, 1029, 98, 1, 0),
(1009, 1029, 97, 1, 0),
(1010, 1029, 96, 1, 0),
(1011, 1029, 95, 1, 0),
(1012, 1029, 94, 1, 0),
(1013, 1029, 93, 1, 0),
(1014, 1029, 92, 1, 0),
(1015, 1031, 101, 1, 0),
(1016, 1031, 100, 1, 0),
(1017, 1031, 99, 1, 0),
(1018, 1031, 98, 1, 0),
(1019, 1031, 97, 1, 0),
(1020, 1031, 96, 1, 0),
(1021, 1031, 95, 1, 0),
(1022, 1031, 94, 1, 0),
(1023, 1031, 93, 1, 0),
(1024, 1031, 92, 1, 0),
(1025, 1032, 101, 1, 0),
(1026, 1032, 100, 1, 0),
(1027, 1032, 99, 1, 0),
(1028, 1032, 98, 1, 0),
(1029, 1032, 97, 1, 0),
(1030, 1032, 96, 1, 0),
(1031, 1032, 95, 1, 0),
(1032, 1032, 94, 1, 0),
(1033, 1032, 93, 1, 0),
(1034, 1032, 92, 1, 0),
(1035, 1033, 101, 1, 0),
(1036, 1033, 100, 1, 0),
(1037, 1033, 99, 1, 0),
(1038, 1033, 98, 1, 0),
(1039, 1033, 97, 1, 0),
(1040, 1033, 96, 1, 0),
(1041, 1033, 95, 1, 0),
(1042, 1033, 94, 1, 0),
(1043, 1033, 93, 1, 0),
(1044, 1033, 92, 1, 0),
(1045, 1034, 101, 1, 0),
(1046, 1034, 100, 1, 0),
(1047, 1034, 99, 1, 0),
(1048, 1034, 98, 1, 0),
(1049, 1034, 97, 1, 0),
(1050, 1034, 96, 1, 0),
(1051, 1034, 95, 1, 0),
(1052, 1034, 94, 1, 0),
(1053, 1034, 93, 1, 0),
(1054, 1034, 92, 1, 0),
(1055, 1035, 101, 1, 0),
(1056, 1035, 100, 1, 0),
(1057, 1035, 99, 1, 0),
(1058, 1035, 98, 1, 0),
(1059, 1035, 97, 1, 0),
(1060, 1035, 96, 1, 0),
(1061, 1035, 95, 1, 0),
(1062, 1035, 94, 1, 0),
(1063, 1035, 93, 1, 0),
(1064, 1035, 92, 1, 0),
(1065, 1036, 101, 1, 0),
(1066, 1036, 100, 1, 0),
(1067, 1036, 99, 1, 0),
(1068, 1036, 98, 1, 0),
(1069, 1036, 97, 1, 0),
(1070, 1036, 96, 1, 0),
(1071, 1036, 95, 1, 0),
(1072, 1036, 94, 1, 0),
(1073, 1036, 93, 1, 0),
(1074, 1036, 92, 1, 0),
(1075, 1037, 101, 1, 0),
(1076, 1037, 100, 1, 0),
(1077, 1037, 99, 1, 0),
(1078, 1037, 98, 1, 0),
(1079, 1037, 97, 1, 0),
(1080, 1037, 96, 1, 0),
(1081, 1037, 95, 1, 0),
(1082, 1037, 94, 1, 0),
(1083, 1037, 93, 1, 0),
(1084, 1037, 92, 1, 0),
(1085, 1038, 101, 1, 0),
(1086, 1038, 100, 1, 0),
(1087, 1038, 99, 1, 0),
(1088, 1038, 98, 1, 0),
(1089, 1038, 97, 1, 0),
(1090, 1038, 96, 1, 0),
(1091, 1038, 95, 1, 0),
(1092, 1038, 94, 1, 0),
(1093, 1038, 93, 1, 0),
(1094, 1038, 92, 1, 0),
(1095, 1043, 101, 0, 1),
(1096, 1039, 101, 0, 0),
(1097, 1014, 111, 1, 0),
(1098, 1014, 110, 1, 0),
(1099, 1014, 109, 1, 0),
(1100, 1014, 108, 1, 0),
(1101, 1014, 107, 1, 0),
(1102, 1014, 106, 1, 0),
(1103, 1014, 105, 1, 0),
(1104, 1014, 104, 1, 0),
(1105, 1014, 103, 1, 0),
(1106, 1014, 102, 1, 0),
(1107, 1015, 111, 1, 0),
(1108, 1015, 110, 1, 0),
(1109, 1015, 109, 1, 0),
(1110, 1015, 108, 1, 0),
(1111, 1015, 107, 1, 0),
(1112, 1015, 106, 1, 0),
(1113, 1015, 105, 1, 0),
(1114, 1015, 104, 1, 0),
(1115, 1015, 103, 1, 0),
(1116, 1015, 102, 1, 0),
(1117, 1016, 111, 1, 0),
(1118, 1016, 110, 1, 0),
(1119, 1016, 109, 1, 0),
(1120, 1016, 108, 1, 0),
(1121, 1016, 107, 1, 0),
(1122, 1016, 106, 1, 0),
(1123, 1016, 105, 1, 0),
(1124, 1016, 104, 1, 0),
(1125, 1016, 103, 1, 0),
(1126, 1016, 102, 1, 0),
(1127, 1017, 111, 1, 0),
(1128, 1017, 110, 1, 0),
(1129, 1017, 109, 1, 0),
(1130, 1017, 108, 1, 0),
(1131, 1017, 107, 1, 0),
(1132, 1017, 106, 1, 0),
(1133, 1017, 105, 1, 0),
(1134, 1017, 104, 1, 0),
(1135, 1017, 103, 1, 0),
(1136, 1017, 102, 1, 0),
(1137, 1018, 111, 1, 0),
(1138, 1018, 110, 1, 0),
(1139, 1018, 109, 1, 0),
(1140, 1018, 108, 1, 0),
(1141, 1018, 107, 1, 0),
(1142, 1018, 106, 1, 0),
(1143, 1018, 105, 1, 0),
(1144, 1018, 104, 1, 0),
(1145, 1018, 103, 1, 0),
(1146, 1018, 102, 1, 0),
(1147, 1019, 111, 1, 0),
(1148, 1019, 110, 1, 0),
(1149, 1019, 109, 1, 0),
(1150, 1019, 108, 1, 0),
(1151, 1019, 107, 1, 0),
(1152, 1019, 106, 1, 0),
(1153, 1019, 105, 1, 0),
(1154, 1019, 104, 1, 0),
(1155, 1019, 103, 1, 0),
(1156, 1019, 102, 1, 0),
(1157, 1021, 111, 1, 0),
(1158, 1021, 110, 1, 0),
(1159, 1021, 109, 1, 0),
(1160, 1021, 108, 1, 0),
(1161, 1021, 107, 1, 0),
(1162, 1021, 106, 1, 0),
(1163, 1021, 105, 1, 0),
(1164, 1021, 104, 1, 0),
(1165, 1021, 103, 1, 0),
(1166, 1021, 102, 1, 0),
(1167, 1022, 111, 1, 0),
(1168, 1022, 110, 1, 0),
(1169, 1022, 109, 1, 0),
(1170, 1022, 108, 1, 0),
(1171, 1022, 107, 1, 0),
(1172, 1022, 106, 1, 0),
(1173, 1022, 105, 1, 0),
(1174, 1022, 104, 1, 0),
(1175, 1022, 103, 1, 0),
(1176, 1022, 102, 1, 0),
(1177, 1023, 111, 1, 0),
(1178, 1023, 110, 1, 0),
(1179, 1023, 109, 1, 0),
(1180, 1023, 108, 1, 0),
(1181, 1023, 107, 1, 0),
(1182, 1023, 106, 1, 0),
(1183, 1023, 105, 1, 0),
(1184, 1023, 104, 1, 0),
(1185, 1023, 103, 1, 0),
(1186, 1023, 102, 1, 0),
(1187, 1026, 111, 1, 0),
(1188, 1026, 110, 1, 0),
(1189, 1026, 109, 1, 0),
(1190, 1026, 108, 1, 0),
(1191, 1026, 107, 1, 0),
(1192, 1026, 106, 1, 0),
(1193, 1026, 105, 1, 0),
(1194, 1026, 104, 1, 0),
(1195, 1026, 103, 1, 0),
(1196, 1026, 102, 1, 0),
(1197, 1027, 111, 1, 0),
(1198, 1027, 110, 1, 0),
(1199, 1027, 109, 1, 0),
(1200, 1027, 108, 1, 0),
(1201, 1027, 107, 1, 0),
(1202, 1027, 106, 1, 0),
(1203, 1027, 105, 1, 0),
(1204, 1027, 104, 1, 0),
(1205, 1027, 103, 1, 0),
(1206, 1027, 102, 1, 0),
(1207, 1029, 111, 1, 0),
(1208, 1029, 110, 1, 0),
(1209, 1029, 109, 1, 0),
(1210, 1029, 108, 1, 0),
(1211, 1029, 107, 1, 0),
(1212, 1029, 106, 1, 0),
(1213, 1029, 105, 1, 0),
(1214, 1029, 104, 1, 0),
(1215, 1029, 103, 1, 0),
(1216, 1029, 102, 1, 0),
(1217, 1030, 111, 1, 0),
(1218, 1030, 110, 1, 0),
(1219, 1030, 109, 1, 0),
(1220, 1030, 108, 1, 0),
(1221, 1030, 107, 1, 0),
(1222, 1030, 106, 1, 0),
(1223, 1030, 105, 1, 0),
(1224, 1030, 104, 1, 0),
(1225, 1030, 103, 1, 0),
(1226, 1030, 102, 1, 0),
(1227, 1030, 101, 0, 0),
(1228, 1031, 111, 1, 0),
(1229, 1031, 110, 1, 0),
(1230, 1031, 109, 1, 0),
(1231, 1031, 108, 1, 0),
(1232, 1031, 107, 1, 0),
(1233, 1031, 106, 1, 0),
(1234, 1031, 105, 1, 0),
(1235, 1031, 104, 1, 0),
(1236, 1031, 103, 1, 0),
(1237, 1031, 102, 1, 0),
(1238, 1032, 111, 1, 0),
(1239, 1032, 110, 1, 0),
(1240, 1032, 109, 1, 0),
(1241, 1032, 108, 1, 0),
(1242, 1032, 107, 1, 0),
(1243, 1032, 106, 1, 0),
(1244, 1032, 105, 1, 0),
(1245, 1032, 104, 1, 0),
(1246, 1032, 103, 1, 0),
(1247, 1032, 102, 1, 0),
(1248, 1033, 111, 1, 0),
(1249, 1033, 110, 1, 0),
(1250, 1033, 109, 1, 0),
(1251, 1033, 108, 1, 0),
(1252, 1033, 107, 1, 0),
(1253, 1033, 106, 1, 0),
(1254, 1033, 105, 1, 0),
(1255, 1033, 104, 1, 0),
(1256, 1033, 103, 1, 0),
(1257, 1033, 102, 1, 0),
(1258, 1034, 111, 1, 0),
(1259, 1034, 110, 1, 0),
(1260, 1034, 109, 1, 0),
(1261, 1034, 108, 1, 0),
(1262, 1034, 107, 1, 0),
(1263, 1034, 106, 1, 0),
(1264, 1034, 105, 1, 0),
(1265, 1034, 104, 1, 0),
(1266, 1034, 103, 1, 0),
(1267, 1034, 102, 1, 0),
(1268, 1035, 111, 1, 0),
(1269, 1035, 110, 1, 0),
(1270, 1035, 109, 1, 0),
(1271, 1035, 108, 1, 0),
(1272, 1035, 107, 1, 0),
(1273, 1035, 106, 1, 0),
(1274, 1035, 105, 1, 0),
(1275, 1035, 104, 1, 0),
(1276, 1035, 103, 1, 0),
(1277, 1035, 102, 1, 0),
(1278, 1036, 111, 1, 0),
(1279, 1036, 110, 1, 0),
(1280, 1036, 109, 1, 0),
(1281, 1036, 108, 1, 0),
(1282, 1036, 107, 1, 0),
(1283, 1036, 106, 1, 0),
(1284, 1036, 105, 1, 0),
(1285, 1036, 104, 1, 0),
(1286, 1036, 103, 1, 0),
(1287, 1036, 102, 1, 0),
(1288, 1043, 111, 1, 0),
(1289, 1043, 110, 1, 0),
(1290, 1043, 109, 1, 0),
(1291, 1043, 108, 1, 0),
(1292, 1043, 107, 1, 0),
(1293, 1043, 106, 1, 0),
(1294, 1043, 105, 1, 0),
(1295, 1043, 104, 1, 0),
(1296, 1043, 103, 1, 0),
(1297, 1043, 102, 1, 0),
(1298, 1044, 107, 0, 1),
(1299, 1040, 82, 1, 1);

--
-- Indexes for dumped tables
--

--
-- Indexes for table `categories`
--
ALTER TABLE `categories`
  ADD PRIMARY KEY (`category_id`);

--
-- Indexes for table `comments`
--
ALTER TABLE `comments`
  ADD PRIMARY KEY (`comment_id`),
  ADD KEY `video_id` (`video_id`),
  ADD KEY `commentator_id` (`commentator_id`);

--
-- Indexes for table `dribblers`
--
ALTER TABLE `dribblers`
  ADD PRIMARY KEY (`dribbler_id`),
  ADD KEY `user_id` (`user_id`),
  ADD KEY `trick_id` (`trick_id`);

--
-- Indexes for table `follows`
--
ALTER TABLE `follows`
  ADD PRIMARY KEY (`follow_id`),
  ADD KEY `userIDIndex` (`user_id`);

--
-- Indexes for table `tags`
--
ALTER TABLE `tags`
  ADD PRIMARY KEY (`tag_id`);

--
-- Indexes for table `transactions`
--
ALTER TABLE `transactions`
  ADD PRIMARY KEY (`transaction_id`);

--
-- Indexes for table `tricks`
--
ALTER TABLE `tricks`
  ADD PRIMARY KEY (`trick_id`),
  ADD KEY `categoryIDIndex` (`category_id`);

--
-- Indexes for table `trick_tag`
--
ALTER TABLE `trick_tag`
  ADD PRIMARY KEY (`id`);

--
-- Indexes for table `unlock_rule`
--
ALTER TABLE `unlock_rule`
  ADD PRIMARY KEY (`id`);

--
-- Indexes for table `users`
--
ALTER TABLE `users`
  ADD PRIMARY KEY (`id`),
  ADD UNIQUE KEY `users_email_unique` (`email`);

--
-- Indexes for table `user_category`
--
ALTER TABLE `user_category`
  ADD PRIMARY KEY (`id`),
  ADD KEY `UserIDCategoryIDIndex` (`user_id`,`category_id`);

--
-- Indexes for table `videos`
--
ALTER TABLE `videos`
  ADD PRIMARY KEY (`video_id`);

--
-- Indexes for table `video_likes`
--
ALTER TABLE `video_likes`
  ADD PRIMARY KEY (`like_id`),
  ADD KEY `userVideoIndex` (`user_id`,`video_id`);

--
-- AUTO_INCREMENT for dumped tables
--

--
-- AUTO_INCREMENT for table `categories`
--
ALTER TABLE `categories`
  MODIFY `category_id` bigint(20) UNSIGNED NOT NULL AUTO_INCREMENT, AUTO_INCREMENT=10;
--
-- AUTO_INCREMENT for table `comments`
--
ALTER TABLE `comments`
  MODIFY `comment_id` bigint(20) UNSIGNED NOT NULL AUTO_INCREMENT, AUTO_INCREMENT=127;
--
-- AUTO_INCREMENT for table `dribblers`
--
ALTER TABLE `dribblers`
  MODIFY `dribbler_id` bigint(20) UNSIGNED NOT NULL AUTO_INCREMENT, AUTO_INCREMENT=919;
--
-- AUTO_INCREMENT for table `follows`
--
ALTER TABLE `follows`
  MODIFY `follow_id` bigint(20) UNSIGNED NOT NULL AUTO_INCREMENT, AUTO_INCREMENT=97;
--
-- AUTO_INCREMENT for table `tags`
--
ALTER TABLE `tags`
  MODIFY `tag_id` bigint(20) UNSIGNED NOT NULL AUTO_INCREMENT, AUTO_INCREMENT=29;
--
-- AUTO_INCREMENT for table `transactions`
--
ALTER TABLE `transactions`
  MODIFY `transaction_id` bigint(20) UNSIGNED NOT NULL AUTO_INCREMENT, AUTO_INCREMENT=3;
--
-- AUTO_INCREMENT for table `tricks`
--
ALTER TABLE `tricks`
  MODIFY `trick_id` bigint(20) UNSIGNED NOT NULL AUTO_INCREMENT, AUTO_INCREMENT=16;
--
-- AUTO_INCREMENT for table `trick_tag`
--
ALTER TABLE `trick_tag`
  MODIFY `id` int(10) UNSIGNED NOT NULL AUTO_INCREMENT, AUTO_INCREMENT=12;
--
-- AUTO_INCREMENT for table `unlock_rule`
--
ALTER TABLE `unlock_rule`
  MODIFY `id` int(10) UNSIGNED NOT NULL AUTO_INCREMENT, AUTO_INCREMENT=3;
--
-- AUTO_INCREMENT for table `users`
--
ALTER TABLE `users`
  MODIFY `id` bigint(20) UNSIGNED NOT NULL AUTO_INCREMENT, AUTO_INCREMENT=1049;
--
-- AUTO_INCREMENT for table `user_category`
--
ALTER TABLE `user_category`
  MODIFY `id` int(10) UNSIGNED NOT NULL AUTO_INCREMENT;
--
-- AUTO_INCREMENT for table `videos`
--
ALTER TABLE `videos`
  MODIFY `video_id` bigint(20) UNSIGNED NOT NULL AUTO_INCREMENT, AUTO_INCREMENT=112;
--
-- AUTO_INCREMENT for table `video_likes`
--
ALTER TABLE `video_likes`
  MODIFY `like_id` bigint(20) UNSIGNED NOT NULL AUTO_INCREMENT, AUTO_INCREMENT=1310;COMMIT;

/*!40101 SET CHARACTER_SET_CLIENT=@OLD_CHARACTER_SET_CLIENT */;
/*!40101 SET CHARACTER_SET_RESULTS=@OLD_CHARACTER_SET_RESULTS */;
/*!40101 SET COLLATION_CONNECTION=@OLD_COLLATION_CONNECTION */;
