-- MySQL dump 10.13  Distrib 5.7.17, for Win64 (x86_64)
--
-- Host: dribbler.csfa3hxhlslx.eu-central-1.rds.amazonaws.com    Database: dribbler
-- ------------------------------------------------------
-- Server version	5.7.17-log

/*!40101 SET @OLD_CHARACTER_SET_CLIENT=@@CHARACTER_SET_CLIENT */;
/*!40101 SET @OLD_CHARACTER_SET_RESULTS=@@CHARACTER_SET_RESULTS */;
/*!40101 SET @OLD_COLLATION_CONNECTION=@@COLLATION_CONNECTION */;
/*!40101 SET NAMES utf8 */;
/*!40103 SET @OLD_TIME_ZONE=@@TIME_ZONE */;
/*!40103 SET TIME_ZONE='+00:00' */;
/*!40014 SET @OLD_UNIQUE_CHECKS=@@UNIQUE_CHECKS, UNIQUE_CHECKS=0 */;
/*!40014 SET @OLD_FOREIGN_KEY_CHECKS=@@FOREIGN_KEY_CHECKS, FOREIGN_KEY_CHECKS=0 */;
/*!40101 SET @OLD_SQL_MODE=@@SQL_MODE, SQL_MODE='NO_AUTO_VALUE_ON_ZERO' */;
/*!40111 SET @OLD_SQL_NOTES=@@SQL_NOTES, SQL_NOTES=0 */;

--
-- Table structure for table `announcements`
--

DROP TABLE IF EXISTS `announcements`;
/*!40101 SET @saved_cs_client     = @@character_set_client */;
/*!40101 SET character_set_client = utf8 */;
CREATE TABLE `announcements` (
  `announcement_id` bigint(20) unsigned NOT NULL,
  `title` varchar(255) NOT NULL,
  `content` varchar(2000) NOT NULL,
  `expire_date` datetime NOT NULL,
  `status` tinyint(1) NOT NULL DEFAULT '1',
  `created_at` timestamp NULL DEFAULT NULL,
  `updated_at` timestamp NULL DEFAULT NULL
) ENGINE=MyISAM DEFAULT CHARSET=latin1;
/*!40101 SET character_set_client = @saved_cs_client */;

--
-- Dumping data for table `announcements`
--

LOCK TABLES `announcements` WRITE;
/*!40000 ALTER TABLE `announcements` DISABLE KEYS */;
INSERT INTO `announcements` VALUES (1,'Test Offline for maintenance','iHHQ will be offline from Friday 20th Feb at 2 am to 6 pm for security updates. We apologize for this.','2017-06-05 03:49:30',1,'2017-03-06 21:00:00','2017-04-30 21:00:00'),(244,'Welcome to iHHQ','If you\'re new to our client portal do check out our comprehensive guide or watch this short walkthrough.','0000-00-00 00:00:00',1,'2017-06-06 03:14:18','2017-06-06 03:14:18'),(7,'Offline for maintenance','iHHQ will be offline from Friday 20th Feb at 2 am to 6 pm for security updates. We apologize for this.','2017-06-05 03:49:30',1,'2017-04-30 21:00:00','2017-04-30 21:00:00'),(8,'Offline for maintenance','iHHQ will be offline from Friday 20th Feb at 2 am to 6 pm for security updates. We apologize for this.','2017-06-05 03:49:30',1,'2017-04-30 21:00:00','2017-04-30 21:00:00'),(9,'Offline for maintenance','iHHQ will be offline from Friday 20th Feb at 2 am to 6 pm for security updates. We apologize for this.','2017-06-05 03:49:30',0,'2017-04-30 21:00:00','2017-04-30 21:00:00'),(10,'Offline for maintenance','iHHQ will be offline from Friday 20th Feb at 2 am to 6 pm for security updates. We apologize for this.','2017-06-05 03:49:30',1,'2017-04-30 21:00:00','2017-04-30 21:00:00'),(11,'Welcome to iHHQ','If you\'re new to our client portal do check out our comprehensive guide or watch this short walkthrough.','2017-06-05 03:49:30',1,'2017-05-02 21:00:00','2017-05-02 21:00:00'),(12,'Welcome to iHHQ','If you\'re new to our client portal do check out our comprehensive guide or watch this short walkthrough.','2017-06-05 03:49:30',0,'2017-05-02 21:00:00','2017-06-06 03:11:52'),(13,'Welcome to iHHQ','If you\'re new to our client portal do check out our comprehensive guide or watch this short walkthrough.','2017-06-05 03:49:30',1,'2017-05-02 21:00:00','2017-05-02 21:00:00'),(14,'Welcome to iHHQ','If you\'re new to our client portal do check out our comprehensive guide or watch this short walkthrough.','2017-06-05 03:49:30',1,'2017-05-02 21:00:00','2017-05-02 21:00:00'),(15,'Welcome to iHHQ','If you\'re new to our client portal do check out our comprehensive guide or watch this short walkthrough.','2017-06-05 03:49:30',1,'2017-05-02 21:00:00','2017-05-02 21:00:00'),(16,'Offline for maintenance','iHHQ will be offline from Friday 20th Feb at 2 am to 6 pm for security updates. We apologize for this.','2017-06-05 03:49:30',1,'2017-04-30 21:00:00','2017-04-30 21:00:00'),(17,'Offline for maintenance','iHHQ will be offline from Friday 20th Feb at 2 am to 6 pm for security updates. We apologize for this.','2017-06-05 03:49:30',1,'2017-04-30 21:00:00','2017-04-30 21:00:00'),(18,'Offline for maintenance','iHHQ will be offline from Friday 20th Feb at 2 am to 6 pm for security updates. We apologize for this.','2017-06-05 03:49:30',1,'2017-04-30 21:00:00','2017-04-30 21:00:00'),(19,'Offline for maintenance','iHHQ will be offline from Friday 20th Feb at 2 am to 6 pm for security updates. We apologize for this.','2017-06-05 03:49:30',1,'2017-04-30 21:00:00','2017-04-30 21:00:00'),(20,'Welcome to iHHQ','If you\'re new to our client portal do check out our comprehensive guide or watch this short walkthrough.','2017-06-05 03:49:30',1,'2017-05-02 21:00:00','2017-05-02 21:00:00'),(21,'Welcome to iHHQ','If you\'re new to our client portal do check out our comprehensive guide or watch this short walkthrough.','2017-06-05 03:49:30',1,'2017-05-02 21:00:00','2017-05-02 21:00:00'),(22,'Welcome to iHHQ','If you\'re new to our client portal do check out our comprehensive guide or watch this short walkthrough.','2017-06-05 03:49:30',0,'2017-05-02 21:00:00','2017-05-02 21:00:00'),(23,'Welcome to iHHQ','If you\'re new to our client portal do check out our comprehensive guide or watch this short walkthrough.','2017-06-05 03:49:30',1,'2017-05-02 21:00:00','2017-05-02 21:00:00'),(24,'Welcome to iHHQ','If you\'re new to our client portal do check out our comprehensive guide or watch this short walkthrough.','2017-06-05 03:49:30',1,'2017-05-02 21:00:00','2017-05-02 21:00:00'),(25,'Offline for maintenance','iHHQ will be offline from Friday 20th Feb at 2 am to 6 pm for security updates. We apologize for this.','2017-06-05 03:49:30',1,'2017-04-30 21:00:00','2017-04-30 21:00:00'),(26,'Offline for maintenance','iHHQ will be offline from Friday 20th Feb at 2 am to 6 pm for security updates. We apologize for this.','2017-06-05 03:49:30',1,'2017-04-30 21:00:00','2017-04-30 21:00:00'),(27,'Offline for maintenance','iHHQ will be offline from Friday 20th Feb at 2 am to 6 pm for security updates. We apologize for this.','2017-06-05 03:49:30',1,'2017-04-30 21:00:00','2017-04-30 21:00:00'),(28,'Offline for maintenance','iHHQ will be offline from Friday 20th Feb at 2 am to 6 pm for security updates. We apologize for this.','2017-06-05 03:49:30',1,'2017-04-30 21:00:00','2017-04-30 21:00:00'),(29,'Welcome to iHHQ','If you\'re new to our client portal do check out our comprehensive guide or watch this short walkthrough.','2017-06-05 03:49:30',1,'2017-05-02 21:00:00','2017-05-02 21:00:00'),(30,'Welcome to iHHQ','If you\'re new to our client portal do check out our comprehensive guide or watch this short walkthrough.','2017-06-05 03:49:30',1,'2017-05-02 21:00:00','2017-05-02 21:00:00'),(31,'Welcome to iHHQ','If you\'re new to our client portal do check out our comprehensive guide or watch this short walkthrough.','2017-06-05 03:49:30',1,'2017-05-02 21:00:00','2017-05-02 21:00:00'),(32,'Welcome to iHHQ','If you\'re new to our client portal do check out our comprehensive guide or watch this short walkthrough.','2017-06-05 03:49:30',1,'2017-05-02 21:00:00','2017-05-02 21:00:00'),(33,'Welcome to iHHQ','If you\'re new to our client portal do check out our comprehensive guide or watch this short walkthrough.','2017-06-05 03:49:30',1,'2017-05-02 21:00:00','2017-05-02 21:00:00'),(34,'Offline for maintenance','iHHQ will be offline from Friday 20th Feb at 2 am to 6 pm for security updates. We apologize for this.','2017-06-05 03:49:30',1,'2017-04-30 21:00:00','2017-04-30 21:00:00'),(35,'Offline for maintenance','iHHQ will be offline from Friday 20th Feb at 2 am to 6 pm for security updates. We apologize for this.','2017-06-05 03:49:30',1,'2017-04-30 21:00:00','2017-04-30 21:00:00'),(36,'Offline for maintenance','iHHQ will be offline from Friday 20th Feb at 2 am to 6 pm for security updates. We apologize for this.','2017-06-05 03:49:30',1,'2017-04-30 21:00:00','2017-04-30 21:00:00'),(37,'Offline for maintenance','iHHQ will be offline from Friday 20th Feb at 2 am to 6 pm for security updates. We apologize for this.','2017-06-05 03:49:30',1,'2017-04-30 21:00:00','2017-04-30 21:00:00'),(38,'Welcome to iHHQ','If you\'re new to our client portal do check out our comprehensive guide or watch this short walkthrough.','2017-06-05 03:49:30',1,'2017-05-02 21:00:00','2017-05-02 21:00:00'),(39,'Welcome to iHHQ','If you\'re new to our client portal do check out our comprehensive guide or watch this short walkthrough.','2017-06-05 03:49:30',1,'2017-05-02 21:00:00','2017-05-02 21:00:00'),(40,'Welcome to iHHQ','If you\'re new to our client portal do check out our comprehensive guide or watch this short walkthrough.','2017-06-05 03:49:30',1,'2017-05-02 21:00:00','2017-05-02 21:00:00'),(41,'Welcome to iHHQ','If you\'re new to our client portal do check out our comprehensive guide or watch this short walkthrough.','2017-06-05 03:49:30',1,'2017-05-02 21:00:00','2017-05-02 21:00:00'),(42,'Welcome to iHHQ','If you\'re new to our client portal do check out our comprehensive guide or watch this short walkthrough.','2017-06-05 03:49:30',1,'2017-05-02 21:00:00','2017-05-02 21:00:00'),(43,'Offline for maintenance','iHHQ will be offline from Friday 20th Feb at 2 am to 6 pm for security updates. We apologize for this.','2017-06-05 03:49:30',1,'2017-04-30 21:00:00','2017-04-30 21:00:00'),(44,'Offline for maintenance','iHHQ will be offline from Friday 20th Feb at 2 am to 6 pm for security updates. We apologize for this.','2017-06-05 03:49:30',1,'2017-04-30 21:00:00','2017-04-30 21:00:00'),(45,'Offline for maintenance','iHHQ will be offline from Friday 20th Feb at 2 am to 6 pm for security updates. We apologize for this.','2017-06-05 03:49:30',1,'2017-04-30 21:00:00','2017-04-30 21:00:00'),(46,'Offline for maintenance','iHHQ will be offline from Friday 20th Feb at 2 am to 6 pm for security updates. We apologize for this.','2017-06-05 03:49:30',1,'2017-04-30 21:00:00','2017-04-30 21:00:00'),(47,'Welcome to iHHQ','If you\'re new to our client portal do check out our comprehensive guide or watch this short walkthrough.','2017-06-05 03:49:30',1,'2017-05-02 21:00:00','2017-05-02 21:00:00'),(48,'Welcome to iHHQ','If you\'re new to our client portal do check out our comprehensive guide or watch this short walkthrough.','2017-06-05 03:49:30',1,'2017-05-02 21:00:00','2017-05-02 21:00:00'),(49,'Welcome to iHHQ','If you\'re new to our client portal do check out our comprehensive guide or watch this short walkthrough.','2017-06-05 03:49:30',1,'2017-05-02 21:00:00','2017-05-02 21:00:00'),(50,'Welcome to iHHQ','If you\'re new to our client portal do check out our comprehensive guide or watch this short walkthrough.','2017-06-05 03:49:30',1,'2017-05-02 21:00:00','2017-05-02 21:00:00'),(51,'Welcome to iHHQ','If you\'re new to our client portal do check out our comprehensive guide or watch this short walkthrough.','2017-06-05 03:49:30',1,'2017-05-02 21:00:00','2017-05-02 21:00:00'),(52,'Offline for maintenance','iHHQ will be offline from Friday 20th Feb at 2 am to 6 pm for security updates. We apologize for this.','2017-06-05 03:49:30',1,'2017-04-30 21:00:00','2017-04-30 21:00:00'),(53,'Offline for maintenance','iHHQ will be offline from Friday 20th Feb at 2 am to 6 pm for security updates. We apologize for this.','2017-06-05 03:49:30',1,'2017-04-30 21:00:00','2017-04-30 21:00:00'),(54,'Offline for maintenance','iHHQ will be offline from Friday 20th Feb at 2 am to 6 pm for security updates. We apologize for this.','2017-06-05 03:49:30',1,'2017-04-30 21:00:00','2017-04-30 21:00:00'),(55,'Offline for maintenance','iHHQ will be offline from Friday 20th Feb at 2 am to 6 pm for security updates. We apologize for this.','2017-06-05 03:49:30',1,'2017-04-30 21:00:00','2017-04-30 21:00:00'),(56,'Welcome to iHHQ','If you\'re new to our client portal do check out our comprehensive guide or watch this short walkthrough.','2017-06-05 03:49:30',1,'2017-05-02 21:00:00','2017-05-02 21:00:00'),(57,'Welcome to iHHQ','If you\'re new to our client portal do check out our comprehensive guide or watch this short walkthrough.','2017-06-05 03:49:30',1,'2017-05-02 21:00:00','2017-05-02 21:00:00'),(58,'Welcome to iHHQ','If you\'re new to our client portal do check out our comprehensive guide or watch this short walkthrough.','2017-06-05 03:49:30',1,'2017-05-02 21:00:00','2017-05-02 21:00:00'),(59,'Welcome to iHHQ','If you\'re new to our client portal do check out our comprehensive guide or watch this short walkthrough.','2017-06-05 03:49:30',1,'2017-05-02 21:00:00','2017-05-02 21:00:00'),(60,'Welcome to iHHQ','If you\'re new to our client portal do check out our comprehensive guide or watch this short walkthrough.','2017-06-05 03:49:30',1,'2017-05-02 21:00:00','2017-05-02 21:00:00'),(61,'Offline for maintenance','iHHQ will be offline from Friday 20th Feb at 2 am to 6 pm for security updates. We apologize for this.','2017-06-05 03:49:30',1,'2017-04-30 21:00:00','2017-04-30 21:00:00'),(62,'Offline for maintenance','iHHQ will be offline from Friday 20th Feb at 2 am to 6 pm for security updates. We apologize for this.','2017-06-05 03:49:30',1,'2017-04-30 21:00:00','2017-04-30 21:00:00'),(63,'Welcome to iHHQ','If you\'re new to our client portal do check out our comprehensive guide or watch this short walkthrough.','2017-06-05 03:49:30',1,'2017-05-02 21:00:00','2017-05-02 21:00:00'),(64,'Welcome to iHHQ','If you\'re new to our client portal do check out our comprehensive guide or watch this short walkthrough.','2017-06-05 03:49:30',1,'2017-05-02 21:00:00','2017-05-02 21:00:00'),(65,'Welcome to iHHQ','If you\'re new to our client portal do check out our comprehensive guide or watch this short walkthrough.','2017-06-05 03:49:30',1,'2017-05-02 21:00:00','2017-05-02 21:00:00'),(66,'Welcome to iHHQ','If you\'re new to our client portal do check out our comprehensive guide or watch this short walkthrough.','2017-06-05 03:49:30',1,'2017-05-02 21:00:00','2017-05-02 21:00:00'),(67,'Welcome to iHHQ','If you\'re new to our client portal do check out our comprehensive guide or watch this short walkthrough.','2017-06-05 03:49:30',1,'2017-05-02 21:00:00','2017-05-02 21:00:00'),(68,'Offline for maintenance','iHHQ will be offline from Friday 20th Feb at 2 am to 6 pm for security updates. We apologize for this.','2017-06-05 03:49:30',1,'2017-04-30 21:00:00','2017-04-30 21:00:00'),(69,'Offline for maintenance','iHHQ will be offline from Friday 20th Feb at 2 am to 6 pm for security updates. We apologize for this.','2017-06-05 03:49:30',1,'2017-04-30 21:00:00','2017-04-30 21:00:00'),(70,'Offline for maintenance','iHHQ will be offline from Friday 20th Feb at 2 am to 6 pm for security updates. We apologize for this.','2017-06-05 03:49:30',1,'2017-04-30 21:00:00','2017-04-30 21:00:00'),(71,'Offline for maintenance','iHHQ will be offline from Friday 20th Feb at 2 am to 6 pm for security updates. We apologize for this.','2017-06-05 03:49:30',1,'2017-04-30 21:00:00','2017-04-30 21:00:00'),(72,'Welcome to iHHQ','If you\'re new to our client portal do check out our comprehensive guide or watch this short walkthrough.','2017-06-05 03:49:30',1,'2017-05-02 21:00:00','2017-05-02 21:00:00'),(73,'Welcome to iHHQ','If you\'re new to our client portal do check out our comprehensive guide or watch this short walkthrough.','2017-06-05 03:49:30',1,'2017-05-02 21:00:00','2017-05-02 21:00:00'),(74,'Welcome to iHHQ','If you\'re new to our client portal do check out our comprehensive guide or watch this short walkthrough.','2017-06-05 03:49:30',1,'2017-05-02 21:00:00','2017-05-02 21:00:00'),(75,'Welcome to iHHQ','If you\'re new to our client portal do check out our comprehensive guide or watch this short walkthrough.','2017-06-05 03:49:30',1,'2017-05-02 21:00:00','2017-05-02 21:00:00'),(76,'Welcome to iHHQ','If you\'re new to our client portal do check out our comprehensive guide or watch this short walkthrough.','2017-06-05 03:49:30',1,'2017-05-02 21:00:00','2017-05-02 21:00:00'),(77,'Offline for maintenance','iHHQ will be offline from Friday 20th Feb at 2 am to 6 pm for security updates. We apologize for this.','2017-06-05 03:49:30',1,'2017-04-30 21:00:00','2017-04-30 21:00:00'),(78,'Offline for maintenance','iHHQ will be offline from Friday 20th Feb at 2 am to 6 pm for security updates. We apologize for this.','2017-06-05 03:49:30',1,'2017-04-30 21:00:00','2017-04-30 21:00:00'),(79,'Offline for maintenance','iHHQ will be offline from Friday 20th Feb at 2 am to 6 pm for security updates. We apologize for this.','2017-06-05 03:49:30',1,'2017-04-30 21:00:00','2017-04-30 21:00:00'),(80,'Offline for maintenance','iHHQ will be offline from Friday 20th Feb at 2 am to 6 pm for security updates. We apologize for this.','2017-06-05 03:49:30',1,'2017-04-30 21:00:00','2017-04-30 21:00:00'),(81,'Welcome to iHHQ','If you\'re new to our client portal do check out our comprehensive guide or watch this short walkthrough.','2017-06-05 03:49:30',1,'2017-05-02 21:00:00','2017-05-02 21:00:00'),(82,'Welcome to iHHQ','If you\'re new to our client portal do check out our comprehensive guide or watch this short walkthrough.','2017-06-05 03:49:30',1,'2017-05-02 21:00:00','2017-05-02 21:00:00'),(83,'Welcome to iHHQ','If you\'re new to our client portal do check out our comprehensive guide or watch this short walkthrough.','2017-06-05 03:49:30',1,'2017-05-02 21:00:00','2017-05-02 21:00:00'),(84,'Welcome to iHHQ','If you\'re new to our client portal do check out our comprehensive guide or watch this short walkthrough.','2017-06-05 03:49:30',1,'2017-05-02 21:00:00','2017-05-02 21:00:00'),(85,'Welcome to iHHQ','If you\'re new to our client portal do check out our comprehensive guide or watch this short walkthrough.','2017-06-05 03:49:30',1,'2017-05-02 21:00:00','2017-05-02 21:00:00'),(86,'Offline for maintenance','iHHQ will be offline from Friday 20th Feb at 2 am to 6 pm for security updates. We apologize for this.','2017-06-05 03:49:30',1,'2017-04-30 21:00:00','2017-04-30 21:00:00'),(87,'Offline for maintenance','iHHQ will be offline from Friday 20th Feb at 2 am to 6 pm for security updates. We apologize for this.','2017-06-05 03:49:30',1,'2017-04-30 21:00:00','2017-04-30 21:00:00'),(88,'Offline for maintenance','iHHQ will be offline from Friday 20th Feb at 2 am to 6 pm for security updates. We apologize for this.','2017-06-05 03:49:30',1,'2017-04-30 21:00:00','2017-04-30 21:00:00'),(89,'Offline for maintenance','iHHQ will be offline from Friday 20th Feb at 2 am to 6 pm for security updates. We apologize for this.','2017-06-05 03:49:30',1,'2017-04-30 21:00:00','2017-04-30 21:00:00'),(90,'Welcome to iHHQ','If you\'re new to our client portal do check out our comprehensive guide or watch this short walkthrough.','2017-06-05 03:49:30',1,'2017-05-02 21:00:00','2017-05-02 21:00:00'),(91,'Welcome to iHHQ','If you\'re new to our client portal do check out our comprehensive guide or watch this short walkthrough.','2017-06-05 03:49:30',1,'2017-05-02 21:00:00','2017-05-02 21:00:00'),(92,'Welcome to iHHQ','If you\'re new to our client portal do check out our comprehensive guide or watch this short walkthrough.','2017-06-05 03:49:30',1,'2017-05-02 21:00:00','2017-05-02 21:00:00'),(93,'Welcome to iHHQ','If you\'re new to our client portal do check out our comprehensive guide or watch this short walkthrough.','2017-06-05 03:49:30',1,'2017-05-02 21:00:00','2017-05-02 21:00:00'),(94,'Welcome to iHHQ','If you\'re new to our client portal do check out our comprehensive guide or watch this short walkthrough.','2017-06-05 03:49:30',1,'2017-05-02 21:00:00','2017-05-02 21:00:00'),(95,'Offline for maintenance','iHHQ will be offline from Friday 20th Feb at 2 am to 6 pm for security updates. We apologize for this.','2017-06-05 03:49:30',1,'2017-04-30 21:00:00','2017-04-30 21:00:00'),(96,'Offline for maintenance','iHHQ will be offline from Friday 20th Feb at 2 am to 6 pm for security updates. We apologize for this.','2017-06-05 03:49:30',1,'2017-04-30 21:00:00','2017-04-30 21:00:00'),(97,'Offline for maintenance','iHHQ will be offline from Friday 20th Feb at 2 am to 6 pm for security updates. We apologize for this.','2017-06-05 03:49:30',1,'2017-04-30 21:00:00','2017-04-30 21:00:00'),(98,'Offline for maintenance','iHHQ will be offline from Friday 20th Feb at 2 am to 6 pm for security updates. We apologize for this.','2017-06-05 03:49:30',1,'2017-04-30 21:00:00','2017-04-30 21:00:00'),(99,'Welcome to iHHQ','If you\'re new to our client portal do check out our comprehensive guide or watch this short walkthrough.','2017-06-05 03:49:30',1,'2017-05-02 21:00:00','2017-05-02 21:00:00'),(100,'Welcome to iHHQ','If you\'re new to our client portal do check out our comprehensive guide or watch this short walkthrough.','2017-06-05 03:49:30',1,'2017-05-02 21:00:00','2017-05-02 21:00:00'),(101,'Welcome to iHHQ','If you\'re new to our client portal do check out our comprehensive guide or watch this short walkthrough.sdfsdf','2017-06-05 03:49:30',1,'2017-05-02 21:00:00','2017-05-02 21:00:00'),(102,'Welcome to iHHQ','If you\'re new to our client portal do check out our comprehensive guide or watch this short walkthrough.','2017-06-05 03:49:30',1,'2017-05-02 21:00:00','2017-05-02 21:00:00'),(103,'Welcome to iHHQ','If you\'re new to our client portal do check out our comprehensive guide or watch this short walkthrough.','2017-06-05 03:49:30',1,'2017-05-02 21:00:00','2017-05-02 21:00:00'),(104,'Offline for maintenance','iHHQ will be offline from Friday 20th Feb at 2 am to 6 pm for security updates. We apologize for this.','2017-06-05 03:49:30',1,'2017-04-30 21:00:00','2017-04-30 21:00:00'),(105,'Offline for maintenance','iHHQ will be offline from Friday 20th Feb at 2 am to 6 pm for security updates. We apologize for this.','2017-06-05 03:49:30',1,'2017-04-30 21:00:00','2017-04-30 21:00:00'),(106,'Offline for maintenance','iHHQ will be offline from Friday 20th Feb at 2 am to 6 pm for security updates. We apologize for this.','2017-06-05 03:49:30',1,'2017-04-30 21:00:00','2017-04-30 21:00:00'),(107,'Offline for maintenance','iHHQ will be offline from Friday 20th Feb at 2 am to 6 pm for security updates. We apologize for this.','2017-06-05 03:49:30',1,'2017-04-30 21:00:00','2017-04-30 21:00:00'),(108,'Welcome to iHHQ','If you\'re new to our client portal do check out our comprehensive guide or watch this short walkthrough.','2017-06-05 03:49:30',1,'2017-05-02 21:00:00','2017-05-02 21:00:00'),(109,'Welcome to iHHQ','If you\'re new to our client portal do check out our comprehensive guide or watch this short walkthrough.','2017-06-05 03:49:30',1,'2017-05-02 21:00:00','2017-05-02 21:00:00'),(110,'Welcome to iHHQ','If you\'re new to our client portal do check out our comprehensive guide or watch this short walkthrough.','2017-06-05 03:49:30',1,'2017-05-02 21:00:00','2017-05-02 21:00:00'),(111,'Welcome to iHHQ','If you\'re new to our client portal do check out our comprehensive guide or watch this short walkthrough.','2017-06-05 03:49:30',1,'2017-05-02 21:00:00','2017-05-02 21:00:00'),(112,'Welcome to iHHQ','If you\'re new to our client portal do check out our comprehensive guide or watch this short walkthrough.','2017-06-05 03:49:30',1,'2017-05-02 21:00:00','2017-05-02 21:00:00'),(113,'Offline for maintenance','iHHQ will be offline from Friday 20th Feb at 2 am to 6 pm for security updates. We apologize for this.','2017-06-05 03:49:30',1,'2017-04-30 21:00:00','2017-04-30 21:00:00'),(114,'Offline for maintenance','iHHQ will be offline from Friday 20th Feb at 2 am to 6 pm for security updates. We apologize for this.','2017-06-05 03:49:30',1,'2017-04-30 21:00:00','2017-04-30 21:00:00'),(115,'Offline for maintenance','iHHQ will be offline from Friday 20th Feb at 2 am to 6 pm for security updates. We apologize for this.','2017-06-05 03:49:30',1,'2017-04-30 21:00:00','2017-04-30 21:00:00'),(116,'Offline for maintenance','iHHQ will be offline from Friday 20th Feb at 2 am to 6 pm for security updates. We apologize for this.','2017-06-05 03:49:30',1,'2017-04-30 21:00:00','2017-04-30 21:00:00'),(117,'Welcome to iHHQ','If you\'re new to our client portal do check out our comprehensive guide or watch this short walkthrough.','2017-06-05 03:49:30',1,'2017-05-02 21:00:00','2017-05-02 21:00:00'),(118,'Welcome to iHHQ','If you\'re new to our client portal do check out our comprehensive guide or watch this short walkthrough.','2017-06-05 03:49:30',1,'2017-05-02 21:00:00','2017-05-02 21:00:00'),(119,'Welcome to iHHQ','If you\'re new to our client portal do check out our comprehensive guide or watch this short walkthrough.','2017-06-05 03:49:30',1,'2017-05-02 21:00:00','2017-05-02 21:00:00'),(120,'Welcome to iHHQ','If you\'re new to our client portal do check out our comprehensive guide or watch this short walkthrough.','2017-06-05 03:49:30',1,'2017-05-02 21:00:00','2017-05-02 21:00:00'),(121,'Welcome to iHHQ','If you\'re new to our client portal do check out our comprehensive guide or watch this short walkthrough.','2017-06-05 03:49:30',1,'2017-05-02 21:00:00','2017-05-02 21:00:00'),(122,'Offline for maintenance','iHHQ will be offline from Friday 20th Feb at 2 am to 6 pm for security updates. We apologize for this.','2017-06-05 03:49:30',1,'2017-04-30 21:00:00','2017-04-30 21:00:00'),(123,'Offline for maintenance','iHHQ will be offline from Friday 20th Feb at 2 am to 6 pm for security updates. We apologize for this.','2017-06-05 03:49:30',1,'2017-04-30 21:00:00','2017-04-30 21:00:00'),(124,'Offline for maintenance','iHHQ will be offline from Friday 20th Feb at 2 am to 6 pm for security updates. We apologize for this.','2017-06-05 03:49:30',1,'2017-04-30 21:00:00','2017-04-30 21:00:00'),(125,'Welcome to iHHQ','If you\'re new to our client portal do check out our comprehensive guide or watch this short walkthrough.','2017-06-05 03:49:30',1,'2017-05-02 21:00:00','2017-05-02 21:00:00'),(126,'Offline for maintenance','iHHQ will be offline from Friday 20th Feb at 2 am to 6 pm for security updates. We apologize for this.','2017-06-05 03:49:30',1,'2017-04-30 21:00:00','2017-04-30 21:00:00'),(127,'Welcome to iHHQ','If you\'re new to our client portal do check out our comprehensive guide or watch this short walkthrough.','2017-06-05 03:49:30',1,'2017-05-02 21:00:00','2017-05-02 21:00:00'),(128,'Welcome to iHHQ','If you\'re new to our client portal do check out our comprehensive guide or watch this short walkthrough.','2017-06-05 03:49:30',1,'2017-05-02 21:00:00','2017-05-02 21:00:00'),(129,'Welcome to iHHQ','If you\'re new to our client portal do check out our comprehensive guide or watch this short walkthrough.','2017-06-05 03:49:30',1,'2017-05-02 21:00:00','2017-05-02 21:00:00'),(130,'Welcome to iHHQ','If you\'re new to our client portal do check out our comprehensive guide or watch this short walkthrough.','2017-06-05 03:49:30',1,'2017-05-02 21:00:00','2017-05-02 21:00:00'),(131,'Welcome to iHHQ','If you\'re new to our client portal do check out our comprehensive guide or watch this short walkthrough.','2017-06-05 03:49:30',1,'2017-05-02 21:00:00','2017-05-02 21:00:00'),(132,'Offline for maintenance','iHHQ will be offline from Friday 20th Feb at 2 am to 6 pm for security updates. We apologize for this.','2017-06-05 03:49:30',1,'2017-04-30 21:00:00','2017-04-30 21:00:00'),(133,'Welcome to iHHQ','If you\'re new to our client portal do check out our comprehensive guide or watch this short walkthrough.sdfsdf','2017-06-05 03:49:30',1,'2017-05-02 21:00:00','2017-05-02 21:00:00'),(134,'Welcome to iHHQ','If you\'re new to our client portal do check out our comprehensive guide or watch this short walkthrough.','2017-06-05 03:49:30',1,'2017-05-02 21:00:00','2017-05-02 21:00:00'),(135,'Welcome to iHHQ','If you\'re new to our client portal do check out our comprehensive guide or watch this short walkthrough.','2017-06-05 03:49:30',1,'2017-05-02 21:00:00','2017-05-02 21:00:00'),(136,'Offline for maintenance','iHHQ will be offline from Friday 20th Feb at 2 am to 6 pm for security updates. We apologize for this.','2017-06-05 03:49:30',1,'2017-04-30 21:00:00','2017-04-30 21:00:00'),(137,'Offline for maintenance','iHHQ will be offline from Friday 20th Feb at 2 am to 6 pm for security updates. We apologize for this.','2017-06-05 03:49:30',1,'2017-04-30 21:00:00','2017-04-30 21:00:00'),(138,'Offline for maintenance','iHHQ will be offline from Friday 20th Feb at 2 am to 6 pm for security updates. We apologize for this.','2017-06-05 03:49:30',1,'2017-04-30 21:00:00','2017-04-30 21:00:00'),(139,'Offline for maintenance','iHHQ will be offline from Friday 20th Feb at 2 am to 6 pm for security updates. We apologize for this.','2017-06-05 03:49:30',1,'2017-04-30 21:00:00','2017-04-30 21:00:00'),(140,'Welcome to iHHQ','If you\'re new to our client portal do check out our comprehensive guide or watch this short walkthrough.','2017-06-05 03:49:30',1,'2017-05-02 21:00:00','2017-05-02 21:00:00'),(141,'Welcome to iHHQ','If you\'re new to our client portal do check out our comprehensive guide or watch this short walkthrough.','2017-06-05 03:49:30',1,'2017-05-02 21:00:00','2017-05-02 21:00:00'),(142,'Offline for maintenance','iHHQ will be offline from Friday 20th Feb at 2 am to 6 pm for security updates. We apologize for this.','2017-06-05 03:49:30',1,'2017-04-30 21:00:00','2017-04-30 21:00:00'),(143,'Welcome to iHHQ','If you\'re new to our client portal do check out our comprehensive guide or watch this short walkthrough.','2017-06-05 03:49:30',1,'2017-05-02 21:00:00','2017-05-02 21:00:00'),(144,'Welcome to iHHQ','If you\'re new to our client portal do check out our comprehensive guide or watch this short walkthrough.','2017-06-05 03:49:30',1,'2017-05-02 21:00:00','2017-05-02 21:00:00'),(145,'Welcome to iHHQ','If you\'re new to our client portal do check out our comprehensive guide or watch this short walkthrough.','2017-06-05 03:49:30',1,'2017-05-02 21:00:00','2017-05-02 21:00:00'),(146,'Welcome to iHHQ','If you\'re new to our client portal do check out our comprehensive guide or watch this short walkthrough.','2017-06-05 03:49:30',1,'2017-05-02 21:00:00','2017-05-02 21:00:00'),(147,'Welcome to iHHQ','If you\'re new to our client portal do check out our comprehensive guide or watch this short walkthrough.','2017-06-05 03:49:30',1,'2017-05-02 21:00:00','2017-05-02 21:00:00'),(148,'Offline for maintenance','iHHQ will be offline from Friday 20th Feb at 2 am to 6 pm for security updates. We apologize for this.','2017-06-05 03:49:30',1,'2017-04-30 21:00:00','2017-04-30 21:00:00'),(149,'Offline for maintenance','iHHQ will be offline from Friday 20th Feb at 2 am to 6 pm for security updates. We apologize for this.','2017-06-05 03:49:30',1,'2017-04-30 21:00:00','2017-04-30 21:00:00'),(150,'Offline for maintenance','iHHQ will be offline from Friday 20th Feb at 2 am to 6 pm for security updates. We apologize for this.','2017-06-05 03:49:30',1,'2017-04-30 21:00:00','2017-04-30 21:00:00'),(151,'Offline for maintenance','iHHQ will be offline from Friday 20th Feb at 2 am to 6 pm for security updates. We apologize for this.','2017-06-05 03:49:30',1,'2017-04-30 21:00:00','2017-04-30 21:00:00'),(152,'Welcome to iHHQ','If you\'re new to our client portal do check out our comprehensive guide or watch this short walkthrough.','2017-06-05 03:49:30',1,'2017-05-02 21:00:00','2017-05-02 21:00:00'),(153,'Welcome to iHHQ','If you\'re new to our client portal do check out our comprehensive guide or watch this short walkthrough.','2017-06-05 03:49:30',1,'2017-05-02 21:00:00','2017-05-02 21:00:00'),(154,'Welcome to iHHQ','If you\'re new to our client portal do check out our comprehensive guide or watch this short walkthrough.','2017-06-05 03:49:30',1,'2017-05-02 21:00:00','2017-05-02 21:00:00'),(155,'Welcome to iHHQ','If you\'re new to our client portal do check out our comprehensive guide or watch this short walkthrough.','2017-06-05 03:49:30',1,'2017-05-02 21:00:00','2017-05-02 21:00:00'),(156,'Welcome to iHHQ','If you\'re new to our client portal do check out our comprehensive guide or watch this short walkthrough.','2017-06-05 03:49:30',1,'2017-05-02 21:00:00','2017-05-02 21:00:00'),(157,'Offline for maintenance','iHHQ will be offline from Friday 20th Feb at 2 am to 6 pm for security updates. We apologize for this.','2017-06-05 03:49:30',1,'2017-04-30 21:00:00','2017-04-30 21:00:00'),(158,'Offline for maintenance','iHHQ will be offline from Friday 20th Feb at 2 am to 6 pm for security updates. We apologize for this.','2017-06-05 03:49:30',1,'2017-04-30 21:00:00','2017-04-30 21:00:00'),(159,'Offline for maintenance','iHHQ will be offline from Friday 20th Feb at 2 am to 6 pm for security updates. We apologize for this.','2017-06-05 03:49:30',1,'2017-04-30 21:00:00','2017-04-30 21:00:00'),(160,'Offline for maintenance','iHHQ will be offline from Friday 20th Feb at 2 am to 6 pm for security updates. We apologize for this.','2017-06-05 03:49:30',1,'2017-04-30 21:00:00','2017-04-30 21:00:00'),(161,'Welcome to iHHQ','If you\'re new to our client portal do check out our comprehensive guide or watch this short walkthrough.','2017-06-05 03:49:30',1,'2017-05-02 21:00:00','2017-05-02 21:00:00'),(162,'Welcome to iHHQ','If you\'re new to our client portal do check out our comprehensive guide or watch this short walkthrough.','2017-06-05 03:49:30',1,'2017-05-02 21:00:00','2017-05-02 21:00:00'),(163,'Welcome to iHHQ','If you\'re new to our client portal do check out our comprehensive guide or watch this short walkthrough.','2017-06-05 03:49:30',1,'2017-05-02 21:00:00','2017-05-02 21:00:00'),(164,'Welcome to iHHQ','If you\'re new to our client portal do check out our comprehensive guide or watch this short walkthrough.','2017-06-05 03:49:30',1,'2017-05-02 21:00:00','2017-05-02 21:00:00'),(165,'Welcome to iHHQ','If you\'re new to our client portal do check out our comprehensive guide or watch this short walkthrough.','2017-06-05 03:49:30',1,'2017-05-02 21:00:00','2017-05-02 21:00:00'),(166,'Offline for maintenance','iHHQ will be offline from Friday 20th Feb at 2 am to 6 pm for security updates. We apologize for this.','2017-06-05 03:49:30',1,'2017-04-30 21:00:00','2017-04-30 21:00:00'),(167,'Offline for maintenance','iHHQ will be offline from Friday 20th Feb at 2 am to 6 pm for security updates. We apologize for this.','2017-06-05 03:49:30',1,'2017-04-30 21:00:00','2017-04-30 21:00:00'),(168,'Offline for maintenance','iHHQ will be offline from Friday 20th Feb at 2 am to 6 pm for security updates. We apologize for this.','2017-06-05 03:49:30',1,'2017-04-30 21:00:00','2017-04-30 21:00:00'),(169,'Offline for maintenance','iHHQ will be offline from Friday 20th Feb at 2 am to 6 pm for security updates. We apologize for this.','2017-06-05 03:49:30',1,'2017-04-30 21:00:00','2017-04-30 21:00:00'),(170,'Welcome to iHHQ','If you\'re new to our client portal do check out our comprehensive guide or watch this short walkthrough.','2017-06-05 03:49:30',1,'2017-05-02 21:00:00','2017-05-02 21:00:00'),(171,'Welcome to iHHQ','If you\'re new to our client portal do check out our comprehensive guide or watch this short walkthrough.','2017-06-05 03:49:30',1,'2017-05-02 21:00:00','2017-05-02 21:00:00'),(172,'Welcome to iHHQ','If you\'re new to our client portal do check out our comprehensive guide or watch this short walkthrough.','2017-06-05 03:49:30',1,'2017-05-02 21:00:00','2017-05-02 21:00:00'),(173,'Welcome to iHHQ','If you\'re new to our client portal do check out our comprehensive guide or watch this short walkthrough.','2017-06-05 03:49:30',1,'2017-05-02 21:00:00','2017-05-02 21:00:00'),(174,'Welcome to iHHQ','If you\'re new to our client portal do check out our comprehensive guide or watch this short walkthrough.','2017-06-05 03:49:30',1,'2017-05-02 21:00:00','2017-05-02 21:00:00'),(175,'Offline for maintenance','iHHQ will be offline from Friday 20th Feb at 2 am to 6 pm for security updates. We apologize for this.','2017-06-05 03:49:30',1,'2017-04-30 21:00:00','2017-04-30 21:00:00'),(176,'Offline for maintenance','iHHQ will be offline from Friday 20th Feb at 2 am to 6 pm for security updates. We apologize for this.','2017-06-05 03:49:30',1,'2017-04-30 21:00:00','2017-04-30 21:00:00'),(177,'Offline for maintenance','iHHQ will be offline from Friday 20th Feb at 2 am to 6 pm for security updates. We apologize for this.','2017-06-05 03:49:30',1,'2017-04-30 21:00:00','2017-04-30 21:00:00'),(178,'Offline for maintenance','iHHQ will be offline from Friday 20th Feb at 2 am to 6 pm for security updates. We apologize for this.','2017-06-05 03:49:30',1,'2017-04-30 21:00:00','2017-04-30 21:00:00'),(179,'Welcome to iHHQ','If you\'re new to our client portal do check out our comprehensive guide or watch this short walkthrough.','2017-06-05 03:49:30',1,'2017-05-02 21:00:00','2017-05-02 21:00:00'),(180,'Welcome to iHHQ','If you\'re new to our client portal do check out our comprehensive guide or watch this short walkthrough.','2017-06-05 03:49:30',1,'2017-05-02 21:00:00','2017-05-02 21:00:00'),(181,'Welcome to iHHQ','If you\'re new to our client portal do check out our comprehensive guide or watch this short walkthrough.','2017-06-05 03:49:30',1,'2017-05-02 21:00:00','2017-05-02 21:00:00'),(182,'Welcome to iHHQ','If you\'re new to our client portal do check out our comprehensive guide or watch this short walkthrough.','2017-06-05 03:49:30',1,'2017-05-02 21:00:00','2017-05-02 21:00:00'),(183,'Welcome to iHHQ','If you\'re new to our client portal do check out our comprehensive guide or watch this short walkthrough.','2017-06-05 03:49:30',1,'2017-05-02 21:00:00','2017-05-02 21:00:00'),(184,'Offline for maintenance','iHHQ will be offline from Friday 20th Feb at 2 am to 6 pm for security updates. We apologize for this.','2017-06-05 03:49:30',1,'2017-04-30 21:00:00','2017-04-30 21:00:00'),(185,'Offline for maintenance','iHHQ will be offline from Friday 20th Feb at 2 am to 6 pm for security updates. We apologize for this.','2017-06-05 03:49:30',1,'2017-04-30 21:00:00','2017-04-30 21:00:00'),(186,'Offline for maintenance','iHHQ will be offline from Friday 20th Feb at 2 am to 6 pm for security updates. We apologize for this.','2017-06-05 03:49:30',1,'2017-04-30 21:00:00','2017-04-30 21:00:00'),(187,'Offline for maintenance','iHHQ will be offline from Friday 20th Feb at 2 am to 6 pm for security updates. We apologize for this.','2017-06-05 03:49:30',1,'2017-04-30 21:00:00','2017-04-30 21:00:00'),(188,'Welcome to iHHQ','If you\'re new to our client portal do check out our comprehensive guide or watch this short walkthrough.','2017-06-05 03:49:30',1,'2017-05-02 21:00:00','2017-05-02 21:00:00'),(189,'Welcome to iHHQ','If you\'re new to our client portal do check out our comprehensive guide or watch this short walkthrough.','2017-06-05 03:49:30',1,'2017-05-02 21:00:00','2017-05-02 21:00:00'),(190,'Welcome to iHHQ','If you\'re new to our client portal do check out our comprehensive guide or watch this short walkthrough.','2017-06-05 03:49:30',1,'2017-05-02 21:00:00','2017-05-02 21:00:00'),(191,'Welcome to iHHQ','If you\'re new to our client portal do check out our comprehensive guide or watch this short walkthrough.','2017-06-05 03:49:30',1,'2017-05-02 21:00:00','2017-05-02 21:00:00'),(192,'Offline for maintenance','iHHQ will be offline from Friday 20th Feb at 2 am to 6 pm for security updates. We apologize for this.','2017-06-05 03:49:30',1,'2017-04-30 21:00:00','2017-04-30 21:00:00'),(193,'Welcome to iHHQ','If you\'re new to our client portal do check out our comprehensive guide or watch this short walkthrough.','2017-06-05 03:49:30',1,'2017-05-02 21:00:00','2017-05-02 21:00:00'),(194,'Welcome to iHHQ','If you\'re new to our client portal do check out our comprehensive guide or watch this short walkthrough.','2017-06-05 03:49:30',1,'2017-05-02 21:00:00','2017-05-02 21:00:00'),(195,'Welcome to iHHQ','If you\'re new to our client portal do check out our comprehensive guide or watch this short walkthrough.','2017-06-05 03:49:30',1,'2017-05-02 21:00:00','2017-05-02 21:00:00'),(196,'Welcome to iHHQ','If you\'re new to our client portal do check out our comprehensive guide or watch this short walkthrough.','2017-06-05 03:49:30',1,'2017-05-02 21:00:00','2017-05-02 21:00:00'),(197,'Welcome to iHHQ','If you\'re new to our client portal do check out our comprehensive guide or watch this short walkthrough.','2017-06-05 03:49:30',1,'2017-05-02 21:00:00','2017-05-02 21:00:00'),(198,'Offline for maintenance','iHHQ will be offline from Friday 20th Feb at 2 am to 6 pm for security updates. We apologize for this.','2017-06-05 03:49:30',1,'2017-04-30 21:00:00','2017-04-30 21:00:00'),(199,'Offline for maintenance','iHHQ will be offline from Friday 20th Feb at 2 am to 6 pm for security updates. We apologize for this.','2017-06-05 03:49:30',1,'2017-04-30 21:00:00','2017-04-30 21:00:00'),(200,'Offline for maintenance','iHHQ will be offline from Friday 20th Feb at 2 am to 6 pm for security updates. We apologize for this.','2017-06-05 03:49:30',1,'2017-04-30 21:00:00','2017-04-30 21:00:00'),(201,'Offline for maintenance','iHHQ will be offline from Friday 20th Feb at 2 am to 6 pm for security updates. We apologize for this.','2017-06-05 03:49:30',1,'2017-04-30 21:00:00','2017-04-30 21:00:00'),(202,'Welcome to iHHQ','If you\'re new to our client portal do check out our comprehensive guide or watch this short walkthrough.','2017-06-05 03:49:30',1,'2017-05-02 21:00:00','2017-05-02 21:00:00'),(203,'Welcome to iHHQ','If you\'re new to our client portal do check out our comprehensive guide or watch this short walkthrough.','2017-06-05 03:49:30',1,'2017-05-02 21:00:00','2017-05-02 21:00:00'),(204,'Welcome to iHHQ','If you\'re new to our client portal do check out our comprehensive guide or watch this short walkthrough.','2017-06-05 03:49:30',1,'2017-05-02 21:00:00','2017-05-02 21:00:00'),(205,'Welcome to iHHQ','If you\'re new to our client portal do check out our comprehensive guide or watch this short walkthrough.','2017-06-05 03:49:30',1,'2017-05-02 21:00:00','2017-05-02 21:00:00'),(206,'Welcome to iHHQ','If you\'re new to our client portal do check out our comprehensive guide or watch this short walkthrough.','2017-06-05 03:49:30',1,'2017-05-02 21:00:00','2017-05-02 21:00:00'),(207,'Offline for maintenance','iHHQ will be offline from Friday 20th Feb at 2 am to 6 pm for security updates. We apologize for this.','2017-06-05 03:49:30',1,'2017-04-30 21:00:00','2017-04-30 21:00:00'),(208,'Offline for maintenance','iHHQ will be offline from Friday 20th Feb at 2 am to 6 pm for security updates. We apologize for this.','2017-06-05 03:49:30',1,'2017-04-30 21:00:00','2017-04-30 21:00:00'),(209,'Offline for maintenance','iHHQ will be offline from Friday 20th Feb at 2 am to 6 pm for security updates. We apologize for this.','2017-06-05 03:49:30',1,'2017-04-30 21:00:00','2017-04-30 21:00:00'),(210,'Offline for maintenance','iHHQ will be offline from Friday 20th Feb at 2 am to 6 pm for security updates. We apologize for this.','2017-06-05 03:49:30',1,'2017-04-30 21:00:00','2017-04-30 21:00:00'),(211,'Welcome to iHHQ','If you\'re new to our client portal do check out our comprehensive guide or watch this short walkthrough.','2017-06-05 03:49:30',1,'2017-05-02 21:00:00','2017-05-02 21:00:00'),(212,'Welcome to iHHQ','If you\'re new to our client portal do check out our comprehensive guide or watch this short walkthrough.','2017-06-05 03:49:30',1,'2017-05-02 21:00:00','2017-05-02 21:00:00'),(213,'Welcome to iHHQ','If you\'re new to our client portal do check out our comprehensive guide or watch this short walkthrough.','2017-06-05 03:49:30',1,'2017-05-02 21:00:00','2017-05-02 21:00:00'),(214,'Welcome to iHHQ','If you\'re new to our client portal do check out our comprehensive guide or watch this short walkthrough.','2017-06-05 03:49:30',1,'2017-05-02 21:00:00','2017-05-02 21:00:00'),(215,'Welcome to iHHQ','If you\'re new to our client portal do check out our comprehensive guide or watch this short walkthrough.','2017-06-05 03:49:30',1,'2017-05-02 21:00:00','2017-05-02 21:00:00'),(216,'Offline for maintenance','iHHQ will be offline from Friday 20th Feb at 2 am to 6 pm for security updates. We apologize for this.','2017-06-05 03:49:30',1,'2017-04-30 21:00:00','2017-04-30 21:00:00'),(217,'Offline for maintenance','iHHQ will be offline from Friday 20th Feb at 2 am to 6 pm for security updates. We apologize for this.','2017-06-05 03:49:30',1,'2017-04-30 21:00:00','2017-04-30 21:00:00'),(218,'Offline for maintenance','iHHQ will be offline from Friday 20th Feb at 2 am to 6 pm for security updates. We apologize for this.','2017-06-05 03:49:30',1,'2017-04-30 21:00:00','2017-04-30 21:00:00'),(219,'Offline for maintenance','iHHQ will be offline from Friday 20th Feb at 2 am to 6 pm for security updates. We apologize for this.','2017-06-05 03:49:30',1,'2017-04-30 21:00:00','2017-04-30 21:00:00'),(220,'Welcome to iHHQ','If you\'re new to our client portal do check out our comprehensive guide or watch this short walkthrough.','2017-06-05 03:49:30',1,'2017-05-02 21:00:00','2017-05-02 21:00:00'),(221,'Welcome to iHHQ','If you\'re new to our client portal do check out our comprehensive guide or watch this short walkthrough.','2017-06-05 03:49:30',1,'2017-05-02 21:00:00','2017-05-02 21:00:00'),(222,'Welcome to iHHQ','If you\'re new to our client portal do check out our comprehensive guide or watch this short walkthrough.','2017-06-05 03:49:30',1,'2017-05-02 21:00:00','2017-05-02 21:00:00'),(223,'Welcome to iHHQ','If you\'re new to our client portal do check out our comprehensive guide or watch this short walkthrough.','2017-06-05 03:49:30',1,'2017-05-02 21:00:00','2017-05-02 21:00:00'),(224,'Welcome to iHHQ','If you\'re new to our client portal do check out our comprehensive guide or watch this short walkthrough.','2017-06-05 03:49:30',1,'2017-05-02 21:00:00','2017-05-02 21:00:00'),(225,'Offline for maintenance','iHHQ will be offline from Friday 20th Feb at 2 am to 6 pm for security updates. We apologize for this.','2017-06-05 03:49:30',1,'2017-04-30 21:00:00','2017-04-30 21:00:00'),(226,'Offline for maintenance','iHHQ will be offline from Friday 20th Feb at 2 am to 6 pm for security updates. We apologize for this.','2017-06-05 03:49:30',1,'2017-04-30 21:00:00','2017-04-30 21:00:00'),(227,'Offline for maintenance','iHHQ will be offline from Friday 20th Feb at 2 am to 6 pm for security updates. We apologize for this.','2017-06-05 03:49:30',1,'2017-04-30 21:00:00','2017-04-30 21:00:00'),(228,'Offline for maintenance','iHHQ will be offline from Friday 20th Feb at 2 am to 6 pm for security updates. We apologize for this.','2017-06-05 03:49:30',1,'2017-04-30 21:00:00','2017-04-30 21:00:00'),(229,'Welcome to iHHQ','If you\'re new to our client portal do check out our comprehensive guide or watch this short walkthrough.','2017-06-05 03:49:30',1,'2017-05-02 21:00:00','2017-05-02 21:00:00'),(230,'Welcome to iHHQ','If you\'re new to our client portal do check out our comprehensive guide or watch this short walkthrough.','2017-06-05 03:49:30',1,'2017-05-02 21:00:00','2017-05-02 21:00:00'),(231,'Welcome to iHHQ','If you\'re new to our client portal do check out our comprehensive guide or watch this short walkthrough.','2017-06-05 03:49:30',1,'2017-05-02 21:00:00','2017-05-02 21:00:00'),(232,'Welcome to iHHQ','If you\'re new to our client portal do check out our comprehensive guide or watch this short walkthrough.','2017-06-05 03:49:30',1,'2017-05-02 21:00:00','2017-05-02 21:00:00'),(233,'Welcome to iHHQ','If you\'re new to our client portal do check out our comprehensive guide or watch this short walkthrough.','2017-06-05 03:49:30',1,'2017-05-02 21:00:00','2017-05-02 21:00:00'),(234,'Offline for maintenance','iHHQ will be offline from Friday 20th Feb at 2 am to 6 pm for security updates. We apologize for this.','2017-06-05 03:49:30',1,'2017-04-30 21:00:00','2017-04-30 21:00:00'),(235,'Offline for maintenance','iHHQ will be offline from Friday 20th Feb at 2 am to 6 pm for security updates. We apologize for this.','2017-06-05 03:49:30',1,'2017-04-30 21:00:00','2017-04-30 21:00:00'),(236,'Offline for maintenance','iHHQ will be offline from Friday 20th Feb at 2 am to 6 pm for security updates. We apologize for this.','2017-06-05 03:49:30',1,'2017-04-30 21:00:00','2017-04-30 21:00:00'),(237,'Offline for maintenance','iHHQ will be offline from Friday 20th Feb at 2 am to 6 pm for security updates. We apologize for this.','2017-06-05 03:49:30',1,'2017-04-30 21:00:00','2017-04-30 21:00:00'),(238,'Welcome to iHHQ','If you\'re new to our client portal do check out our comprehensive guide or watch this short walkthrough.','2017-06-05 03:49:30',1,'2017-05-02 21:00:00','2017-05-02 21:00:00'),(239,'Welcome to iHHQ','If you\'re new to our client portal do check out our comprehensive guide or watch this short walkthrough.','2017-06-05 03:49:30',1,'2017-05-02 21:00:00','2017-05-02 21:00:00'),(240,'Welcome to iHHQ','If you\'re new to our client portal do check out our comprehensive guide or watch this short walkthrough.','2017-06-05 03:49:30',1,'2017-05-02 21:00:00','2017-05-02 21:00:00'),(241,'Welcome to iHHQ','If you\'re new to our client portal do check out our comprehensive guide or watch this short walkthrough.','2017-06-05 03:49:30',1,'2017-05-02 21:00:00','2017-05-02 21:00:00');
/*!40000 ALTER TABLE `announcements` ENABLE KEYS */;
UNLOCK TABLES;

--
-- Table structure for table `categories`
--

DROP TABLE IF EXISTS `categories`;
/*!40101 SET @saved_cs_client     = @@character_set_client */;
/*!40101 SET character_set_client = utf8 */;
CREATE TABLE `categories` (
  `category_id` bigint(20) unsigned NOT NULL AUTO_INCREMENT,
  `category_title` varchar(255) NOT NULL,
  `thumbnail` varchar(100) NOT NULL,
  `price` decimal(10,0) NOT NULL,
  `lock` tinyint(4) NOT NULL DEFAULT '0',
  `active` tinyint(1) NOT NULL DEFAULT '0',
  `created_at` datetime NOT NULL DEFAULT CURRENT_TIMESTAMP,
  `updated_at` datetime NOT NULL DEFAULT CURRENT_TIMESTAMP ON UPDATE CURRENT_TIMESTAMP,
  PRIMARY KEY (`category_id`)
) ENGINE=MyISAM AUTO_INCREMENT=5 DEFAULT CHARSET=latin1;
/*!40101 SET character_set_client = @saved_cs_client */;

--
-- Dumping data for table `categories`
--

LOCK TABLES `categories` WRITE;
/*!40000 ALTER TABLE `categories` DISABLE KEYS */;
INSERT INTO `categories` VALUES (1,'BEGINNER','https://s3.eu-central-1.amazonaws.com/dribbler.org-category/beginner/thumbnail.png',0,0,'2017-04-23 22:11:28','2017-04-30 01:43:30'),(2,'ADANCED','https://s3.eu-central-1.amazonaws.com/dribbler.org-category/advanced/thumbnail.png',10,1,'2017-04-23 22:11:28','2017-04-30 01:43:45'),(3,'PREOFESSIONAL','https://s3.eu-central-1.amazonaws.com/dribbler.org-category/professional/thumbnail.png',15,1,'2017-04-23 22:11:49','2017-04-30 01:43:49');
/*!40000 ALTER TABLE `categories` ENABLE KEYS */;
UNLOCK TABLES;

--
-- Table structure for table `comments`
--

DROP TABLE IF EXISTS `comments`;
/*!40101 SET @saved_cs_client     = @@character_set_client */;
/*!40101 SET character_set_client = utf8 */;
CREATE TABLE `comments` (
  `comment_id` bigint(20) unsigned NOT NULL AUTO_INCREMENT,
  `commentator_id` bigint(20) unsigned NOT NULL,
  `video_id` bigint(20) unsigned NOT NULL,
  `status` tinyint(4) NOT NULL,
  `message` text NOT NULL,
  `likes` int(10) unsigned NOT NULL DEFAULT '0',
  `replies` int(10) unsigned NOT NULL DEFAULT '0',
  `created_at` timestamp NOT NULL DEFAULT CURRENT_TIMESTAMP,
  `updated_at` timestamp NOT NULL ON UPDATE CURRENT_TIMESTAMP,
  PRIMARY KEY (`comment_id`),
  KEY `video_id` (`video_id`),
  KEY `commentator_id` (`commentator_id`)
) ENGINE=MyISAM AUTO_INCREMENT=123 DEFAULT CHARSET=latin1;
/*!40101 SET character_set_client = @saved_cs_client */;

--
-- Dumping data for table `comments`
--

LOCK TABLES `comments` WRITE;
/*!40000 ALTER TABLE `comments` DISABLE KEYS */;
INSERT INTO `comments` VALUES (1,6,7,0,'Googles rating guide used Infowars as an example of what a website looks like when it has a poor reputation and conspiratorial bent. The leaked guide went on to say, There are a number of controversial, often debunked claims that the site regularly promotes. Eventually, Google was forced to admit that their suppression of Infowars was a mistake, and that they would act fast to correct the problem.',0,0,'2017-05-13 18:34:36','2017-05-23 21:00:00'),(2,16,7,0,'hmm...\r\nNot bad. I will also try ',0,0,'2017-05-12 21:00:00','2017-05-12 21:00:00'),(3,11,6,0,'When I tried 10 times, notice being impossible',0,0,'2017-05-13 15:56:59','2017-05-14 07:06:30'),(4,16,8,0,'When I tried 10 times, notice being impossible',0,0,'2017-05-13 17:37:52','2017-05-14 07:06:34'),(5,16,9,0,'When I tried 10 times, notice being impossible',0,0,'2017-05-13 17:41:58','2017-05-14 07:06:38'),(6,16,8,0,'When I tried 10 times, notice being impossible',0,0,'2017-05-13 17:42:01','2017-05-14 07:06:42'),(7,16,9,0,'When I tried 10 times, notice being impossible',0,0,'2017-05-13 17:42:03','2017-05-14 07:06:45'),(8,16,6,0,'When I tried 10 times, notice being impossible',0,0,'2017-05-13 17:42:05','2017-05-14 07:06:48'),(9,16,7,0,'When I tried 10 times, notice being impossible sdfs',0,0,'2017-05-13 17:42:08','2017-05-14 07:06:51'),(10,16,8,0,'When I tried 10 times, notice being impossible sdfs sdfsdf',0,0,'2017-05-13 17:42:11','2017-05-14 07:06:54'),(11,16,9,0,'When I tried 10 times, notice being impossible sdfs sdfsdf sdfsdf',0,0,'2017-05-13 17:42:14','2017-05-14 07:06:57'),(12,16,6,0,'When I tried 10 times, notice being impossible sdfs sdfsdf sdfsdf sdfsdf',0,0,'2017-05-13 17:42:17','2017-05-14 07:07:00'),(13,16,9,0,'When I tried 10 times, notice being impossible sdfs sdfsdf sdfsdf sdfsdf sdfsdf',0,0,'2017-05-13 17:42:20','2017-05-14 07:09:31'),(14,16,9,0,'When I tried 10 times, notice being impossible sdfs sdfsdf sdfsdf sdfsdf sdfsdf sdfsdf',0,0,'2017-05-13 17:42:23','2017-05-14 07:09:29'),(15,16,9,0,'When I tried 10 times, notice being impossible sdfs sdfsdf sdfsdf sdfsdf sdfsdf sdfsdf sdfsdf',0,0,'2017-05-13 17:42:26','2017-05-14 07:09:26'),(16,16,8,0,'When I tried 10 times, notice being impossible sdfs sdfsdf sdfsdf sdfsdf sdfsdf sdfsdf sdfsdf sfsdfds',0,0,'2017-05-13 17:42:29','2017-05-14 07:09:24'),(17,16,8,0,'Whaa, notice being impossible sdfs sdfsdf sdfsdf sdfsdf sdfsdf sdfsdf sdfsdf sfsdfds',0,0,'2017-05-13 17:42:52','2017-05-14 07:09:21'),(18,16,7,0,'Whaa, notice being impossible sdfs sdfsdf sdfsdf sdfsdf sdfsdf sddfsdf sdfsdf sfsdfds',0,0,'2017-05-13 17:42:54','2017-05-14 07:09:18'),(19,16,7,0,'And according to Spanish transfer outlet Don Balon, Real talisman Ronaldo wants Morata - and fellow striker Karim Benzema - sold this summer.',0,0,'2017-05-13 17:44:13','2017-05-14 07:09:16'),(20,16,7,0,'And according to Spanish transfer outlet Don Balon, Real talisman Ronaldo wants Morata - and fellow striker Karim Benzema - sold this summer.',0,0,'2017-05-13 17:44:15','2017-05-14 07:09:13'),(21,16,7,0,'And according to Spanish transfer outlet Don Balon, Real talisman Ronaldo wants Morata - and fellow striker Karim Benzema - sold this summer.',0,0,'2017-05-13 17:44:16','2017-05-14 07:09:11'),(22,16,6,0,'And according to Spanish transfer outlet Don Balon, Real talisman Ronaldo wants Morata - and fellow striker Karim Benzema - sold this summer.',0,0,'2017-05-13 17:44:17','2017-05-14 07:09:09'),(23,16,6,0,'And according to Spanish transfer outlet Don Balon, Real talisman Ronaldo wants Morata - and fellow striker Karim Benzema - sold this summer.',0,0,'2017-05-13 17:44:19','2017-05-14 07:09:06'),(24,16,6,0,'And according to Spanish transfer outlet Don Balon, Real talisman Ronaldo wants Morata - and fellow striker Karim Benzema - sold this summer.',0,0,'2017-05-13 17:44:20','2017-05-14 07:09:03'),(25,16,6,0,'And according to Spanish transfer outlet Don Balon, Real talisman Ronaldo wants Morata - and fellow striker Karim Benzema - sold this summer.',0,0,'2017-05-13 17:44:21','2017-05-14 07:08:59'),(26,16,7,0,'And according to Spanish transfer outlet Don Balon, Real talisman Ronaldo wants Morata - and fellow striker Karim Benzema - sold this summer.',0,0,'2017-05-13 17:44:23','2017-05-14 07:08:57'),(27,16,7,0,'They claim the Portugal international wants Porto star Andre Silva to replace the pair at the Bernabeu',0,0,'2017-05-13 17:44:36','2017-05-14 07:08:54'),(28,16,8,0,'They claim the Portugal international wants Porto star Andre Silva to replace the pair at the Bernabeu',0,0,'2017-05-13 17:44:37','2017-05-14 07:08:52'),(29,16,8,0,'They claim the Portugal international wants Porto star Andre Silva to replace the pair at the Bernabeu',0,0,'2017-05-13 17:44:39','2017-05-14 07:08:49'),(30,16,8,0,'They claim the Portugal international wants Porto star Andre Silva to replace the pair at the Bernabeu',0,0,'2017-05-13 17:44:40','2017-05-14 07:08:46'),(31,16,9,0,'They claim the Portugal international wants Porto star Andre Silva to replace the pair at the Bernabeu',0,0,'2017-05-13 17:44:42','2017-05-14 07:08:44'),(32,16,9,0,'They claim the Portugal international wants Porto star Andre Silva to replace the pair at the Bernabeu',0,0,'2017-05-13 17:44:44','2017-05-14 07:08:41'),(33,16,9,0,'They claim the Portugal international wants Porto star Andre Silva to replace the pair at the Bernabeu',0,0,'2017-05-13 17:44:45','2017-05-14 07:08:38'),(34,16,8,0,'They claim the Portugal international wants Porto star Andre Silva to replace the pair at the Bernabeu',0,0,'2017-05-13 17:44:46','2017-05-14 07:08:34'),(35,16,6,0,'They claim the Portugal international wants Porto star Andre Silva to replace the pair at the Bernabeu',0,0,'2017-05-13 17:44:48','2017-05-14 07:08:31'),(36,16,8,0,'They claim the Portugal international wants Porto star Andre Silva to replace the pair at the Bernabeu',0,0,'2017-05-13 17:44:49','2017-05-14 07:08:25'),(37,16,7,0,'They claim the Portugal international wants Porto star Andre Silva to replace the pair at the Bernabeu',0,0,'2017-05-13 17:44:51','2017-05-14 07:08:22'),(38,16,6,0,'They claim the Portugal international wants Porto star Andre Silva to replace the pair at the Bernabeu',0,0,'2017-05-13 17:44:52','2017-05-14 07:08:18'),(39,16,8,0,'They claim the Portugal international wants Porto star Andre Silva to replace the pair at the Bernabeu',0,0,'2017-05-13 17:44:53','2017-05-14 07:08:14'),(40,16,8,0,'They claim the Portugal international wants Porto star Andre Silva to replace the pair at the Bernabeu',0,0,'2017-05-13 17:44:55','2017-05-14 07:08:12'),(41,16,8,0,'They claim the Portugal international wants Porto star Andre Silva to replace the pair at the Bernabeu',0,0,'2017-05-13 17:44:56','2017-05-14 07:08:09'),(42,16,7,0,'They claim the Portugal international wants Porto star Andre Silva to replace the pair at the Bernabeu',0,0,'2017-05-13 17:44:57','2017-05-14 07:08:06'),(43,17,7,0,'The La Liga star is reportedly desperate to beat his rival Lionel Messi\'s goalscoring records in Spain.\r\n\r\nRonaldo has been promised by Real president Florentino Perez that everyone will help him top the Barcelona ace.',0,0,'2017-05-13 17:45:12','2017-05-14 07:08:02'),(44,17,6,0,'The La Liga star is reportedly desperate to beat his rival Lionel Messi\'s goalscoring records in Spain.\r\n\r\nRonaldo has been promised by Real president Florentino Perez that everyone will help him top the Barcelona ace.',0,0,'2017-05-13 17:45:13','2017-05-14 07:07:58'),(45,17,6,0,'The La Liga star is reportedly desperate to beat his rival Lionel Messi\'s goalscoring records in Spain.\r\n\r\nRonaldo has been promised by Real president Florentino Perez that everyone will help him top the Barcelona ace.',0,0,'2017-05-13 17:45:14','2017-05-14 07:07:56'),(46,17,6,0,'The La Liga star is reportedly desperate to beat his rival Lionel Messi\'s goalscoring records in Spain.\r\n\r\nRonaldo has been promised by Real president Florentino Perez that everyone will help him top the Barcelona ace.',0,0,'2017-05-13 17:45:16','2017-05-14 07:07:53'),(47,17,8,0,'The La Liga star is reportedly desperate to beat his rival Lionel Messi\'s goalscoring records in Spain.\r\n\r\nRonaldo has been promised by Real president Florentino Perez that everyone will help him top the Barcelona ace.',0,0,'2017-05-13 17:45:18','2017-05-14 07:07:49'),(48,17,8,0,'The La Liga star is reportedly desperate to beat his rival Lionel Messi\'s goalscoring records in Spain.\r\n\r\nRonaldo has been promised by Real president Florentino Perez that everyone will help him top the Barcelona ace.',0,0,'2017-05-13 17:45:19','2017-05-14 07:07:47'),(49,17,9,0,'The La Liga star is reportedly desperate to beat his rival Lionel Messi\'s goalscoring records in Spain.\r\n\r\nRonaldo has been promised by Real president Florentino Perez that everyone will help him top the Barcelona ace.',0,0,'2017-05-13 17:45:21','2017-05-14 07:07:44'),(50,12,9,0,'The La Liga star is reportedly desperate to beat his rival Lionel Messi\'s goalscoring records in Spain.\r\n\r\nRonaldo has been promised by Real president Florentino Perez that everyone will help him top the Barcelona ace.',0,0,'2017-05-13 17:45:36','2017-05-14 07:07:41'),(51,12,9,0,'The La Liga star is reportedly desperate to beat his rival Lionel Messi\'s goalscoring records in Spain.\r\n\r\nRonaldo has been promised by Real president Florentino Perez that everyone will help him top the Barcelona ace.',0,0,'2017-05-13 17:45:37','2017-05-14 07:07:39'),(52,12,9,0,'The La Liga star is reportedly desperate to beat his rival Lionel Messi\'s goalscoring records in Spain.\r\n\r\nRonaldo has been promised by Real president Florentino Perez that everyone will help him top the Barcelona ace.',0,0,'2017-05-13 17:45:39','2017-05-14 07:07:35'),(53,12,8,0,'The La Liga star is reportedly desperate to beat his rival Lionel Messi\'s goalscoring records in Spain.\r\n\r\nRonaldo has been promised by Real president Florentino Perez that everyone will help him top the Barcelona ace.',0,0,'2017-05-13 17:45:40','2017-05-14 07:07:32'),(54,12,8,0,'The La Liga star is reportedly desperate to beat his rival Lionel Messi\'s goalscoring records in Spain.\r\n\r\nRonaldo has been promised by Real president Florentino Perez that everyone will help him top the Barcelona ace.',0,0,'2017-05-13 17:45:41','2017-05-14 07:07:29'),(55,12,8,0,'The La Liga star is reportedly desperate to beat his rival Lionel Messi\'s goalscoring records in Spain.\r\n\r\nRonaldo has been promised by Real president Florentino Perez that everyone will help him top the Barcelona ace.',0,0,'2017-05-13 17:45:43','2017-05-14 07:07:25'),(56,12,8,0,'The La Liga star is reportedly desperate to beat his rival Lionel Messi\'s goalscoring records in Spain.\r\n\r\nRonaldo has been promised by Real president Florentino Perez that everyone will help him top the Barcelona ace.',0,0,'2017-05-13 17:45:44','2017-05-14 07:07:23'),(57,12,6,0,'The La Liga star is reportedly desperate to beat his rival Lionel Messi\'s goalscoring records in Spain.\r\n\r\nRonaldo has been promised by Real president Florentino Perez that everyone will help him top the Barcelona ace.',0,0,'2017-05-13 17:45:45','2017-05-14 07:07:20'),(58,12,6,0,'The La Liga star is reportedly desperate to beat his rival Lionel Messi\'s goalscoring records in Spain.\r\n\r\nRonaldo has been promised by Real president Florentino Perez that everyone will help him top the Barcelona ace.',0,0,'2017-05-13 17:45:46','2017-05-14 07:07:18'),(59,12,7,0,'The La Liga star is reportedly desperate to beat his rival Lionel Messi\'s goalscoring records in Spain.\r\n\r\nRonaldo has been promised by Real president Florentino Perez that everyone will help him top the Barcelona ace.',0,0,'2017-05-13 17:45:48','2017-05-14 07:07:15'),(60,12,7,0,'The La Liga star is reportedly desperate to beat his rival Lionel Messi\'s goalscoring records in Spain.\r\n\r\nRonaldo has been promised by Real president Florentino Perez that everyone will help him top the Barcelona ace.',0,0,'2017-05-14 04:04:15','2017-05-14 07:07:10'),(61,12,7,0,'The La Liga star is reportedly desperate to beat his rival Lionel Messi\'s goalscoring records in Spain.\r\n\r\nRonaldo has been promised by Real president Florentino Perez that everyone will help him top the Barcelona ace.',0,0,'2017-05-14 04:04:22','2017-05-14 07:07:08'),(62,14,8,0,'The La Liga star is reportedly desperate to beat his rival Lionel Messi\'s goalscoring records in Spain.\r\n\r\nRonaldo has been promised by Real president Florentino Perez that everyone will help him top the Barcelona ace.',0,0,'2017-05-14 09:41:51','2017-05-14 09:41:51'),(63,14,8,0,'The La Liga star is reportedly desperate to beat his rival Lionel Messi\'s goalscoring records in Spain.\r\n\r\nRonaldo has been promised by Real president Florentino Perez that everyone will help him top the Barcelona ace.',0,0,'2017-05-14 09:43:37','2017-05-14 09:43:37'),(64,6,7,0,'hrdghdfvfff',0,0,'2017-05-20 04:28:39','2017-05-20 04:28:39'),(65,6,7,0,'hrdghdfvffffgvb',0,0,'2017-05-20 04:28:43','2017-05-20 04:28:43'),(66,6,9,0,'hello',0,0,'2017-05-20 11:26:41','2017-05-20 11:26:41'),(67,6,8,0,'This sdk df  fjke eew sls dpdps dsf sd e ef',0,0,'2017-05-20 11:33:59','2017-05-20 11:33:59'),(68,6,8,0,'This sdk df  fjke eew sls dpdps dsf sd e ef',0,0,'2017-05-20 11:47:08','2017-05-20 11:47:08'),(69,6,8,0,'This sdk df  fjke eew sls dpdps dsf sd e ef',0,0,'2017-05-20 11:47:56','2017-05-20 11:47:56'),(70,6,8,0,'This sdk df  fjke eew sls dpdps dsf sd e ef',0,0,'2017-05-20 11:48:24','2017-05-20 11:48:24'),(71,6,8,0,'This sdk sdfsdtest test df  fjke eew sls dpdps dsf sd e ef',0,0,'2017-05-20 11:54:53','2017-05-20 11:54:53'),(72,6,8,0,'This sdk sdfsdtest test df  fjke eew sls dpdps dsf sd e ef',0,0,'2017-05-20 11:55:27','2017-05-20 11:55:27'),(73,6,8,0,'This sdk sdfsdtest test df  fjke eew sls dpdps dsf sd e ef',0,0,'2017-05-20 11:58:10','2017-05-20 11:58:10'),(74,6,8,0,'This sdk sdfsdtest test df  fjke eew sls dpdps dsf sd e ef',0,0,'2017-05-20 11:58:18','2017-05-20 11:58:18'),(75,6,8,0,'This sdk sdfsdtest test df  fjke eew sls dpdps dsf sd e ef',0,0,'2017-05-20 11:58:53','2017-05-20 11:58:53'),(76,6,8,0,'fhdjrj',0,0,'2017-05-20 12:07:09','2017-05-20 12:07:09'),(77,6,6,0,'hello test',0,0,'2017-05-20 12:07:30','2017-05-20 12:07:30'),(78,6,8,0,'Thisd sdk sdfsdtest test df  fjke eew sls dpdps dsf sd e ef',0,0,'2017-05-20 12:12:05','2017-05-20 12:12:05'),(79,6,6,0,'uyi',0,0,'2017-05-20 12:12:23','2017-05-20 12:12:23'),(80,6,6,0,'ok',0,0,'2017-05-20 12:12:27','2017-05-20 12:12:27'),(81,6,6,0,'lol',0,0,'2017-05-20 12:12:33','2017-05-20 12:12:33'),(82,6,6,0,'thank you',0,0,'2017-05-20 12:12:41','2017-05-20 12:12:41'),(83,6,9,0,'kuku',0,0,'2017-05-21 05:15:13','2017-05-21 05:15:13'),(84,6,9,0,'pupu',0,0,'2017-05-21 05:15:20','2017-05-21 05:15:20'),(85,6,6,0,'ok',0,0,'2017-05-24 04:18:09','2017-05-24 04:18:09'),(86,6,8,0,'ko',0,0,'2017-05-31 03:19:53','2017-05-31 03:19:53'),(87,6,7,0,'ytf',0,0,'2017-06-01 13:12:01','2017-06-01 13:12:01'),(88,6,6,0,'test in postmates',0,0,'2017-06-01 13:14:00','2017-06-01 13:14:00'),(89,6,9,0,'gg',0,0,'2017-06-01 13:14:29','2017-06-01 13:14:29'),(90,6,8,0,'ygch',0,0,'2017-06-01 13:14:43','2017-06-01 13:14:43'),(91,6,6,0,'yui',0,0,'2017-06-01 13:21:51','2017-06-01 13:21:51'),(92,6,6,0,'pop',0,0,'2017-06-01 13:21:59','2017-06-01 13:21:59'),(93,6,6,0,'pop',0,0,'2017-06-01 13:27:18','2017-06-01 13:27:18'),(94,6,8,0,'ugg',0,0,'2017-06-01 14:04:56','2017-06-01 14:04:56'),(95,6,11,0,'hello',0,0,'2017-06-01 14:08:43','2017-06-01 14:08:43'),(96,1005,18,0,'widze tylko czarny ekran. slysze glosy ale nie widze widea. we wczesniejszej wersji widzialem',0,0,'2017-06-03 11:56:53','2017-06-03 11:56:53'),(97,1006,20,0,'chuju',0,0,'2017-06-03 16:03:36','2017-06-03 16:03:36'),(98,1002,27,0,'vdgvfgb',0,0,'2017-06-04 13:06:46','2017-06-04 13:06:46'),(99,1002,28,0,'gsghf',0,0,'2017-06-04 13:08:41','2017-06-04 13:08:41'),(100,1002,25,0,'vhdbj',0,0,'2017-06-04 13:08:48','2017-06-04 13:08:48'),(101,1003,28,0,'ggsgb',0,0,'2017-06-04 13:57:41','2017-06-04 13:57:41'),(102,1006,30,0,'siemanko',0,0,'2017-06-06 18:47:30','2017-06-06 18:47:30'),(103,1006,30,0,'jak sie masz?',0,0,'2017-06-06 18:48:04','2017-06-06 18:48:04'),(104,1003,33,0,'fdhbd',0,0,'2017-06-06 18:53:41','2017-06-06 18:53:41'),(105,1003,29,0,'gdhvd',0,0,'2017-06-06 18:53:48','2017-06-06 18:53:48'),(106,1003,34,0,'fhfdh',0,0,'2017-06-06 18:53:57','2017-06-06 18:53:57'),(107,1003,30,0,'vjfs',0,0,'2017-06-06 18:54:06','2017-06-06 18:54:06'),(108,1006,32,0,'a masz',0,0,'2017-06-06 18:54:36','2017-06-06 18:54:36'),(109,1002,35,0,'ggh',0,0,'2017-06-08 17:42:03','2017-06-08 17:42:03'),(110,1006,22,0,'fajne',0,0,'2017-06-15 10:59:22','2017-06-15 10:59:22'),(111,1011,36,0,'gjfbfhj',0,0,'2017-07-06 17:00:00','2017-07-06 17:00:00'),(112,1012,37,0,'hi',0,0,'2017-07-26 12:38:51','2017-07-26 12:38:51'),(113,1012,37,0,'ghjkk',0,0,'2017-07-26 12:38:56','2017-07-26 12:38:56'),(114,1012,44,0,'gh',0,0,'2017-08-01 09:17:17','2017-08-01 09:17:17'),(115,1012,44,0,'cbcn',0,0,'2017-08-01 09:17:20','2017-08-01 09:17:20'),(116,1004,47,0,'ggb',0,0,'2017-08-05 11:30:51','2017-08-05 11:30:51'),(117,1004,52,0,'ghgb',0,0,'2017-08-05 13:32:20','2017-08-05 13:32:20'),(118,1007,53,0,'chjf',0,0,'2017-08-05 13:57:51','2017-08-05 13:57:51'),(119,1004,54,0,'fjvxj',0,0,'2017-08-10 07:21:25','2017-08-10 07:21:25'),(120,1024,53,0,'OK',0,0,'2017-08-10 09:28:29','2017-08-10 09:28:29'),(121,1025,55,0,'vjdv',0,0,'2017-08-13 13:46:20','2017-08-13 13:46:20'),(122,1025,41,0,'ghdvv',0,0,'2017-08-13 13:58:04','2017-08-13 13:58:04');
/*!40000 ALTER TABLE `comments` ENABLE KEYS */;
UNLOCK TABLES;

--
-- Table structure for table `countries`
--

DROP TABLE IF EXISTS `countries`;
/*!40101 SET @saved_cs_client     = @@character_set_client */;
/*!40101 SET character_set_client = utf8 */;
CREATE TABLE `countries` (
  `country_id` int(10) unsigned NOT NULL,
  `country_name` varchar(50) NOT NULL,
  `phone_code` varchar(5) NOT NULL
) ENGINE=MyISAM DEFAULT CHARSET=latin1;
/*!40101 SET character_set_client = @saved_cs_client */;

--
-- Dumping data for table `countries`
--

LOCK TABLES `countries` WRITE;
/*!40000 ALTER TABLE `countries` DISABLE KEYS */;
INSERT INTO `countries` VALUES (1,'Malaysia','+60'),(2,'Singapore','+65'),(3,'Philippines','+63'),(4,'Vietnam','+84');
/*!40000 ALTER TABLE `countries` ENABLE KEYS */;
UNLOCK TABLES;


--
-- Table structure for table `dribblers`
--

DROP TABLE IF EXISTS `dribblers`;
/*!40101 SET @saved_cs_client     = @@character_set_client */;
/*!40101 SET character_set_client = utf8 */;
CREATE TABLE `dribblers` (
  `dribbler_id` bigint(20) unsigned NOT NULL AUTO_INCREMENT,
  `user_id` bigint(20) unsigned NOT NULL,
  `trick_id` bigint(20) unsigned NOT NULL,
  `try_on` bigint(20) unsigned NOT NULL,
  `created_at` timestamp NOT NULL DEFAULT CURRENT_TIMESTAMP,
  `updated_at` timestamp NOT NULL DEFAULT CURRENT_TIMESTAMP ON UPDATE CURRENT_TIMESTAMP,
  PRIMARY KEY (`dribbler_id`),
  KEY `user_id` (`user_id`),
  KEY `trick_id` (`trick_id`)
) ENGINE=MyISAM AUTO_INCREMENT=271 DEFAULT CHARSET=latin1;
/*!40101 SET character_set_client = @saved_cs_client */;

--
-- Dumping data for table `dribblers`
--

LOCK TABLES `dribblers` WRITE;
/*!40000 ALTER TABLE `dribblers` DISABLE KEYS */;
INSERT INTO `dribblers` VALUES (1,6,1,1,'2017-04-28 05:01:47','2017-04-28 05:01:47'),(2,6,1,5,'2017-04-28 06:48:30','2017-05-03 08:02:51'),(3,6,1,8,'2017-05-02 21:34:23','2017-05-03 08:02:48'),(4,6,1,5,'2017-05-02 21:36:16','2017-05-02 21:36:16'),(5,20,1,1,'2017-05-03 07:55:40','2017-05-03 07:55:40'),(6,19,1,5,'2017-05-03 07:55:40','2017-05-03 07:55:40'),(7,18,1,5,'2017-05-03 07:56:48','2017-05-03 07:56:48'),(8,17,1,8,'2017-05-03 07:56:48','2017-05-03 07:56:48'),(9,16,1,8,'2017-05-03 07:56:48','2017-05-03 07:56:48'),(10,15,1,7,'2017-05-03 07:56:48','2017-05-03 07:56:48'),(11,14,1,8,'2017-05-03 07:56:48','2017-05-03 07:56:48'),(12,13,1,9,'2017-05-03 07:56:48','2017-05-03 07:56:48'),(13,12,1,8,'2017-05-03 07:56:48','2017-05-03 07:56:48'),(14,11,1,7,'2017-05-03 07:56:48','2017-05-03 07:56:48'),(15,10,1,10,'2017-05-03 07:56:48','2017-05-03 07:56:48'),(16,6,1,5,'2017-05-04 00:18:56','2017-05-04 00:18:56'),(17,6,1,5,'2017-05-04 00:23:18','2017-05-04 00:23:18'),(18,4,1,8,'2017-05-04 00:24:51','2017-05-04 00:24:51'),(19,6,1,8,'2017-05-04 07:38:12','2017-05-04 07:38:12'),(20,6,1,10,'2017-05-04 07:40:39','2017-05-04 07:40:39'),(21,6,1,9,'2017-05-04 07:42:55','2017-05-04 07:42:55'),(22,6,2,7,'2017-05-04 07:44:10','2017-05-11 11:28:29'),(23,1000,2,5,'2017-05-05 06:10:27','2017-05-11 11:28:07'),(24,6,1,3,'2017-05-13 04:28:11','2017-05-13 04:28:11'),(25,6,1,3,'2017-05-13 05:12:22','2017-05-13 05:12:22'),(26,6,1,10,'2017-05-19 18:09:13','2017-05-19 18:09:13'),(27,6,3,6,'2017-05-19 18:10:16','2017-05-19 18:10:16'),(28,1003,1,9,'2017-06-03 10:18:28','2017-06-03 10:18:28'),(29,1003,1,3,'2017-06-03 10:18:37','2017-06-03 10:18:37'),(30,1003,1,4,'2017-06-03 10:18:41','2017-06-03 10:18:41'),(31,1003,1,4,'2017-06-03 10:18:45','2017-06-03 10:18:45'),(32,1003,1,7,'2017-06-03 10:21:50','2017-06-03 10:21:50'),(33,1003,2,4,'2017-06-03 10:22:46','2017-06-03 10:22:46'),(34,1003,1,3,'2017-06-03 10:45:17','2017-06-03 10:45:17'),(35,1003,1,10,'2017-06-03 10:51:48','2017-06-03 10:51:48'),(36,1003,1,10,'2017-06-03 10:51:52','2017-06-03 10:51:52'),(37,1003,1,10,'2017-06-03 10:51:55','2017-06-03 10:51:55'),(38,1003,1,10,'2017-06-03 10:51:59','2017-06-03 10:51:59'),(39,1005,1,7,'2017-06-03 11:17:23','2017-06-03 11:17:23'),(40,1005,1,3,'2017-06-03 11:17:30','2017-06-03 11:17:30'),(41,1005,2,5,'2017-06-03 11:57:58','2017-06-03 11:57:58'),(42,1005,1,7,'2017-06-03 11:58:39','2017-06-03 11:58:39'),(43,1005,1,10,'2017-06-03 12:02:07','2017-06-03 12:02:07'),(44,1006,1,6,'2017-06-03 16:01:41','2017-06-03 16:01:41'),(45,1006,1,7,'2017-06-03 16:01:49','2017-06-03 16:01:49'),(46,1006,1,9,'2017-06-03 16:01:58','2017-06-03 16:01:58'),(47,1006,1,7,'2017-06-03 16:02:38','2017-06-03 16:02:38'),(48,1002,1,3,'2017-06-04 12:01:18','2017-06-04 12:01:18'),(49,1002,9,1,'2017-06-04 13:01:33','2017-06-04 13:01:33'),(50,1002,9,5,'2017-06-04 13:01:37','2017-06-04 13:01:37'),(51,1002,9,10,'2017-06-04 13:01:41','2017-06-04 13:01:41'),(52,1002,9,2,'2017-06-04 13:03:05','2017-06-04 13:03:05'),(53,1002,9,8,'2017-06-04 13:05:52','2017-06-04 13:05:52'),(54,1002,1,3,'2017-06-04 13:08:21','2017-06-04 13:08:21'),(55,1002,10,10,'2017-06-04 13:34:32','2017-06-04 13:34:32'),(56,1002,10,10,'2017-06-04 13:34:37','2017-06-04 13:34:37'),(57,1002,10,10,'2017-06-04 13:34:42','2017-06-04 13:34:42'),(58,1002,10,10,'2017-06-04 13:34:46','2017-06-04 13:34:46'),(59,1002,10,10,'2017-06-04 13:34:50','2017-06-04 13:34:50'),(60,1002,10,10,'2017-06-04 13:34:53','2017-06-04 13:34:53'),(61,1002,10,10,'2017-06-04 13:34:57','2017-06-04 13:34:57'),(62,1002,10,10,'2017-06-04 13:35:01','2017-06-04 13:35:01'),(63,1002,10,10,'2017-06-04 13:35:15','2017-06-04 13:35:15'),(64,1002,10,10,'2017-06-04 13:35:18','2017-06-04 13:35:18'),(65,1002,10,10,'2017-06-04 13:35:34','2017-06-04 13:35:34'),(66,6,2,10,'2017-06-06 18:30:37','2017-06-06 18:30:37'),(67,1006,8,8,'2017-06-06 18:46:01','2017-06-06 18:46:01'),(68,1003,8,9,'2017-06-06 18:46:53','2017-06-06 18:46:53'),(69,1003,8,3,'2017-06-06 18:48:24','2017-06-06 18:48:24'),(70,1003,8,3,'2017-06-06 18:49:31','2017-06-06 18:49:31'),(71,1006,8,4,'2017-06-06 18:49:55','2017-06-06 18:49:55'),(72,1006,8,3,'2017-06-06 18:49:58','2017-06-06 18:49:58'),(73,1002,8,3,'2017-06-06 19:09:37','2017-06-06 19:09:37'),(74,1006,1,10,'2017-06-06 19:12:17','2017-06-06 19:12:17'),(75,1006,9,10,'2017-06-06 19:12:41','2017-06-06 19:12:41'),(76,1006,1,10,'2017-06-06 19:13:05','2017-06-06 19:13:05'),(77,1006,1,10,'2017-06-06 19:13:10','2017-06-06 19:13:10'),(78,1006,1,10,'2017-06-06 19:13:14','2017-06-06 19:13:14'),(79,1006,1,10,'2017-06-06 19:13:18','2017-06-06 19:13:18'),(80,1006,1,6,'2017-06-08 10:27:10','2017-06-08 10:27:10'),(81,1002,2,5,'2017-06-08 17:40:02','2017-06-08 17:40:02'),(82,1006,3,9,'2017-06-15 10:54:09','2017-06-15 10:54:09'),(83,1006,3,3,'2017-06-15 10:54:17','2017-06-15 10:54:17'),(84,1006,1,7,'2017-06-27 14:53:12','2017-06-27 14:53:12'),(85,1011,1,9,'2017-07-06 16:58:45','2017-07-06 16:58:45'),(86,1011,3,10,'2017-07-06 17:00:56','2017-07-06 17:00:56'),(87,1011,3,10,'2017-07-06 17:01:01','2017-07-06 17:01:01'),(88,1011,1,7,'2017-07-06 17:01:53','2017-07-06 17:01:53'),(89,1011,3,8,'2017-07-06 17:01:59','2017-07-06 17:01:59'),(90,1011,5,7,'2017-07-06 17:02:04','2017-07-06 17:02:04'),(91,1011,7,7,'2017-07-06 17:02:14','2017-07-06 17:02:14'),(92,1011,9,10,'2017-07-06 17:02:20','2017-07-06 17:02:20'),(93,1011,2,8,'2017-07-06 17:02:53','2017-07-06 17:02:53'),(94,1012,1,3,'2017-07-26 12:31:47','2017-07-26 12:31:47'),(95,1012,2,1,'2017-07-31 16:15:41','2017-07-31 16:15:41'),(96,1012,2,2,'2017-07-31 16:16:00','2017-07-31 16:16:00'),(97,1012,2,3,'2017-07-31 16:16:56','2017-07-31 16:16:56'),(98,1012,3,3,'2017-07-31 17:04:31','2017-07-31 17:04:31'),(99,1012,3,3,'2017-08-01 08:34:25','2017-08-01 08:34:25'),(100,1012,2,3,'2017-08-01 08:50:11','2017-08-01 08:50:11'),(101,1012,1,3,'2017-08-01 08:59:04','2017-08-01 08:59:04'),(102,1012,1,3,'2017-08-01 09:00:04','2017-08-01 09:00:04'),(103,1011,8,7,'2017-08-01 18:25:49','2017-08-01 18:25:49'),(104,1011,1,7,'2017-08-02 14:46:03','2017-08-02 14:46:03'),(105,1011,1,10,'2017-08-02 14:46:07','2017-08-02 14:46:07'),(106,1011,2,8,'2017-08-02 14:46:11','2017-08-02 14:46:11'),(107,1011,4,10,'2017-08-02 14:46:17','2017-08-02 14:46:17'),(108,1011,8,8,'2017-08-02 14:46:21','2017-08-02 14:46:21'),(109,1011,8,8,'2017-08-02 14:46:23','2017-08-02 14:46:23'),(110,1011,8,8,'2017-08-02 14:46:26','2017-08-02 14:46:26'),(111,1011,8,10,'2017-08-02 14:46:30','2017-08-02 14:46:30'),(112,1011,8,10,'2017-08-02 14:46:32','2017-08-02 14:46:32'),(113,1009,8,9,'2017-08-05 11:18:28','2017-08-05 11:18:28'),(114,1009,8,3,'2017-08-05 11:18:57','2017-08-05 11:18:57'),(115,1004,5,4,'2017-08-05 11:24:53','2017-08-05 11:24:53'),(116,1004,5,8,'2017-08-05 11:24:56','2017-08-05 11:24:56'),(117,1004,5,7,'2017-08-05 11:24:58','2017-08-05 11:24:58'),(118,1004,5,7,'2017-08-05 11:25:01','2017-08-05 11:25:01'),(119,1004,5,3,'2017-08-05 11:25:14','2017-08-05 11:25:14'),(120,1004,5,8,'2017-08-05 11:25:31','2017-08-05 11:25:31'),(121,1004,5,3,'2017-08-05 11:25:45','2017-08-05 11:25:45'),(122,1004,1,3,'2017-08-05 11:26:18','2017-08-05 11:26:18'),(123,1004,1,3,'2017-08-05 11:26:19','2017-08-05 11:26:19'),(124,1004,1,8,'2017-08-05 11:26:22','2017-08-05 11:26:22'),(125,1004,1,9,'2017-08-05 11:26:25','2017-08-05 11:26:25'),(126,1004,1,9,'2017-08-05 11:26:27','2017-08-05 11:26:27'),(127,1004,1,9,'2017-08-05 11:26:29','2017-08-05 11:26:29'),(128,1004,1,8,'2017-08-05 11:26:36','2017-08-05 11:26:36'),(129,1004,1,9,'2017-08-05 11:26:37','2017-08-05 11:26:37'),(130,1004,2,3,'2017-08-05 11:26:41','2017-08-05 11:26:41'),(131,1004,2,3,'2017-08-05 11:26:43','2017-08-05 11:26:43'),(132,1004,2,3,'2017-08-05 11:26:44','2017-08-05 11:26:44'),(133,1004,2,3,'2017-08-05 11:26:45','2017-08-05 11:26:45'),(134,1004,2,8,'2017-08-05 11:26:46','2017-08-05 11:26:46'),(135,1004,2,8,'2017-08-05 11:26:48','2017-08-05 11:26:48'),(136,1004,2,8,'2017-08-05 11:26:50','2017-08-05 11:26:50'),(137,1004,2,8,'2017-08-05 11:26:52','2017-08-05 11:26:52'),(138,1004,2,7,'2017-08-05 11:26:53','2017-08-05 11:26:53'),(139,1004,2,3,'2017-08-05 11:26:54','2017-08-05 11:26:54'),(140,1004,2,8,'2017-08-05 11:26:56','2017-08-05 11:26:56'),(141,1004,8,3,'2017-08-05 11:27:17','2017-08-05 11:27:17'),(142,1004,8,3,'2017-08-05 11:27:17','2017-08-05 11:27:17'),(143,1004,8,3,'2017-08-05 11:27:18','2017-08-05 11:27:18'),(144,1004,8,3,'2017-08-05 11:27:19','2017-08-05 11:27:19'),(145,1004,8,3,'2017-08-05 11:27:20','2017-08-05 11:27:20'),(146,1004,8,3,'2017-08-05 11:27:21','2017-08-05 11:27:21'),(147,1004,8,8,'2017-08-05 11:27:23','2017-08-05 11:27:23'),(148,1004,8,9,'2017-08-05 11:27:24','2017-08-05 11:27:24'),(149,1004,8,8,'2017-08-05 11:27:26','2017-08-05 11:27:26'),(150,1004,8,8,'2017-08-05 11:27:27','2017-08-05 11:27:27'),(151,1004,8,8,'2017-08-05 11:27:29','2017-08-05 11:27:29'),(152,1004,10,3,'2017-08-05 11:27:36','2017-08-05 11:27:36'),(153,1004,10,3,'2017-08-05 11:27:37','2017-08-05 11:27:37'),(154,1004,10,3,'2017-08-05 11:27:38','2017-08-05 11:27:38'),(155,1004,10,3,'2017-08-05 11:27:38','2017-08-05 11:27:38'),(156,1004,10,3,'2017-08-05 11:27:39','2017-08-05 11:27:39'),(157,1004,10,9,'2017-08-05 11:27:41','2017-08-05 11:27:41'),(158,1004,10,9,'2017-08-05 11:27:42','2017-08-05 11:27:42'),(159,1004,10,8,'2017-08-05 11:27:44','2017-08-05 11:27:44'),(160,1004,10,8,'2017-08-05 11:27:46','2017-08-05 11:27:46'),(161,1004,10,9,'2017-08-05 11:27:48','2017-08-05 11:27:48'),(162,1004,10,9,'2017-08-05 11:27:49','2017-08-05 11:27:49'),(163,1004,10,8,'2017-08-05 11:27:51','2017-08-05 11:27:51'),(164,1004,8,3,'2017-08-05 11:28:12','2017-08-05 11:28:12'),(165,1004,8,3,'2017-08-05 11:28:13','2017-08-05 11:28:13'),(166,1004,8,3,'2017-08-05 11:28:14','2017-08-05 11:28:14'),(167,1004,8,3,'2017-08-05 11:28:14','2017-08-05 11:28:14'),(168,1004,8,3,'2017-08-05 11:28:15','2017-08-05 11:28:15'),(169,1004,8,3,'2017-08-05 11:28:16','2017-08-05 11:28:16'),(170,1004,8,3,'2017-08-05 11:28:16','2017-08-05 11:28:16'),(171,1004,1,3,'2017-08-05 11:28:26','2017-08-05 11:28:26'),(172,1004,1,3,'2017-08-05 11:28:27','2017-08-05 11:28:27'),(173,1004,1,3,'2017-08-05 11:28:27','2017-08-05 11:28:27'),(174,1004,1,3,'2017-08-05 11:28:28','2017-08-05 11:28:28'),(175,1004,9,3,'2017-08-05 11:28:37','2017-08-05 11:28:37'),(176,1004,9,8,'2017-08-05 11:28:39','2017-08-05 11:28:39'),(177,1004,9,7,'2017-08-05 11:28:40','2017-08-05 11:28:40'),(178,1004,9,7,'2017-08-05 11:28:42','2017-08-05 11:28:42'),(179,1004,9,7,'2017-08-05 11:28:44','2017-08-05 11:28:44'),(180,1004,9,7,'2017-08-05 11:28:46','2017-08-05 11:28:46'),(181,1004,9,7,'2017-08-05 11:28:47','2017-08-05 11:28:47'),(182,1004,9,7,'2017-08-05 11:28:48','2017-08-05 11:28:48'),(183,1004,9,7,'2017-08-05 11:28:50','2017-08-05 11:28:50'),(184,1004,9,7,'2017-08-05 11:28:51','2017-08-05 11:28:51'),(185,1004,9,7,'2017-08-05 11:28:52','2017-08-05 11:28:52'),(186,1004,9,6,'2017-08-05 11:28:54','2017-08-05 11:28:54'),(187,1004,9,7,'2017-08-05 11:28:55','2017-08-05 11:28:55'),(188,1004,9,7,'2017-08-05 11:28:57','2017-08-05 11:28:57'),(189,1004,9,7,'2017-08-05 11:28:58','2017-08-05 11:28:58'),(190,1004,8,7,'2017-08-05 11:29:04','2017-08-05 11:29:04'),(191,1004,8,7,'2017-08-05 11:29:06','2017-08-05 11:29:06'),(192,1004,8,7,'2017-08-05 11:29:07','2017-08-05 11:29:07'),(193,1004,8,7,'2017-08-05 11:29:08','2017-08-05 11:29:08'),(194,1004,8,7,'2017-08-05 11:29:10','2017-08-05 11:29:10'),(195,1004,8,8,'2017-08-05 11:29:11','2017-08-05 11:29:11'),(196,1004,8,7,'2017-08-05 11:29:12','2017-08-05 11:29:12'),(197,1004,8,8,'2017-08-05 11:29:13','2017-08-05 11:29:13'),(198,1004,8,6,'2017-08-05 11:29:15','2017-08-05 11:29:15'),(199,1004,8,7,'2017-08-05 11:29:17','2017-08-05 11:29:17'),(200,1004,8,7,'2017-08-05 11:29:19','2017-08-05 11:29:19'),(201,1004,8,8,'2017-08-05 11:29:20','2017-08-05 11:29:20'),(202,1004,8,7,'2017-08-05 11:29:21','2017-08-05 11:29:21'),(203,1004,8,7,'2017-08-05 11:29:23','2017-08-05 11:29:23'),(204,1004,8,8,'2017-08-05 11:29:24','2017-08-05 11:29:24'),(205,1004,7,7,'2017-08-05 11:29:32','2017-08-05 11:29:32'),(206,1004,7,7,'2017-08-05 11:29:34','2017-08-05 11:29:34'),(207,1004,7,7,'2017-08-05 11:29:36','2017-08-05 11:29:36'),(208,1004,7,7,'2017-08-05 11:29:38','2017-08-05 11:29:38'),(209,1004,7,9,'2017-08-05 11:29:39','2017-08-05 11:29:39'),(210,1004,7,7,'2017-08-05 11:29:41','2017-08-05 11:29:41'),(211,1004,7,8,'2017-08-05 11:29:42','2017-08-05 11:29:42'),(212,1004,7,7,'2017-08-05 11:29:43','2017-08-05 11:29:43'),(213,1004,7,7,'2017-08-05 11:29:45','2017-08-05 11:29:45'),(214,1004,7,7,'2017-08-05 11:29:46','2017-08-05 11:29:46'),(215,1004,7,7,'2017-08-05 11:29:47','2017-08-05 11:29:47'),(216,1004,7,5,'2017-08-05 11:29:49','2017-08-05 11:29:49'),(217,1004,7,7,'2017-08-05 11:29:50','2017-08-05 11:29:50'),(218,1004,7,8,'2017-08-05 11:29:52','2017-08-05 11:29:52'),(219,1004,3,3,'2017-08-05 11:47:27','2017-08-05 11:47:27'),(220,1004,3,3,'2017-08-05 11:47:29','2017-08-05 11:47:29'),(221,1004,3,3,'2017-08-05 11:47:29','2017-08-05 11:47:29'),(222,1004,3,8,'2017-08-05 11:47:31','2017-08-05 11:47:31'),(223,1004,3,9,'2017-08-05 11:47:33','2017-08-05 11:47:33'),(224,1004,3,9,'2017-08-05 11:47:34','2017-08-05 11:47:34'),(225,1004,3,8,'2017-08-05 11:47:36','2017-08-05 11:47:36'),(226,1004,3,8,'2017-08-05 11:47:37','2017-08-05 11:47:37'),(227,1004,3,9,'2017-08-05 11:47:39','2017-08-05 11:47:39'),(228,1004,3,9,'2017-08-05 11:47:40','2017-08-05 11:47:40'),(229,1004,3,9,'2017-08-05 11:47:41','2017-08-05 11:47:41'),(230,1004,3,9,'2017-08-05 11:47:43','2017-08-05 11:47:43'),(231,1004,3,9,'2017-08-05 11:47:44','2017-08-05 11:47:44'),(232,1004,3,9,'2017-08-05 11:47:45','2017-08-05 11:47:45'),(233,1004,3,9,'2017-08-05 11:47:47','2017-08-05 11:47:47'),(234,1004,3,9,'2017-08-05 11:47:48','2017-08-05 11:47:48'),(235,1004,3,9,'2017-08-05 11:47:50','2017-08-05 11:47:50'),(236,1004,3,8,'2017-08-05 11:47:51','2017-08-05 11:47:51'),(237,1004,1,10,'2017-08-05 11:49:53','2017-08-05 11:49:53'),(238,1014,1,10,'2017-08-05 11:58:54','2017-08-05 11:58:54'),(239,1014,1,10,'2017-08-05 11:58:57','2017-08-05 11:58:57'),(240,1014,1,10,'2017-08-05 11:58:59','2017-08-05 11:58:59'),(241,1014,1,10,'2017-08-05 11:59:02','2017-08-05 11:59:02'),(242,1004,1,10,'2017-08-05 12:21:01','2017-08-05 12:21:01'),(243,1004,1,10,'2017-08-05 12:21:04','2017-08-05 12:21:04'),(244,1004,1,10,'2017-08-05 12:21:06','2017-08-05 12:21:06'),(245,1004,1,9,'2017-08-05 12:21:08','2017-08-05 12:21:08'),(246,1004,1,9,'2017-08-05 12:21:11','2017-08-05 12:21:11'),(247,1004,1,9,'2017-08-05 12:21:13','2017-08-05 12:21:13'),(248,1004,1,9,'2017-08-05 12:21:16','2017-08-05 12:21:16'),(249,1004,1,10,'2017-08-05 12:21:18','2017-08-05 12:21:18'),(250,1004,1,8,'2017-08-05 12:21:20','2017-08-05 12:21:20'),(251,1004,1,9,'2017-08-05 12:21:22','2017-08-05 12:21:22'),(252,1004,1,10,'2017-08-05 12:34:55','2017-08-05 12:34:55'),(253,1004,1,10,'2017-08-05 13:05:33','2017-08-05 13:05:33'),(254,1004,1,10,'2017-08-05 13:05:37','2017-08-05 13:05:37'),(255,1004,1,10,'2017-08-05 13:05:39','2017-08-05 13:05:39'),(256,1004,1,10,'2017-08-05 13:05:42','2017-08-05 13:05:42'),(257,1004,1,10,'2017-08-05 13:05:44','2017-08-05 13:05:44'),(258,1004,1,10,'2017-08-05 13:05:47','2017-08-05 13:05:47'),(259,1004,1,10,'2017-08-05 13:05:49','2017-08-05 13:05:49'),(260,1004,1,10,'2017-08-05 13:05:51','2017-08-05 13:05:51'),(261,1004,1,10,'2017-08-05 13:05:53','2017-08-05 13:05:53'),(262,1004,1,10,'2017-08-05 13:05:55','2017-08-05 13:05:55'),(263,1004,1,10,'2017-08-05 13:05:57','2017-08-05 13:05:57'),(264,1004,1,10,'2017-08-05 13:06:00','2017-08-05 13:06:00'),(265,1007,1,7,'2017-08-05 13:56:55','2017-08-05 13:56:55'),(266,1007,1,7,'2017-08-05 13:57:15','2017-08-05 13:57:15'),(267,1007,1,2,'2017-08-05 13:57:30','2017-08-05 13:57:30'),(268,1012,1,7,'2017-08-06 07:11:04','2017-08-06 07:11:04'),(269,1024,1,3,'2017-08-10 09:26:11','2017-08-10 09:26:11'),(270,1025,1,9,'2017-08-13 13:46:07','2017-08-13 13:46:07');
/*!40000 ALTER TABLE `dribblers` ENABLE KEYS */;
UNLOCK TABLES;


--
-- Table structure for table `follows`
--

DROP TABLE IF EXISTS `follows`;
/*!40101 SET @saved_cs_client     = @@character_set_client */;
/*!40101 SET character_set_client = utf8 */;
CREATE TABLE `follows` (
  `follow_id` bigint(20) unsigned NOT NULL AUTO_INCREMENT,
  `user_id` bigint(20) unsigned NOT NULL,
  `follower_id` bigint(20) unsigned NOT NULL,
  `follow_status` tinyint(1) NOT NULL,
  `created_at` timestamp NOT NULL DEFAULT CURRENT_TIMESTAMP,
  `updated_at` timestamp NOT NULL DEFAULT CURRENT_TIMESTAMP ON UPDATE CURRENT_TIMESTAMP,
  PRIMARY KEY (`follow_id`),
  KEY `userIDIndex` (`user_id`)
) ENGINE=MyISAM AUTO_INCREMENT=43 DEFAULT CHARSET=latin1;
/*!40101 SET character_set_client = @saved_cs_client */;

--
-- Dumping data for table `follows`
--

LOCK TABLES `follows` WRITE;
/*!40000 ALTER TABLE `follows` DISABLE KEYS */;
INSERT INTO `follows` VALUES (1,6,12,0,'2017-05-21 04:21:14','2017-06-01 14:53:53'),(2,6,13,0,'2017-05-31 12:25:51','2017-06-01 14:53:55'),(3,6,14,0,'2017-05-31 12:25:56','2017-06-01 14:53:55'),(4,6,11,0,'2017-05-31 12:55:36','2017-06-06 18:29:04'),(5,6,16,0,'2017-05-31 12:55:45','2017-06-01 14:53:56'),(6,6,17,0,'2017-05-31 12:56:12','2017-06-01 14:53:57'),(7,6,18,0,'2017-05-31 12:57:08','2017-06-01 14:53:58'),(8,6,19,0,'2017-05-31 13:03:45','2017-06-01 11:53:50'),(9,6,10,0,'2017-06-01 10:33:51','2017-06-01 14:54:00'),(10,6,4,0,'2017-06-01 10:44:08','2017-06-01 14:54:01'),(11,6,15,0,'2017-06-01 10:58:44','2017-06-01 14:54:02'),(12,6,1000,0,'2017-06-01 11:34:52','2017-06-01 11:41:05'),(13,6,20,0,'2017-06-01 14:52:19','2017-06-01 14:54:03'),(14,1003,10,0,'2017-06-03 10:16:31','2017-06-03 10:25:27'),(15,1003,14,1,'2017-06-03 10:19:07','2017-06-03 10:19:07'),(16,1003,6,1,'2017-06-03 10:19:13','2017-06-03 10:19:13'),(17,1005,1000,1,'2017-06-03 11:53:47','2017-06-03 11:53:47'),(18,1006,1003,1,'2017-06-03 16:04:15','2017-06-15 10:56:00'),(19,1002,1003,1,'2017-06-04 13:47:22','2017-06-04 13:47:22'),(20,1002,1005,1,'2017-06-04 13:47:34','2017-06-04 13:47:34'),(21,1002,1006,1,'2017-06-04 13:47:39','2017-06-06 19:10:01'),(22,1003,1002,1,'2017-06-04 13:57:26','2017-06-04 13:57:26'),(23,6,1005,0,'2017-06-06 18:28:18','2017-06-06 18:29:05'),(24,6,1002,0,'2017-06-06 18:28:31','2017-06-06 18:29:08'),(25,6,1003,0,'2017-06-06 18:28:52','2017-06-06 18:29:10'),(26,1003,1006,1,'2017-06-06 19:01:16','2017-06-06 19:01:16'),(27,1006,20,0,'2017-06-27 14:54:13','2017-06-27 14:54:15'),(28,1012,6,1,'2017-07-31 16:46:53','2017-07-31 16:46:57'),(29,1012,1011,1,'2017-07-31 17:31:08','2017-07-31 17:31:10'),(30,1013,1012,1,'2017-08-02 15:40:05','2017-08-02 15:40:05'),(31,1004,1003,1,'2017-08-05 11:51:16','2017-08-05 11:51:16'),(32,1004,1011,1,'2017-08-05 11:51:18','2017-08-05 11:51:18'),(33,1004,13,1,'2017-08-05 11:51:21','2017-08-05 11:51:21'),(34,1004,17,1,'2017-08-05 11:51:24','2017-08-05 11:51:24'),(35,1004,1005,1,'2017-08-05 11:51:29','2017-08-05 11:51:29'),(36,1004,4,1,'2017-08-05 11:51:33','2017-08-05 11:51:33'),(37,1014,1003,1,'2017-08-05 12:16:04','2017-08-05 12:16:04'),(38,1014,1011,1,'2017-08-05 12:16:09','2017-08-05 12:16:09'),(39,1014,1004,1,'2017-08-05 12:16:17','2017-08-05 12:16:22'),(40,1007,1014,1,'2017-08-05 13:59:52','2017-08-05 13:59:52'),(41,1025,1011,1,'2017-08-13 14:01:40','2017-08-13 14:01:40'),(42,1004,1025,1,'2017-08-13 14:08:23','2017-08-13 14:08:23');
/*!40000 ALTER TABLE `follows` ENABLE KEYS */;
UNLOCK TABLES;


--
-- Table structure for table `tags`
--

DROP TABLE IF EXISTS `tags`;
/*!40101 SET @saved_cs_client     = @@character_set_client */;
/*!40101 SET character_set_client = utf8 */;
CREATE TABLE `tags` (
  `tag_id` bigint(20) unsigned NOT NULL AUTO_INCREMENT,
  `tag_name` varchar(50) NOT NULL,
  `created_at` timestamp NOT NULL DEFAULT CURRENT_TIMESTAMP,
  `updated_at` timestamp NOT NULL DEFAULT CURRENT_TIMESTAMP ON UPDATE CURRENT_TIMESTAMP,
  PRIMARY KEY (`tag_id`)
) ENGINE=MyISAM AUTO_INCREMENT=24 DEFAULT CHARSET=latin1;
/*!40101 SET character_set_client = @saved_cs_client */;

--
-- Dumping data for table `tags`
--

LOCK TABLES `tags` WRITE;
/*!40000 ALTER TABLE `tags` DISABLE KEYS */;
INSERT INTO `tags` VALUES (1,'head','2017-04-23 15:44:03','2017-04-23 15:44:03'),(2,'dribble','2017-04-23 15:44:03','2017-04-23 15:44:03'),(3,'shoot','2017-04-23 15:44:29','2017-04-23 15:44:29'),(4,'free-kick','2017-04-30 04:16:06','2017-05-11 05:58:22'),(5,'curved-kick','2017-04-30 04:17:52','2017-05-11 05:58:30'),(8,'right-shoot','2017-05-11 05:54:01','2017-05-11 05:54:01'),(9,'left-shoot','2017-05-11 05:54:17','2017-05-11 05:54:17'),(10,'defense','2017-05-11 05:55:25','2017-05-11 05:55:25'),(11,'position','2017-05-11 05:55:56','2017-05-11 05:55:56'),(12,'penalty','2017-05-11 05:56:38','2017-05-11 05:56:38'),(13,'pass','2017-05-11 05:57:06','2017-05-11 05:57:06'),(14,'long-pass','2017-05-11 05:57:17','2017-05-11 05:57:17'),(15,'short-pass','2017-05-11 05:57:26','2017-05-11 05:57:26'),(16,'through-pass','2017-05-11 05:58:08','2017-05-11 05:58:08'),(17,'power','2017-05-11 05:58:47','2017-05-11 05:58:47'),(18,'stamina','2017-05-11 05:59:43','2017-05-11 05:59:43'),(19,'attack','2017-05-11 05:59:54','2017-05-11 05:59:54'),(20,'speed','2017-05-11 06:00:49','2017-05-11 06:00:49'),(21,'acceleration','2017-05-11 06:01:43','2017-05-11 06:01:43'),(22,'speed-dribble','2017-05-11 06:03:28','2017-05-11 06:03:28'),(23,'heading','2017-05-11 06:03:53','2017-05-11 06:03:53');
/*!40000 ALTER TABLE `tags` ENABLE KEYS */;
UNLOCK TABLES;

--
-- Table structure for table `transactions`
--

DROP TABLE IF EXISTS `transactions`;
/*!40101 SET @saved_cs_client     = @@character_set_client */;
/*!40101 SET character_set_client = utf8 */;
CREATE TABLE `transactions` (
  `transaction_id` bigint(20) unsigned NOT NULL AUTO_INCREMENT,
  `category_id` bigint(20) unsigned NOT NULL,
  `user_id` bigint(20) unsigned NOT NULL,
  `ref_id` varchar(100) NOT NULL,
  `value` decimal(10,0) unsigned NOT NULL,
  `created_at` datetime NOT NULL DEFAULT CURRENT_TIMESTAMP,
  `updated_at` datetime NOT NULL DEFAULT CURRENT_TIMESTAMP ON UPDATE CURRENT_TIMESTAMP,
  PRIMARY KEY (`transaction_id`)
) ENGINE=MyISAM DEFAULT CHARSET=latin1;
/*!40101 SET character_set_client = @saved_cs_client */;

--
-- Dumping data for table `transactions`
--

LOCK TABLES `transactions` WRITE;
/*!40000 ALTER TABLE `transactions` DISABLE KEYS */;
/*!40000 ALTER TABLE `transactions` ENABLE KEYS */;
UNLOCK TABLES;

--
-- Table structure for table `trick_tag`
--

DROP TABLE IF EXISTS `trick_tag`;
/*!40101 SET @saved_cs_client     = @@character_set_client */;
/*!40101 SET character_set_client = utf8 */;
CREATE TABLE `trick_tag` (
  `id` int(10) unsigned NOT NULL AUTO_INCREMENT,
  `trick_id` int(10) unsigned NOT NULL,
  `tag_id` int(10) unsigned NOT NULL,
  PRIMARY KEY (`id`)
) ENGINE=MyISAM AUTO_INCREMENT=12 DEFAULT CHARSET=latin1;
/*!40101 SET character_set_client = @saved_cs_client */;

--
-- Dumping data for table `trick_tag`
--

LOCK TABLES `trick_tag` WRITE;
/*!40000 ALTER TABLE `trick_tag` DISABLE KEYS */;
INSERT INTO `trick_tag` VALUES (1,1,2),(2,1,23),(3,1,3),(4,1,22),(5,1,4),(6,0,0),(7,2,2),(8,2,22),(9,2,19),(10,2,16),(11,2,18);
/*!40000 ALTER TABLE `trick_tag` ENABLE KEYS */;
UNLOCK TABLES;

--
-- Table structure for table `tricks`
--

DROP TABLE IF EXISTS `tricks`;
/*!40101 SET @saved_cs_client     = @@character_set_client */;
/*!40101 SET character_set_client = utf8 */;
CREATE TABLE `tricks` (
  `trick_id` bigint(20) unsigned NOT NULL AUTO_INCREMENT,
  `category_id` bigint(20) unsigned NOT NULL,
  `trick_title` varchar(255) NOT NULL,
  `trick_thumbnail` varchar(255) NOT NULL,
  `ld_video_url` varchar(255) NOT NULL,
  `hd_video_url` varchar(255) NOT NULL,
  `trick_description` json DEFAULT NULL,
  `active` tinyint(1) NOT NULL DEFAULT '1',
  `created_at` timestamp NOT NULL DEFAULT CURRENT_TIMESTAMP,
  `updated_at` timestamp NOT NULL DEFAULT CURRENT_TIMESTAMP ON UPDATE CURRENT_TIMESTAMP,
  PRIMARY KEY (`trick_id`),
  KEY `categoryIDIndex` (`category_id`)
) ENGINE=MyISAM AUTO_INCREMENT=11 DEFAULT CHARSET=latin1;
/*!40101 SET character_set_client = @saved_cs_client */;

-- active: 1-enable, 2-deleted

--
-- Dumping data for table `tricks`
--

LOCK TABLES `tricks` WRITE;
/*!40000 ALTER TABLE `tricks` DISABLE KEYS */;
INSERT INTO `tricks` VALUES (1,1,'Ultimate Best Football Tricks Skills','dribble,heading,shoot,speed-dribble,free-kick','https://s3.eu-central-1.amazonaws.com/dribbler.org-category/beginner/Ultimate+Best+Football+Tricks+Skills/thumbnail.png','https://s3.eu-central-1.amazonaws.com/dribbler.org-category/beginner/Ultimate+Best+Football+Tricks+Skills/Ultimate+Best+Football+Tricks+Skills_LD.mp4','https://s3.eu-central-1.amazonaws.com/dribbler.org-category/beginner/Ultimate+Best+Football+Tricks+Skills/Ultimate+Best+Football+Tricks+Skills_HD.mp4','[{\"title\": \"First Step\", \"thumbnail\": \"https://s3.eu-central-1.amazonaws.com/dribbler.org-category/beginner/Ultimate+Best+Football+Tricks+Skills/descriptioin/step1.png\", \"description\": \"The Maradona Turn is something every young kid practices because it is usable whilst mucking around in the park. There aren\'t many opportunities to use this in a game, but it represents one of the most popular moves in the sport. The video shows a Maradona turn executed perfectly in a high-pressure game situation.\"}, {\"title\": \"Second Step\", \"thumbnail\": \"https://s3.eu-central-1.amazonaws.com/dribbler.org-category/beginner/Ultimate+Best+Football+Tricks+Skills/descriptioin/step2.png\", \"description\": \"The Maradona Turn is something every young kid practices because it is usable whilst mucking around in the park. There aren\'t many opportunities to use this in a game, but it represents one of the most popular moves in the sport. The video shows a Maradona turn executed perfectly in a high-pressure game situation.\"}, {\"title\": \"Third Step\", \"thumbnail\": \"https://s3.eu-central-1.amazonaws.com/dribbler.org-category/beginner/Ultimate+Best+Football+Tricks+Skills/descriptioin/step3.png\", \"description\": \"The Maradona Turn is something every young kid practices because it is usable whilst mucking around in the park. There aren\'t many opportunities to use this in a game, but it represents one of the most popular moves in the sport. The video shows a Maradona turn executed perfectly in a high-pressure game situation.\"}, {\"title\": \"Firth Step\", \"thumbnail\": \"https://s3.eu-central-1.amazonaws.com/dribbler.org-category/beginner/Ultimate+Best+Football+Tricks+Skills/descriptioin/step4.png\", \"description\": \"The Maradona Turn is something every young kid practices because it is usable whilst mucking around in the park. There aren\'t many opportunities to use this in a game, but it represents one of the most popular moves in the sport. The video shows a Maradona turn executed perfectly in a high-pressure game situation.\"}]','2017-04-29 23:18:54','2017-05-11 06:06:34'),(2,1,'Speed Dribble Trick','dribble,speed-dribble,attack,through-pass,stamina','https://s3.eu-central-1.amazonaws.com/dribbler.org-category/beginner/Speed+Dribble+Trick/thumbnail.png','https://s3.eu-central-1.amazonaws.com/dribbler.org-category/beginner/Speed+Dribble+Trick/Speed+Dribble+Trick_HD.mp4','https://s3.eu-central-1.amazonaws.com/dribbler.org-category/beginner/Speed+Dribble+Trick/Speed+Dribble+Trick_HD.mp4','[{\"title\": \"First Step\", \"thumbnail\": \"https://s3.eu-central-1.amazonaws.com/dribbler.org-category/beginner/Ultimate+Best+Football+Tricks+Skills/descriptioin/step1.png\", \"description\": \"The Maradona Turn is something every young kid practices because it is usable whilst mucking around in the park. There aren\'t many opportunities to use this in a game, but it represents one of the most popular moves in the sport. The video shows a Maradona turn executed perfectly in a high-pressure game situation.\"}, {\"title\": \"Second Step\", \"thumbnail\": \"https://s3.eu-central-1.amazonaws.com/dribbler.org-category/beginner/Ultimate+Best+Football+Tricks+Skills/descriptioin/step2.png\", \"description\": \"The Maradona Turn is something every young kid practices because it is usable whilst mucking around in the park. There aren\'t many opportunities to use this in a game, but it represents one of the most popular moves in the sport. The video shows a Maradona turn executed perfectly in a high-pressure game situation.\"}, {\"title\": \"Third Step\", \"thumbnail\": \"https://s3.eu-central-1.amazonaws.com/dribbler.org-category/beginner/Ultimate+Best+Football+Tricks+Skills/descriptioin/step3.png\", \"description\": \"The Maradona Turn is something every young kid practices because it is usable whilst mucking around in the park. There aren\'t many opportunities to use this in a game, but it represents one of the most popular moves in the sport. The video shows a Maradona turn executed perfectly in a high-pressure game situation.\"}, {\"title\": \"Firth Step\", \"thumbnail\": \"https://s3.eu-central-1.amazonaws.com/dribbler.org-category/beginner/Ultimate+Best+Football+Tricks+Skills/descriptioin/step4.png\", \"description\": \"The Maradona Turn is something every young kid practices because it is usable whilst mucking around in the park. There aren\'t many opportunities to use this in a game, but it represents one of the most popular moves in the sport. The video shows a Maradona turn executed perfectly in a high-pressure game situation.\"}]','2017-05-11 06:10:09','2017-05-11 06:15:57'),(3,1,'Reus Trick','dribble,speed-dribble,attack,through-pass,stamina,defense','https://s3.eu-central-1.amazonaws.com/dribbler.org-category/beginner/Reus+Trick/thumbnail.png','https://s3.eu-central-1.amazonaws.com/dribbler.org-category/beginner/Reus+Trick/Reus+Trick_LD.mp4','https://s3.eu-central-1.amazonaws.com/dribbler.org-category/beginner/Reus+Trick/Reus+Trick_LD.mp4','[{\"title\": \"First Step\", \"thumbnail\": \"https://s3.eu-central-1.amazonaws.com/dribbler.org-category/beginner/Ultimate+Best+Football+Tricks+Skills/descriptioin/step1.png\", \"description\": \"The Maradona Turn is something every young kid practices because it is usable whilst mucking around in the park. There aren\'t many opportunities to use this in a game, but it represents one of the most popular moves in the sport. The video shows a Maradona turn executed perfectly in a high-pressure game situation.\"}, {\"title\": \"Second Step\", \"thumbnail\": \"https://s3.eu-central-1.amazonaws.com/dribbler.org-category/beginner/Ultimate+Best+Football+Tricks+Skills/descriptioin/step2.png\", \"description\": \"The Maradona Turn is something every young kid practices because it is usable whilst mucking around in the park. There aren\'t many opportunities to use this in a game, but it represents one of the most popular moves in the sport. The video shows a Maradona turn executed perfectly in a high-pressure game situation.\"}, {\"title\": \"Third Step\", \"thumbnail\": \"https://s3.eu-central-1.amazonaws.com/dribbler.org-category/beginner/Ultimate+Best+Football+Tricks+Skills/descriptioin/step3.png\", \"description\": \"The Maradona Turn is something every young kid practices because it is usable whilst mucking around in the park. There aren\'t many opportunities to use this in a game, but it represents one of the most popular moves in the sport. The video shows a Maradona turn executed perfectly in a high-pressure game situation.\"}, {\"title\": \"Firth Step\", \"thumbnail\": \"https://s3.eu-central-1.amazonaws.com/dribbler.org-category/beginner/Ultimate+Best+Football+Tricks+Skills/descriptioin/step4.png\", \"description\": \"The Maradona Turn is something every young kid practices because it is usable whilst mucking around in the park. There aren\'t many opportunities to use this in a game, but it represents one of the most popular moves in the sport. The video shows a Maradona turn executed perfectly in a high-pressure game situation.\"}]','2017-05-11 06:16:44','2017-05-11 06:19:26'),(4,1,'Best Dribble Trick','dribble,speed-dribble,attack,through-pass,stamina,defense,power','https://s3.eu-central-1.amazonaws.com/dribbler.org-category/beginner/Best+Dribble+Trick/thumbnail.jpg','https://s3.eu-central-1.amazonaws.com/dribbler.org-category/beginner/Best+Dribble+Trick/Best+Dribble+Trick_LD.mp4','https://s3.eu-central-1.amazonaws.com/dribbler.org-category/beginner/Best+Dribble+Trick/Best+Dribble+Trick_LD.mp4','[{\"title\": \"First Step\", \"thumbnail\": \"https://s3.eu-central-1.amazonaws.com/dribbler.org-category/beginner/Ultimate+Best+Football+Tricks+Skills/descriptioin/step1.png\", \"description\": \"The Maradona Turn is something every young kid practices because it is usable whilst mucking around in the park. There aren\'t many opportunities to use this in a game, but it represents one of the most popular moves in the sport. The video shows a Maradona turn executed perfectly in a high-pressure game situation.\"}, {\"title\": \"Second Step\", \"thumbnail\": \"https://s3.eu-central-1.amazonaws.com/dribbler.org-category/beginner/Ultimate+Best+Football+Tricks+Skills/descriptioin/step2.png\", \"description\": \"The Maradona Turn is something every young kid practices because it is usable whilst mucking around in the park. There aren\'t many opportunities to use this in a game, but it represents one of the most popular moves in the sport. The video shows a Maradona turn executed perfectly in a high-pressure game situation.\"}, {\"title\": \"Third Step\", \"thumbnail\": \"https://s3.eu-central-1.amazonaws.com/dribbler.org-category/beginner/Ultimate+Best+Football+Tricks+Skills/descriptioin/step3.png\", \"description\": \"The Maradona Turn is something every young kid practices because it is usable whilst mucking around in the park. There aren\'t many opportunities to use this in a game, but it represents one of the most popular moves in the sport. The video shows a Maradona turn executed perfectly in a high-pressure game situation.\"}, {\"title\": \"Firth Step\", \"thumbnail\": \"https://s3.eu-central-1.amazonaws.com/dribbler.org-category/beginner/Ultimate+Best+Football+Tricks+Skills/descriptioin/step4.png\", \"description\": \"The Maradona Turn is something every young kid practices because it is usable whilst mucking around in the park. There aren\'t many opportunities to use this in a game, but it represents one of the most popular moves in the sport. The video shows a Maradona turn executed perfectly in a high-pressure game situation.\"}]','2017-05-11 06:34:04','2017-05-11 06:36:51'),(5,1,'Test Trick 1','dribble,attack,through-pass,stamina','https://s3.eu-central-1.amazonaws.com/dribbler.org-category/beginner/Best+Dribble+Trick/thumbnail.jpg','https://s3.eu-central-1.amazonaws.com/dribbler.org-category/beginner/Best+Dribble+Trick/Best+Dribble+Trick_LD.mp4','https://s3.eu-central-1.amazonaws.com/dribbler.org-category/beginner/Best+Dribble+Trick/Best+Dribble+Trick_LD.mp4','[{\"title\": \"First\", \"thumbnail\": \"https://s3.eu-central-1.amazonaws.com/dribbler.org-category/beginner/Ultimate+Best+Football+Tricks+Skills/descriptioin/step1.png\", \"description\": \"LSLSs work with infants and children who are deaf or hard of hearing and their families seeking a listening and spoken language outcome in a variety of settings\"}, {\"title\": \"Second Step\", \"thumbnail\": \"https://s3.eu-central-1.amazonaws.com/dribbler.org-category/beginner/Ultimate+Best+Football+Tricks+Skills/descriptioin/step2.png\", \"description\": \"LSLSs work with infants and children who are deaf or hard of hearing and their families seeking a listening and spoken language outcome in a variety of settings\"}, {\"title\": \"Third Step\", \"thumbnail\": \"https://s3.eu-central-1.amazonaws.com/dribbler.org-category/beginner/Ultimate+Best+Football+Tricks+Skills/descriptioin/step3.png\", \"description\": \"LSLSs work with infants and children who are deaf or hard of hearing and their families seeking a listening and spoken language outcome in a variety of settings\"}, {\"title\": \"Firth Step\", \"thumbnail\": \"https://s3.eu-central-1.amazonaws.com/dribbler.org-category/beginner/Ultimate+Best+Football+Tricks+Skills/descriptioin/step4.png\", \"description\": \"LSLSs work with infants and children who are deaf or hard of hearing and their families seeking a listening and spoken language outcome in a variety of settings\"}]','2017-05-12 20:11:45','2017-05-12 20:11:45'),(6,1,'Test Trick 2','dribble,attack,through-pass,stamina','https://s3.eu-central-1.amazonaws.com/dribbler.org-category/beginner/Best+Dribble+Trick/thumbnail.jpg','https://s3.eu-central-1.amazonaws.com/dribbler.org-category/beginner/Best+Dribble+Trick/Best+Dribble+Trick_LD.mp4','https://s3.eu-central-1.amazonaws.com/dribbler.org-category/beginner/Best+Dribble+Trick/Best+Dribble+Trick_LD.mp4','[{\"title\": \"First\", \"thumbnail\": \"https://s3.eu-central-1.amazonaws.com/dribbler.org-category/beginner/Ultimate+Best+Football+Tricks+Skills/descriptioin/step1.png\", \"description\": \"LSLSs work with infants and children who are deaf or hard of hearing and their families seeking a listening and spoken language outcome in a variety of settings\"}, {\"title\": \"Second Step\", \"thumbnail\": \"https://s3.eu-central-1.amazonaws.com/dribbler.org-category/beginner/Ultimate+Best+Football+Tricks+Skills/descriptioin/step2.png\", \"description\": \"LSLSs work with infants and children who are deaf or hard of hearing and their families seeking a listening and spoken language outcome in a variety of settings\"}, {\"title\": \"Third Step\", \"thumbnail\": \"https://s3.eu-central-1.amazonaws.com/dribbler.org-category/beginner/Ultimate+Best+Football+Tricks+Skills/descriptioin/step3.png\", \"description\": \"LSLSs work with infants and children who are deaf or hard of hearing and their families seeking a listening and spoken language outcome in a variety of settings\"}, {\"title\": \"Firth Step\", \"thumbnail\": \"https://s3.eu-central-1.amazonaws.com/dribbler.org-category/beginner/Ultimate+Best+Football+Tricks+Skills/descriptioin/step4.png\", \"description\": \"LSLSs work with infants and children who are deaf or hard of hearing and their families seeking a listening and spoken language outcome in a variety of settings\"}]','2017-05-12 20:11:45','2017-05-12 20:11:45'),(7,1,'Test Trick 4','dribble,attack,through-pass,stamina','https://s3.eu-central-1.amazonaws.com/dribbler.org-category/beginner/Best+Dribble+Trick/thumbnail.jpg','https://s3.eu-central-1.amazonaws.com/dribbler.org-category/beginner/Best+Dribble+Trick/Best+Dribble+Trick_LD.mp4','https://s3.eu-central-1.amazonaws.com/dribbler.org-category/beginner/Best+Dribble+Trick/Best+Dribble+Trick_LD.mp4','[{\"title\": \"First\", \"thumbnail\": \"https://s3.eu-central-1.amazonaws.com/dribbler.org-category/beginner/Ultimate+Best+Football+Tricks+Skills/descriptioin/step1.png\", \"description\": \"LSLSs work with infants and children who are deaf or hard of hearing and their families seeking a listening and spoken language outcome in a variety of settings\"}, {\"title\": \"Second Step\", \"thumbnail\": \"https://s3.eu-central-1.amazonaws.com/dribbler.org-category/beginner/Ultimate+Best+Football+Tricks+Skills/descriptioin/step2.png\", \"description\": \"LSLSs work with infants and children who are deaf or hard of hearing and their families seeking a listening and spoken language outcome in a variety of settings\"}, {\"title\": \"Third Step\", \"thumbnail\": \"https://s3.eu-central-1.amazonaws.com/dribbler.org-category/beginner/Ultimate+Best+Football+Tricks+Skills/descriptioin/step3.png\", \"description\": \"LSLSs work with infants and children who are deaf or hard of hearing and their families seeking a listening and spoken language outcome in a variety of settings\"}, {\"title\": \"Firth Step\", \"thumbnail\": \"https://s3.eu-central-1.amazonaws.com/dribbler.org-category/beginner/Ultimate+Best+Football+Tricks+Skills/descriptioin/step4.png\", \"description\": \"LSLSs work with infants and children who are deaf or hard of hearing and their families seeking a listening and spoken language outcome in a variety of settings\"}]','2017-05-12 20:11:45','2017-05-12 20:11:45'),(8,1,'Test Trick 5','dribble,attack,through-pass,stamina','https://s3.eu-central-1.amazonaws.com/dribbler.org-category/beginner/Best+Dribble+Trick/thumbnail.jpg','https://s3.eu-central-1.amazonaws.com/dribbler.org-category/beginner/Best+Dribble+Trick/Best+Dribble+Trick_LD.mp4','https://s3.eu-central-1.amazonaws.com/dribbler.org-category/beginner/Best+Dribble+Trick/Best+Dribble+Trick_LD.mp4','[{\"title\": \"First\", \"thumbnail\": \"https://s3.eu-central-1.amazonaws.com/dribbler.org-category/beginner/Ultimate+Best+Football+Tricks+Skills/descriptioin/step1.png\", \"description\": \"LSLSs work with infants and children who are deaf or hard of hearing and their families seeking a listening and spoken language outcome in a variety of settings\"}, {\"title\": \"Second Step\", \"thumbnail\": \"https://s3.eu-central-1.amazonaws.com/dribbler.org-category/beginner/Ultimate+Best+Football+Tricks+Skills/descriptioin/step2.png\", \"description\": \"LSLSs work with infants and children who are deaf or hard of hearing and their families seeking a listening and spoken language outcome in a variety of settings\"}, {\"title\": \"Third Step\", \"thumbnail\": \"https://s3.eu-central-1.amazonaws.com/dribbler.org-category/beginner/Ultimate+Best+Football+Tricks+Skills/descriptioin/step3.png\", \"description\": \"LSLSs work with infants and children who are deaf or hard of hearing and their families seeking a listening and spoken language outcome in a variety of settings\"}, {\"title\": \"Firth Step\", \"thumbnail\": \"https://s3.eu-central-1.amazonaws.com/dribbler.org-category/beginner/Ultimate+Best+Football+Tricks+Skills/descriptioin/step4.png\", \"description\": \"LSLSs work with infants and children who are deaf or hard of hearing and their families seeking a listening and spoken language outcome in a variety of settings\"}]','2017-05-12 20:11:45','2017-05-12 20:11:45'),(9,1,'Messi Trick','dribble,attack,through-pass,stamina','https://s3.eu-central-1.amazonaws.com/dribbler.org-category/beginner/Best+Dribble+Trick/thumbnail.jpg','https://s3.eu-central-1.amazonaws.com/dribbler.org-category/beginner/Best+Dribble+Trick/Best+Dribble+Trick_LD.mp4','https://s3.eu-central-1.amazonaws.com/dribbler.org-category/beginner/Best+Dribble+Trick/Best+Dribble+Trick_LD.mp4','[{\"title\": \"First\", \"thumbnail\": \"https://s3.eu-central-1.amazonaws.com/dribbler.org-category/beginner/Ultimate+Best+Football+Tricks+Skills/descriptioin/step1.png\", \"description\": \"LSLSs work with infants and children who are deaf or hard of hearing and their families seeking a listening and spoken language outcome in a variety of settings\"}, {\"title\": \"Second Step\", \"thumbnail\": \"https://s3.eu-central-1.amazonaws.com/dribbler.org-category/beginner/Ultimate+Best+Football+Tricks+Skills/descriptioin/step2.png\", \"description\": \"LSLSs work with infants and children who are deaf or hard of hearing and their families seeking a listening and spoken language outcome in a variety of settings\"}, {\"title\": \"Third Step\", \"thumbnail\": \"https://s3.eu-central-1.amazonaws.com/dribbler.org-category/beginner/Ultimate+Best+Football+Tricks+Skills/descriptioin/step3.png\", \"description\": \"LSLSs work with infants and children who are deaf or hard of hearing and their families seeking a listening and spoken language outcome in a variety of settings\"}, {\"title\": \"Firth Step\", \"thumbnail\": \"https://s3.eu-central-1.amazonaws.com/dribbler.org-category/beginner/Ultimate+Best+Football+Tricks+Skills/descriptioin/step4.png\", \"description\": \"LSLSs work with infants and children who are deaf or hard of hearing and their families seeking a listening and spoken language outcome in a variety of settings\"}]','2017-05-12 20:11:45','2017-05-12 20:12:26'),(10,1,'10Th Trick','dribble,speed,stamina','https://s3.eu-central-1.amazonaws.com/dribbler.org-category/beginner/Reus+Trick/thumbnail.png','https://s3.eu-central-1.amazonaws.com/dribbler.org-category/beginner/Reus+Trick/Reus+Trick_LD.mp4','https://s3.eu-central-1.amazonaws.com/dribbler.org-category/beginner/Reus+Trick/Reus+Trick_LD.mp4','[{\"title\": \"First Step\", \"thumbnail\": \"https://s3.eu-central-1.amazonaws.com/dribbler.org-category/beginner/Ultimate+Best+Football+Tricks+Skills/descriptioin/step1.png\", \"description\": \"The Maradona Turn is something every young kid practices because it is usable whilst mucking around in the park. There aren\'t many opportunities to use this in a game, but it represents one of the most popular moves in the sport. The video shows a Maradona turn executed perfectly in a high-pressure game situation.\"}, {\"title\": \"Second Step\", \"thumbnail\": \"https://s3.eu-central-1.amazonaws.com/dribbler.org-category/beginner/Ultimate+Best+Football+Tricks+Skills/descriptioin/step2.png\", \"description\": \"The Maradona Turn is something every young kid practices because it is usable whilst mucking around in the park. There aren\'t many opportunities to use this in a game, but it represents one of the most popular moves in the sport. The video shows a Maradona turn executed perfectly in a high-pressure game situation.\"}, {\"title\": \"Third Step\", \"thumbnail\": \"https://s3.eu-central-1.amazonaws.com/dribbler.org-category/beginner/Ultimate+Best+Football+Tricks+Skills/descriptioin/step3.png\", \"description\": \"The Maradona Turn is something every young kid practices because it is usable whilst mucking around in the park. There aren\'t many opportunities to use this in a game, but it represents one of the most popular moves in the sport. The video shows a Maradona turn executed perfectly in a high-pressure game situation.\"}, {\"title\": \"Firth Step\", \"thumbnail\": \"https://s3.eu-central-1.amazonaws.com/dribbler.org-category/beginner/Ultimate+Best+Football+Tricks+Skills/descriptioin/step4.png\", \"description\": \"The Maradona Turn is something every young kid practices because it is usable whilst mucking around in the park. There aren\'t many opportunities to use this in a game, but it represents one of the most popular moves in the sport. The video shows a Maradona turn executed perfectly in a high-pressure game situation.\"}]','2017-05-12 20:29:09','2017-05-12 20:29:09');
/*!40000 ALTER TABLE `tricks` ENABLE KEYS */;
UNLOCK TABLES;

--
-- Table structure for table `user_category`
--

DROP TABLE IF EXISTS `user_category`;
/*!40101 SET @saved_cs_client     = @@character_set_client */;
/*!40101 SET character_set_client = utf8 */;
CREATE TABLE `user_category` (
  `id` int(10) unsigned NOT NULL AUTO_INCREMENT,
  `user_id` int(10) unsigned NOT NULL,
  `category_id` int(10) unsigned NOT NULL,
  `permission` tinyint(1) NOT NULL,
  PRIMARY KEY (`id`),
  KEY `UserIDCategoryIDIndex` (`user_id`,`category_id`)
) ENGINE=MyISAM DEFAULT CHARSET=latin1;
/*!40101 SET character_set_client = @saved_cs_client */;

--
-- Dumping data for table `user_category`
--

LOCK TABLES `user_category` WRITE;
/*!40000 ALTER TABLE `user_category` DISABLE KEYS */;
/*!40000 ALTER TABLE `user_category` ENABLE KEYS */;
UNLOCK TABLES;

--
-- Table structure for table `users`
--

DROP TABLE IF EXISTS `users`;
/*!40101 SET @saved_cs_client     = @@character_set_client */;
/*!40101 SET character_set_client = utf8 */;
CREATE TABLE `users` (
  `id` int(10) unsigned NOT NULL AUTO_INCREMENT,
  `role` varchar(10) COLLATE utf8mb4_unicode_ci NOT NULL DEFAULT 'guest',
  `name` varchar(191) COLLATE utf8mb4_unicode_ci NOT NULL,
  `first_name` varchar(50) COLLATE utf8mb4_unicode_ci NOT NULL,
  `last_name` varchar(50) COLLATE utf8mb4_unicode_ci NOT NULL,
  `gender` tinyint(1) NOT NULL DEFAULT '0',
  `birthday` date NOT NULL,
  `photo` varchar(100) COLLATE utf8mb4_unicode_ci NOT NULL,
  `email` varchar(191) COLLATE utf8mb4_unicode_ci NOT NULL,
  `verified` tinyint(1) NOT NULL DEFAULT '0',
  `confirmation_code` varchar(50) COLLATE utf8mb4_unicode_ci NOT NULL,
  `status` varchar(10) COLLATE utf8mb4_unicode_ci NOT NULL,
  `subscribe` tinyint(1) NOT NULL DEFAULT '0',
  `facebook_id` varchar(100) COLLATE utf8mb4_unicode_ci NOT NULL,
  `google_id` varchar(100) COLLATE utf8mb4_unicode_ci NOT NULL,
  `push_enable` tinyint(1) NOT NULL DEFAULT '1',
  `high_video_enable` tinyint(1) NOT NULL DEFAULT '1',
  `following_count` int(10) unsigned NOT NULL DEFAULT '0',
  `follower_count` int(10) unsigned NOT NULL DEFAULT '0',
  `video_count` int(10) unsigned NOT NULL DEFAULT '0',
  `overall_ranking` int(10) unsigned NOT NULL DEFAULT '0',
  `dribble_score` int(2) NOT NULL DEFAULT '0',
  `dribble_medal` tinyint(3) unsigned NOT NULL DEFAULT '0',
  `trick_completion_count` smallint(5) unsigned NOT NULL DEFAULT '0',
  `password` varchar(191) COLLATE utf8mb4_unicode_ci NOT NULL,
  `remember_token` varchar(100) COLLATE utf8mb4_unicode_ci DEFAULT NULL,
  `fb_enable` tinyint(1) NOT NULL DEFAULT '0',
  `google_enable` tinyint(1) NOT NULL DEFAULT '0',
  `created_at` timestamp NULL DEFAULT NULL,
  `updated_at` timestamp NULL DEFAULT NULL,
  PRIMARY KEY (`id`),
  UNIQUE KEY `users_email_unique` (`email`)
) ENGINE=MyISAM AUTO_INCREMENT=1026 DEFAULT CHARSET=utf8mb4 COLLATE=utf8mb4_unicode_ci;
/*!40101 SET character_set_client = @saved_cs_client */;

--
-- Dumping data for table `users`
--

LOCK TABLES `users` WRITE;
/*!40000 ALTER TABLE `users` DISABLE KEYS */;
INSERT INTO `users` VALUES (4,'admin','Jason Kei','Jason','Kei',0,'2017-04-10','https://s3.eu-central-1.amazonaws.com/dribbler.org-avatars/Avatar6d.jpg','admin@admin.com',1,'','active',1,'','',1,1,0,1,0,0,0,0,0,'$2y$10$/1vNQF7W01qKZ2JcVrKRUelSBGpbVifkUnlmCZ5X8l8E6rOtpVcLK','vqVUgJ4vHFVMr1K8bT7Su3JfP6uOUscJtgyw4dMUWpHlg3ULuJKYjbCcq9i7','2017-04-10 13:30:06','2017-08-05 11:51:33'),(6,'guest','Jason K','Jason','K',1,'2010-04-21','https://s3.eu-central-1.amazonaws.com/dribbler.org-avatars/Avatar6d.jpg','jasonisme555@gmail.com',1,'','active',2,'446391255701490','',0,0,0,2,0,0,0,0,0,'$2y$10$2MXVvKzgzmmc.gxhp7Hv8.gaFQizAxfmRMDjERY.wdL.7AYnKQmfS',NULL,'2017-04-28 00:41:47','2017-08-14 15:33:33'),(20,'guest','Philipp Lahm','Philipp','Lahm',0,'2017-05-12','https://s3.eu-central-1.amazonaws.com/dribbler.org-avatars/Avatar20B.jpg','20@gmail.com',0,'','active',0,'','',1,1,0,0,0,0,0,0,0,'$2y$10$MPCI6vOer0Mis.085uR/xu.jhdEqLrMDdZgDvV4/tYuRBsMUqxH2m',NULL,'2017-04-28 00:41:47','2017-06-27 14:54:15'),(19,'guest','Xabi Alonso','Xabi','Alonso',0,'2017-05-11','https://s3.eu-central-1.amazonaws.com/dribbler.org-avatars/Avatar19B.jpg','19@gmail.com',0,'','active',0,'','',1,1,0,0,0,0,0,0,0,'$2y$10$MPCI6vOer0Mis.085uR/xu.jhdEqLrMDdZgDvV4/tYuRBsMUqxH2m',NULL,'2017-04-28 00:41:47','2017-08-02 19:01:22'),(18,'guest','Thomas Muller','Thomas','Muller',0,'2017-05-16','https://s3.eu-central-1.amazonaws.com/dribbler.org-avatars/Avatar18B.jpg','18@gmail.com',0,'','active',0,'','',1,1,0,0,0,0,0,0,0,'$2y$10$MPCI6vOer0Mis.085uR/xu.jhdEqLrMDdZgDvV4/tYuRBsMUqxH2m',NULL,'2017-04-28 00:41:47','2017-06-01 14:53:58'),(16,'guest','Luis Suarez','Luis','Suarez',0,'2017-05-03','https://s3.eu-central-1.amazonaws.com/dribbler.org-avatars/Avatar16A.jpg','16@gmail.com',0,'','active',0,'','',1,1,0,0,0,0,0,0,0,'$2y$10$MPCI6vOer0Mis.085uR/xu.jhdEqLrMDdZgDvV4/tYuRBsMUqxH2m',NULL,'2017-04-28 00:41:47','2017-06-01 14:53:56'),(17,'guest','Arjen Robben','Arjen','Robben',0,'2017-05-03','https://s3.eu-central-1.amazonaws.com/dribbler.org-avatars/Avatar17B.jpg','17@gmail.com',0,'','active',0,'','',1,1,0,1,0,0,0,0,0,'$2y$10$MPCI6vOer0Mis.085uR/xu.jhdEqLrMDdZgDvV4/tYuRBsMUqxH2m',NULL,'2017-04-28 00:41:47','2017-08-05 11:51:24'),(15,'guest','Neymar Silva','Neymar','Silva',0,'2017-05-19','https://s3.eu-central-1.amazonaws.com/dribbler.org-avatars/Avatar15A.jpg','15@gmail.com',0,'','active',0,'','',1,1,0,0,0,0,0,0,0,'$2y$10$MPCI6vOer0Mis.085uR/xu.jhdEqLrMDdZgDvV4/tYuRBsMUqxH2m',NULL,'2017-04-28 00:41:47','2017-06-01 14:54:02'),(14,'guest','Lionel Messi','Lionel','Messi',0,'2017-05-20','https://s3.eu-central-1.amazonaws.com/dribbler.org-avatars/Avatar14A.jpg','14@gmail.com',0,'','active',0,'','',1,1,0,1,0,0,0,0,0,'$2y$10$MPCI6vOer0Mis.085uR/xu.jhdEqLrMDdZgDvV4/tYuRBsMUqxH2m',NULL,'2017-04-28 00:41:47','2017-06-03 10:19:07'),(13,'guest','Marcelo Vieira','Marcelo','Vieira',0,'2017-05-12','https://s3.eu-central-1.amazonaws.com/dribbler.org-avatars/Avatar13A.jpg','13@gmail.com',1,'','active',1,'','',1,1,0,1,0,0,0,0,0,'$2y$10$MPCI6vOer0Mis.085uR/xu.jhdEqLrMDdZgDvV4/tYuRBsMUqxH2m',NULL,'2017-04-28 00:41:47','2017-08-05 11:51:21'),(1014,'guest','one two','one','two',0,'1993-08-05','https://s3.eu-central-1.amazonaws.com/dribbler.org-avatars/avatar1014E.jpeg','j2401591@mvrht.net',0,'','active',0,'','',1,1,3,1,0,0,0,0,0,'$2y$10$cxnfWOSD8UkySE/AyTSK2uX.4eoR975nRV.Tse1ma.80XKmCFBP7W',NULL,'2017-08-05 11:58:05','2017-08-05 13:59:52'),(1015,'guest','A A','A','A',0,'2017-08-10','https://s3.eu-central-1.amazonaws.com/dribbler.org-avatars/avatar1015y.jpeg','j2405490@mvrht.net',0,'','active',0,'','',1,1,0,0,0,0,0,0,0,'$2y$10$Cj8ACJOsBBen95chxUAl9OJtTs55KlW/4knBkmbcQsAGUVexfzqvu',NULL,'2017-08-05 12:37:17','2017-08-05 12:37:20'),(1000,'guest','Thanh Hung Phan','Thanh Hung','Phan',0,'2017-05-18','https://s3.eu-central-1.amazonaws.com/dribbler.org-avatars/avatar10004.jpeg','phanthanhhung1118@gmail.com',1,'','active',0,'','109777892304717603567',1,1,0,1,0,0,0,0,0,'$2y$10$BlFZ6XRqUKBdfqJUs9.5kumRAXPscvKV50LD5rBzHsPfeDvdAJtSy',NULL,'2017-05-05 05:03:44','2017-06-03 11:53:48'),(1003,'guest','Bartosz lipski','Bartosz','lipski',0,'2005-05-21','https://s3.eu-central-1.amazonaws.com/dribbler.org-avatars/avatar1003Z.jpeg','b1233173@mvrht.net',0,'','active',0,'','105769045983958276397',0,1,4,4,6,0,0,0,0,'$2y$10$XbRwGqaU4Q3Mp88KxFOyJOsfzJROIeVFOybl8yegB/KtNc0Wc3yMS',NULL,NULL,'2017-08-05 13:39:26'),(1004,'guest','bartek tester','bartek','tester',0,'1984-05-21','https://s3.eu-central-1.amazonaws.com/dribbler.org-avatars/avatar10055.jpeg','b1233540@mvrht.net',0,'','active',0,'','',1,1,7,1,5,0,0,0,0,'$2y$10$32K.Oy5PTPJAPnmTS2dA3.VnleL6O9y7Jehp0GE9eQT/yz9qm07Z6',NULL,NULL,'2017-08-13 14:08:23'),(1005,'guest','Lukas Skorupa','Lukas','Skorupa',0,'1984-07-26','','lukas.skorupa@dzbank.de',0,'','active',0,'','',1,1,1,2,3,0,0,0,0,'$2y$10$maFf3otaP6sbbJGjFyUode2sPJrI0VB.SgPEMZCvyn3cz9D3aGqCq',NULL,'2017-06-03 10:55:06','2017-08-05 11:51:29'),(1006,'guest','Julia Kowalska','Julia','Kowalska',1,'1992-01-11','','juliette.kowalsky@gmail.com',0,'','active',0,'','',1,1,1,2,4,0,0,0,0,'$2y$10$FMjDct5BOE/.CXDaF7nTSet5oOsIQiRxiUV6DNpXD01y/cO/iIuB2',NULL,'2017-06-03 15:59:41','2017-06-27 14:54:15'),(1007,'guest','bartosz przytula','bartosz','przytula',0,'1984-11-15','https://s3.eu-central-1.amazonaws.com/dribbler.org-avatars/avatar1007S.jpeg','bartiaz.przytula@gmail.com',0,'','active',0,'','',1,1,1,0,1,0,0,0,0,'$2y$10$blhEZweXjj/mMOtfCWhnrOiei8o5pSWt6N0nvPR.AN27FnaM6D6/a',NULL,'2017-06-04 09:55:33','2017-08-05 13:59:52'),(1008,'guest','bartosz bartosz','bartosz','bartosz',0,'1984-06-04','https://s3.eu-central-1.amazonaws.com/dribbler.org-avatars/avatar1008O.jpeg','bartosz.przytula@gmail.com',0,'','active',0,'','',1,1,0,0,0,0,0,0,0,'$2y$10$AB7KWaIzFjyNsKxcfbD.tu6UyCO.oOdgRTB5TxVxAlrfMPkuQlK5.',NULL,'2017-06-04 09:57:35','2017-06-04 11:17:54'),(1009,'guest','testA testB','testA','testB',0,'1994-06-04','','d979443@mvrht.net',0,'','active',0,'','',1,1,0,0,2,0,0,0,0,'$2y$10$6RTYoH6RbZSAcXlZCG4fz.w3VBydKmGASl1l4yiylbkQaFlcDRhne',NULL,'2017-06-04 10:00:26','2017-08-05 11:19:45'),(1010,'guest','test b test b','test b','test b',0,'2017-06-08','','d981341@mvrht.net',0,'','active',0,'','',1,1,0,0,0,0,0,0,0,'$2y$10$cXG.1HDZSNjKdk2KqewEl.ItjEfRk7wvuzdfcfoz3OMRNR6rLiUH2',NULL,'2017-06-04 10:09:17','2017-06-04 10:09:17'),(1011,'guest','bartolomeo grande','bartolomeo','grande',0,'1971-07-06','https://s3.eu-central-1.amazonaws.com/dribbler.org-avatars/avatar1011t.jpeg','i1191893@mvrht.de',0,'','active',0,'','',1,1,0,4,3,0,0,0,0,'$2y$10$MP784bjwcb87sqQCuAZPAeMEVd8/X3CuDfkrsSI24heeheHSEUoHK',NULL,'2017-07-06 16:51:24','2017-08-13 14:01:40'),(1012,'guest','steven lee','steven','lee',0,'2017-07-03','','stevenup2017@gmail.com',0,'','active',0,'','',1,1,2,1,8,0,0,0,0,'$2y$10$t5fKFT4aLYao5IFTxQNKhe0LNfo3/k4iyKUPsolJgOecLMMqyx0Qe',NULL,'2017-07-26 12:27:26','2017-08-06 07:10:55'),(1013,'guest','Steven Thai','Steven','Thai',0,'2017-07-03','https://s3.eu-central-1.amazonaws.com/dribbler.org-avatars/avatar1013z.jpeg','today815@outlook.com',1,'','active',0,'461216474246794','',1,1,1,0,0,0,0,0,0,'$2y$10$FEa2FRwYGicY4tUjdC3aTOjJzWQbzoqeVq3cCB0qdIcctLfn4tLiK',NULL,'2017-08-02 14:46:25','2017-08-02 15:40:05'),(1016,'guest','2 2','2','2',0,'2017-08-05','https://s3.eu-central-1.amazonaws.com/dribbler.org-avatars/avatar1016z.jpeg','j2406370@mvrht.net',0,'','active',0,'','',1,1,0,0,0,0,0,0,0,'$2y$10$Ry.LkJ8U83SU3ewTz67FA.hAJIvWTGr9I4gAJaKe0zPTES8C.NaLi',NULL,'2017-08-05 12:45:49','2017-08-05 12:45:52'),(1017,'guest','3 3','3','3',0,'2017-08-05','https://s3.eu-central-1.amazonaws.com/dribbler.org-avatars/avatar1017o.jpeg','j2406614@mvrht.net',0,'','active',0,'','',1,1,0,0,0,0,0,0,0,'$2y$10$yFlE//A/lY9aRI9iIz2kM.bkWVdZyUWguO5hY7HI1vypJjZn93Hb6',NULL,'2017-08-05 12:48:16','2017-08-05 12:48:19'),(1018,'guest','4 4','4','4',0,'2017-08-05','https://s3.eu-central-1.amazonaws.com/dribbler.org-avatars/avatar1018J.jpeg','Amento1930@jourrapide.com',0,'','active',0,'','',1,1,0,0,0,0,0,0,0,'$2y$10$QjtaHG4yZr1FdxrrK/UaHeBzwOL4gQV7H93zbeg.nstsvO5jFb236',NULL,'2017-08-05 12:51:00','2017-08-05 12:51:03'),(1019,'guest','5 5','5','5',0,'2017-08-05','https://s3.eu-central-1.amazonaws.com/dribbler.org-avatars/avatar1019S.jpeg','Amento1930@armyspy.com',0,'','active',0,'','',1,1,0,0,0,0,0,0,0,'$2y$10$iGVFY0dAwlEkKBVAGkmU6.19tNRxfURfzIktk8qeIGRorKxyILMJm',NULL,'2017-08-05 12:52:58','2017-08-05 12:53:01'),(1020,'guest','5 5','5','5',0,'2017-08-05','https://s3.eu-central-1.amazonaws.com/dribbler.org-avatars/avatar10206.jpeg','Amento1930@cuvox.com',0,'','active',0,'','',1,1,0,0,0,0,0,0,0,'$2y$10$VC6nX5mI8y30owyZ2zwgXey/kIRdg60Xf3mmKMcPUGP4w9XEXkT4e',NULL,'2017-08-05 12:55:02','2017-08-05 12:55:05'),(1021,'guest','6 6','6','6',0,'2017-08-05','https://s3.eu-central-1.amazonaws.com/dribbler.org-avatars/avatar1021c.jpeg','Amento1930@dayrep.com',0,'','active',0,'','',1,1,0,0,0,0,0,0,0,'$2y$10$kyAY/eKc/FZ/P0q2Nj7ygeLEjq2B8fnQoMULnmgMo.w/g6a3/jvdW',NULL,'2017-08-05 12:56:55','2017-08-05 12:56:58'),(1022,'guest','7 7','7','7',0,'2017-08-05','https://s3.eu-central-1.amazonaws.com/dribbler.org-avatars/avatar1022v.jpeg','Amento1930@einrot.com',0,'','active',0,'','',1,1,0,0,0,0,0,0,0,'$2y$10$XpFakfIg7Hlk3kh6894qHevh11GUaj2JhVDfH2PjGla.xibi8DSlO',NULL,'2017-08-05 12:58:55','2017-08-05 12:58:58'),(1023,'guest','8 8','8','8',0,'2017-08-05','https://s3.eu-central-1.amazonaws.com/dribbler.org-avatars/avatar1023R.jpeg','Amento1930@fleckens.hu',0,'','active',0,'','',1,1,0,0,0,0,0,0,0,'$2y$10$bFK5.tnFMO23IOwcBU3KoOgUQv5OrwEpYzJyvbWErGbByreA7/TGS',NULL,'2017-08-05 13:00:56','2017-08-05 13:00:59'),(1025,'guest','Bartosz Przytula','Bartosz','Przytula',0,'2017-08-17','https://s3.eu-central-1.amazonaws.com/dribbler.org-avatars/avatar10255.jpeg','bartosz.przytula@googlemail.com',1,'','active',0,'10211206165144058','',1,1,1,1,1,0,0,0,0,'$2y$10$C6NAw.f2MR8CJ6pw3QkonOEh3wv/aypRoO7XlLrPI46/1QUieiKUG',NULL,'2017-08-13 13:36:04','2017-08-13 14:18:26'),(1024,'guest','Trng Trung','Trng','Trung',0,'1989-08-10','https://s3.eu-central-1.amazonaws.com/dribbler.org-avatars/avatar10248.jpeg','trungstormsix@gmail.com',1,'','active',0,'1583774438341411','',1,1,0,0,0,0,0,0,0,'$2y$10$FJBjKwNFVJrGBBYqSH8fl.dkRu52TZJH3lgWPBG8pJZR/cNciF6IG',NULL,'2017-08-10 09:14:05','2017-08-10 09:14:05');
/*!40000 ALTER TABLE `users` ENABLE KEYS */;
UNLOCK TABLES;

--
-- Table structure for table `video_likes`
--

DROP TABLE IF EXISTS `video_likes`;
/*!40101 SET @saved_cs_client     = @@character_set_client */;
/*!40101 SET character_set_client = utf8 */;
CREATE TABLE `video_likes` (
  `like_id` bigint(20) unsigned NOT NULL AUTO_INCREMENT,
  `user_id` bigint(20) unsigned NOT NULL,
  `video_id` bigint(20) unsigned NOT NULL,
  `like_type` tinyint(1) NOT NULL DEFAULT '0',
  `view_count` smallint(5) unsigned NOT NULL DEFAULT '0',
  PRIMARY KEY (`like_id`),
  KEY `userVideoIndex` (`user_id`,`video_id`)
) ENGINE=MyISAM AUTO_INCREMENT=259 DEFAULT CHARSET=latin1;
/*!40101 SET character_set_client = @saved_cs_client */;

--
-- Dumping data for table `video_likes`
--

LOCK TABLES `video_likes` WRITE;
/*!40000 ALTER TABLE `video_likes` DISABLE KEYS */;
INSERT INTO `video_likes` VALUES (1,6,6,1,0),(2,11,7,1,0),(4,6,6,0,1),(8,6,11,1,32),(9,6,8,1,8),(10,6,7,1,0),(11,6,9,1,0),(12,1003,19,0,2),(13,1003,18,1,2),(14,1003,11,1,1),(15,1005,9,0,1),(16,1005,18,1,8),(17,1005,20,0,1),(18,1005,6,0,1),(19,1005,8,0,1),(20,1005,22,1,4),(21,1005,23,1,1),(22,1006,20,1,16),(23,1007,20,0,1),(24,1007,19,0,1),(25,1009,23,0,1),(26,1009,9,0,1),(27,1009,7,0,1),(28,1002,7,0,1),(29,1002,18,1,4),(30,1002,24,0,2),(31,1002,25,1,16),(32,1002,27,1,16),(33,1002,28,1,4),(34,1002,23,0,1),(35,1003,28,1,4),(36,1003,27,1,1),(37,1003,26,0,1),(38,1006,24,1,2),(39,6,18,0,1),(40,6,25,0,1),(41,1006,8,0,1),(42,1006,23,0,1),(43,1006,29,0,8),(44,1006,30,1,16384),(45,1003,29,1,2),(46,1006,32,1,2),(47,1006,31,1,4),(48,1006,33,1,32),(49,1006,34,1,4),(50,1003,33,1,65535),(51,1003,34,1,0),(52,1003,30,1,4096),(53,1003,31,1,16),(54,1003,32,1,0),(55,1002,30,1,1),(56,1006,35,1,1),(57,1002,29,1,1),(58,1002,35,1,0),(59,1006,22,0,0),(60,1006,7,0,0),(61,1002,31,1,0),(62,1011,36,1,128),(63,1011,37,0,2),(64,1011,33,1,0),(65,1011,34,1,0),(66,1012,37,1,0),(67,1012,36,1,0),(68,1012,34,1,0),(69,1012,38,1,0),(70,1012,39,1,0),(71,1012,23,0,4),(72,1012,43,0,2),(73,1012,44,0,4),(74,1012,18,0,2),(75,1011,45,0,2),(76,1009,45,1,0),(77,1009,46,1,1),(78,1004,51,1,1),(79,1014,23,0,1),(80,1004,52,1,8),(81,1004,20,1,1),(82,1004,18,1,0),(83,1004,7,0,1),(84,1004,7,1,0),(85,1004,11,1,1),(86,1004,28,1,2),(87,1004,36,1,0),(88,1004,6,1,0),(89,1004,8,1,1),(90,1004,9,1,1),(91,1004,22,1,0),(92,1004,23,1,0),(93,1004,24,1,0),(94,1004,25,1,0),(95,1004,43,1,1),(96,1004,44,1,0),(97,1015,18,1,0),(98,1015,7,1,1),(99,1015,36,1,0),(100,1015,28,1,1),(101,1015,11,1,1),(102,1015,6,1,0),(103,1015,25,1,1),(104,1015,24,1,0),(105,1015,23,1,0),(106,1015,22,1,0),(107,1015,52,1,1),(108,1015,44,1,1),(109,1015,43,1,1),(110,1015,8,1,1),(111,1015,9,1,1),(112,1015,20,1,1),(113,1016,18,1,0),(114,1016,7,1,1),(115,1016,36,1,1),(116,1016,28,1,0),(117,1016,11,1,1),(118,1016,6,1,0),(119,1016,25,1,0),(120,1016,24,1,0),(121,1016,23,1,0),(122,1016,22,1,0),(123,1016,20,1,0),(124,1016,9,1,1),(125,1016,8,1,1),(126,1016,43,1,1),(127,1016,44,1,1),(128,1016,52,1,0),(129,1017,18,1,0),(130,1017,7,1,1),(131,1017,36,1,0),(132,1017,28,1,0),(133,1017,11,1,1),(134,1017,6,1,0),(135,1017,25,1,0),(136,1017,24,1,0),(137,1017,23,1,0),(138,1017,22,1,0),(139,1017,20,1,0),(140,1017,9,1,0),(141,1017,8,1,1),(142,1017,43,1,1),(143,1017,44,1,1),(144,1017,52,1,1),(145,1018,18,1,0),(146,1018,7,1,1),(147,1018,36,1,1),(148,1018,28,1,0),(149,1018,11,1,2),(150,1018,6,1,0),(151,1018,25,1,1),(152,1018,24,1,0),(153,1018,23,1,0),(154,1018,22,1,0),(155,1018,20,1,0),(156,1018,9,1,1),(157,1018,8,1,1),(158,1018,43,1,1),(159,1018,44,1,1),(160,1018,52,1,0),(161,1019,18,1,1),(162,1019,7,1,1),(163,1019,36,1,0),(164,1019,28,1,0),(165,1019,11,1,0),(166,1019,6,1,0),(167,1019,25,1,0),(168,1019,24,1,0),(169,1019,23,1,0),(170,1019,22,1,0),(171,1019,20,1,0),(172,1019,9,1,1),(173,1019,8,1,1),(174,1019,43,1,1),(175,1019,44,1,1),(176,1019,52,1,0),(177,1020,18,1,0),(178,1020,7,1,1),(179,1020,36,1,0),(180,1020,28,1,0),(181,1020,11,1,1),(182,1020,6,1,0),(183,1020,25,1,0),(184,1020,24,1,0),(185,1020,23,1,0),(186,1020,22,1,1),(187,1020,20,1,0),(188,1020,9,1,1),(189,1020,8,1,1),(190,1020,43,1,1),(191,1020,44,1,1),(192,1020,52,1,1),(193,1021,18,1,0),(194,1021,7,1,1),(195,1021,36,1,0),(196,1021,28,1,0),(197,1021,11,1,1),(198,1021,6,1,0),(199,1021,25,1,0),(200,1021,24,1,0),(201,1021,23,1,0),(202,1021,22,1,0),(203,1021,20,1,0),(204,1021,9,1,1),(205,1021,8,1,1),(206,1021,43,1,1),(207,1021,44,1,1),(208,1021,52,1,0),(209,1022,18,1,0),(210,1022,7,1,1),(211,1022,36,1,0),(212,1022,28,1,0),(213,1022,28,0,1),(214,1022,11,1,1),(215,1022,6,1,0),(216,1022,25,1,0),(217,1022,24,1,0),(218,1022,23,1,0),(219,1022,22,1,0),(220,1022,20,1,0),(221,1022,9,1,1),(222,1022,8,1,1),(223,1022,43,1,1),(224,1022,44,1,1),(225,1022,52,1,1),(226,1023,18,1,0),(227,1023,7,1,1),(228,1023,36,1,0),(229,1023,28,1,0),(230,1023,11,1,1),(231,1023,6,1,0),(232,1023,25,1,0),(233,1023,24,1,0),(234,1023,23,1,0),(235,1023,22,1,0),(236,1023,20,1,1),(237,1023,9,1,1),(238,1023,8,1,1),(239,1023,43,1,1),(240,1023,44,1,1),(241,1023,52,1,1),(242,1014,52,0,1),(243,1007,49,0,1),(244,1007,53,1,8),(245,1007,18,0,1),(246,1007,52,1,0),(247,1007,50,1,0),(248,1011,28,0,1),(249,1004,45,0,1),(250,1004,37,0,1),(251,1004,54,1,0),(252,1025,55,1,32),(253,1025,11,1,1),(254,1025,41,0,2),(255,1025,54,1,0),(256,1025,53,1,0),(257,1004,55,1,1),(258,1012,42,0,1);
/*!40000 ALTER TABLE `video_likes` ENABLE KEYS */;
UNLOCK TABLES;

--
-- Table structure for table `videos`
--

DROP TABLE IF EXISTS `videos`;
/*!40101 SET @saved_cs_client     = @@character_set_client */;
/*!40101 SET character_set_client = utf8 */;
CREATE TABLE `videos` (
  `video_id` bigint(20) unsigned NOT NULL AUTO_INCREMENT,
  `user_id` bigint(20) unsigned NOT NULL,
  `trick_id` bigint(20) unsigned NOT NULL,
  `thumbnail` varchar(255) NOT NULL,
  `ld_url` varchar(255) NOT NULL,
  `hd_url` varchar(255) NOT NULL,
  `likes` int(10) unsigned NOT NULL DEFAULT '0',
  `views` int(10) unsigned NOT NULL DEFAULT '0',
  `comments` int(10) unsigned NOT NULL DEFAULT '0',
  `commentators` int(10) unsigned NOT NULL DEFAULT '0',
  `created_at` timestamp NOT NULL DEFAULT CURRENT_TIMESTAMP,
  `updated_at` timestamp NOT NULL DEFAULT CURRENT_TIMESTAMP ON UPDATE CURRENT_TIMESTAMP,
  PRIMARY KEY (`video_id`)
) ENGINE=MyISAM AUTO_INCREMENT=56 DEFAULT CHARSET=latin1;
/*!40101 SET character_set_client = @saved_cs_client */;

--
-- Dumping data for table `videos`
--

LOCK TABLES `videos` WRITE;
/*!40000 ALTER TABLE `videos` DISABLE KEYS */;
INSERT INTO `videos` VALUES (7,6,1,'https://s3.eu-central-1.amazonaws.com/dribbler.org-videos/7/thumbnail.jpeg','https://s3.eu-central-1.amazonaws.com/dribbler.org-videos/7/video.mp4','https://s3.eu-central-1.amazonaws.com/dribbler.org-videos/7/video.mp4',12,12,18,0,'2017-05-05 03:05:42','2017-08-05 13:01:14'),(6,6,1,'https://s3.eu-central-1.amazonaws.com/dribbler.org-videos/6/thumbnail.jpeg','https://s3.eu-central-1.amazonaws.com/dribbler.org-videos/6/video.mp4','https://s3.eu-central-1.amazonaws.com/dribbler.org-videos/6/video.mp4',11,2,24,0,'2017-05-04 02:49:10','2017-08-05 13:01:23'),(8,6,1,'https://s3.eu-central-1.amazonaws.com/dribbler.org-videos/8/thumbnail.jpeg','https://s3.eu-central-1.amazonaws.com/dribbler.org-videos/8/video.mp4','https://s3.eu-central-1.amazonaws.com/dribbler.org-videos/8/video.mp4',11,13,35,0,'2017-05-13 04:27:52','2017-08-05 13:01:38'),(9,6,1,'https://s3.eu-central-1.amazonaws.com/dribbler.org-videos/9/thumbnail.jpeg','https://s3.eu-central-1.amazonaws.com/dribbler.org-videos/9/video.mp4','https://s3.eu-central-1.amazonaws.com/dribbler.org-videos/9/video.mp4',11,11,17,0,'2017-05-13 05:12:11','2017-08-05 13:01:36'),(11,15,1,'https://s3.eu-central-1.amazonaws.com/dribbler.org-videos/9/thumbnail.jpeg','https://s3.eu-central-1.amazonaws.com/dribbler.org-videos/9/video.mp4','https://s3.eu-central-1.amazonaws.com/dribbler.org-videos/9/video.mp4',13,12,1,0,'2017-05-19 21:48:42','2017-08-13 13:57:35'),(17,6,1,'','','',0,0,0,0,'2017-05-31 08:26:49','2017-05-31 08:26:49'),(18,1003,1,'https://s3.eu-central-1.amazonaws.com/dribbler.org-videos/18/thumbnail.jpeg','https://s3.eu-central-1.amazonaws.com/dribbler.org-videos/18/video.bin','https://s3.eu-central-1.amazonaws.com/dribbler.org-videos/18/video.bin',13,7,1,0,'2017-06-03 10:21:46','2017-08-05 13:58:12'),(19,1003,2,'https://s3.eu-central-1.amazonaws.com/dribbler.org-videos/19/thumbnail.jpeg','https://s3.eu-central-1.amazonaws.com/dribbler.org-videos/19/video.bin','https://s3.eu-central-1.amazonaws.com/dribbler.org-videos/19/video.bin',0,2,0,0,'2017-06-03 10:22:42','2017-06-04 09:56:22'),(20,1003,1,'https://s3.eu-central-1.amazonaws.com/dribbler.org-videos/20/thumbnail.jpeg','https://s3.eu-central-1.amazonaws.com/dribbler.org-videos/20/video.bin','https://s3.eu-central-1.amazonaws.com/dribbler.org-videos/20/video.bin',11,6,1,0,'2017-06-03 10:45:14','2017-08-05 13:01:33'),(21,1005,2,'https://s3.eu-central-1.amazonaws.com/dribbler.org-videos/21/thumbnail.jpeg','https://s3.eu-central-1.amazonaws.com/dribbler.org-videos/21/video.mp4','https://s3.eu-central-1.amazonaws.com/dribbler.org-videos/21/video.mp4',0,0,0,0,'2017-06-03 11:57:50','2017-06-03 11:57:50'),(22,1005,1,'https://s3.eu-central-1.amazonaws.com/dribbler.org-videos/22/thumbnail.jpeg','https://s3.eu-central-1.amazonaws.com/dribbler.org-videos/22/video.mp4','https://s3.eu-central-1.amazonaws.com/dribbler.org-videos/22/video.mp4',11,2,1,0,'2017-06-03 11:58:33','2017-08-05 13:01:32'),(23,1005,1,'https://s3.eu-central-1.amazonaws.com/dribbler.org-videos/23/thumbnail.jpeg','https://s3.eu-central-1.amazonaws.com/dribbler.org-videos/23/video.mp4','https://s3.eu-central-1.amazonaws.com/dribbler.org-videos/23/video.mp4',11,6,0,0,'2017-06-03 12:01:57','2017-08-05 13:01:30'),(24,1006,1,'https://s3.eu-central-1.amazonaws.com/dribbler.org-videos/24/thumbnail.jpeg','https://s3.eu-central-1.amazonaws.com/dribbler.org-videos/24/video.mp4','https://s3.eu-central-1.amazonaws.com/dribbler.org-videos/24/video.mp4',11,2,0,0,'2017-06-03 16:02:30','2017-08-05 13:01:28'),(25,1002,1,'https://s3.eu-central-1.amazonaws.com/dribbler.org-videos/25/thumbnail.jpeg','https://s3.eu-central-1.amazonaws.com/dribbler.org-videos/25/video.bin','https://s3.eu-central-1.amazonaws.com/dribbler.org-videos/25/video.bin',11,4,1,0,'2017-06-04 12:01:15','2017-08-05 13:01:26'),(26,1002,9,'https://s3.eu-central-1.amazonaws.com/dribbler.org-videos/26/thumbnail.jpeg','https://s3.eu-central-1.amazonaws.com/dribbler.org-videos/26/video.bin','https://s3.eu-central-1.amazonaws.com/dribbler.org-videos/26/video.bin',0,1,0,0,'2017-06-04 13:02:58','2017-06-04 14:23:55'),(27,1002,9,'https://s3.eu-central-1.amazonaws.com/dribbler.org-videos/27/thumbnail.jpeg','https://s3.eu-central-1.amazonaws.com/dribbler.org-videos/27/video.bin','https://s3.eu-central-1.amazonaws.com/dribbler.org-videos/27/video.bin',2,2,1,0,'2017-06-04 13:05:46','2017-06-04 14:23:19'),(28,1002,1,'https://s3.eu-central-1.amazonaws.com/dribbler.org-videos/28/thumbnail.jpeg','https://s3.eu-central-1.amazonaws.com/dribbler.org-videos/28/video.bin','https://s3.eu-central-1.amazonaws.com/dribbler.org-videos/28/video.bin',12,6,2,0,'2017-06-04 13:08:15','2017-08-09 18:23:05'),(29,1006,8,'https://s3.eu-central-1.amazonaws.com/dribbler.org-videos/29/thumbnail.jpeg','https://s3.eu-central-1.amazonaws.com/dribbler.org-videos/29/video.mp4','https://s3.eu-central-1.amazonaws.com/dribbler.org-videos/29/video.mp4',2,3,1,0,'2017-06-06 18:45:53','2017-06-06 19:09:52'),(30,1003,8,'https://s3.eu-central-1.amazonaws.com/dribbler.org-videos/30/thumbnail.jpeg','https://s3.eu-central-1.amazonaws.com/dribbler.org-videos/30/video.bin','https://s3.eu-central-1.amazonaws.com/dribbler.org-videos/30/video.bin',3,3,3,0,'2017-06-06 18:46:46','2017-06-06 19:09:17'),(31,1003,8,'https://s3.eu-central-1.amazonaws.com/dribbler.org-videos/31/thumbnail.jpeg','https://s3.eu-central-1.amazonaws.com/dribbler.org-videos/31/video.bin','https://s3.eu-central-1.amazonaws.com/dribbler.org-videos/31/video.bin',3,2,0,0,'2017-06-06 18:48:22','2017-07-04 05:47:18'),(32,1003,8,'https://s3.eu-central-1.amazonaws.com/dribbler.org-videos/32/thumbnail.jpeg','https://s3.eu-central-1.amazonaws.com/dribbler.org-videos/32/video.bin','https://s3.eu-central-1.amazonaws.com/dribbler.org-videos/32/video.bin',2,1,1,0,'2017-06-06 18:49:28','2017-06-06 18:54:36'),(33,1006,8,'https://s3.eu-central-1.amazonaws.com/dribbler.org-videos/33/thumbnail.jpeg','https://s3.eu-central-1.amazonaws.com/dribbler.org-videos/33/video.mp4','https://s3.eu-central-1.amazonaws.com/dribbler.org-videos/33/video.mp4',3,2,1,0,'2017-06-06 18:49:35','2017-07-06 17:03:45'),(34,1006,8,'https://s3.eu-central-1.amazonaws.com/dribbler.org-videos/34/thumbnail.jpeg','https://s3.eu-central-1.amazonaws.com/dribbler.org-videos/34/video.mp4','https://s3.eu-central-1.amazonaws.com/dribbler.org-videos/34/video.mp4',4,1,1,0,'2017-06-06 18:49:50','2017-07-31 15:53:19'),(35,1002,8,'https://s3.eu-central-1.amazonaws.com/dribbler.org-videos/35/thumbnail.jpeg','https://s3.eu-central-1.amazonaws.com/dribbler.org-videos/35/video.bin','https://s3.eu-central-1.amazonaws.com/dribbler.org-videos/35/video.bin',2,1,1,0,'2017-06-06 19:09:34','2017-06-08 17:42:03'),(36,1011,1,'https://s3.eu-central-1.amazonaws.com/dribbler.org-videos/36/thumbnail.jpeg','https://s3.eu-central-1.amazonaws.com/dribbler.org-videos/36/video.bin','https://s3.eu-central-1.amazonaws.com/dribbler.org-videos/36/video.bin',12,3,1,0,'2017-07-06 16:58:40','2017-08-05 13:01:16'),(37,1011,2,'https://s3.eu-central-1.amazonaws.com/dribbler.org-videos/37/thumbnail.jpeg','https://s3.eu-central-1.amazonaws.com/dribbler.org-videos/37/video.bin','https://s3.eu-central-1.amazonaws.com/dribbler.org-videos/37/video.bin',1,2,2,0,'2017-07-06 17:02:48','2017-08-09 18:27:36'),(38,1012,2,'https://s3.eu-central-1.amazonaws.com/dribbler.org-videos/38/thumbnail.jpeg','https://s3.eu-central-1.amazonaws.com/dribbler.org-videos/38/video.mp4','https://s3.eu-central-1.amazonaws.com/dribbler.org-videos/38/video.mp4',1,0,0,0,'2017-07-31 16:16:48','2017-07-31 16:33:26'),(39,1012,3,'https://s3.eu-central-1.amazonaws.com/dribbler.org-videos/39/thumbnail.jpeg','https://s3.eu-central-1.amazonaws.com/dribbler.org-videos/39/video.mp4','https://s3.eu-central-1.amazonaws.com/dribbler.org-videos/39/video.mp4',1,0,0,0,'2017-07-31 17:04:23','2017-08-01 08:19:05'),(40,1012,3,'https://s3.eu-central-1.amazonaws.com/dribbler.org-videos/40/thumbnail.jpeg','https://s3.eu-central-1.amazonaws.com/dribbler.org-videos/40/video.mp4','https://s3.eu-central-1.amazonaws.com/dribbler.org-videos/40/video.mp4',0,0,0,0,'2017-08-01 08:34:20','2017-08-01 08:34:21'),(41,1012,2,'https://s3.eu-central-1.amazonaws.com/dribbler.org-videos/41/thumbnail.jpeg','https://s3.eu-central-1.amazonaws.com/dribbler.org-videos/41/video.mp4','https://s3.eu-central-1.amazonaws.com/dribbler.org-videos/41/video.mp4',0,1,1,0,'2017-08-01 08:50:04','2017-08-13 13:58:04'),(42,1012,2,'https://s3.eu-central-1.amazonaws.com/dribbler.org-videos/42/thumbnail.jpeg','https://s3.eu-central-1.amazonaws.com/dribbler.org-videos/42/video.mp4','https://s3.eu-central-1.amazonaws.com/dribbler.org-videos/42/video.mp4',0,1,0,0,'2017-08-01 08:51:41','2017-08-14 15:17:07'),(43,1012,1,'https://s3.eu-central-1.amazonaws.com/dribbler.org-videos/43/thumbnail.jpeg','https://s3.eu-central-1.amazonaws.com/dribbler.org-videos/43/video.mp4','https://s3.eu-central-1.amazonaws.com/dribbler.org-videos/43/video.mp4',10,11,0,0,'2017-08-01 08:58:43','2017-08-05 13:01:41'),(44,1012,1,'https://s3.eu-central-1.amazonaws.com/dribbler.org-videos/44/thumbnail.jpeg','https://s3.eu-central-1.amazonaws.com/dribbler.org-videos/44/video.mp4','https://s3.eu-central-1.amazonaws.com/dribbler.org-videos/44/video.mp4',10,10,2,0,'2017-08-01 09:00:00','2017-08-05 13:01:43'),(45,1011,8,'https://s3.eu-central-1.amazonaws.com/dribbler.org-videos/45/thumbnail.jpeg','https://s3.eu-central-1.amazonaws.com/dribbler.org-videos/45/video.bin','https://s3.eu-central-1.amazonaws.com/dribbler.org-videos/45/video.bin',1,2,0,0,'2017-08-01 18:25:44','2017-08-09 18:27:34'),(46,1009,8,'https://s3.eu-central-1.amazonaws.com/dribbler.org-videos/46/thumbnail.jpeg','https://s3.eu-central-1.amazonaws.com/dribbler.org-videos/46/video.bin','https://s3.eu-central-1.amazonaws.com/dribbler.org-videos/46/video.bin',1,1,0,0,'2017-08-05 11:18:23','2017-08-05 11:19:09'),(47,1009,8,'https://s3.eu-central-1.amazonaws.com/dribbler.org-videos/47/thumbnail.jpeg','https://s3.eu-central-1.amazonaws.com/dribbler.org-videos/47/video.bin','https://s3.eu-central-1.amazonaws.com/dribbler.org-videos/47/video.bin',0,0,1,0,'2017-08-05 11:18:54','2017-08-05 11:30:51'),(48,1004,5,'https://s3.eu-central-1.amazonaws.com/dribbler.org-videos/48/thumbnail.jpeg','https://s3.eu-central-1.amazonaws.com/dribbler.org-videos/48/video.bin','https://s3.eu-central-1.amazonaws.com/dribbler.org-videos/48/video.bin',0,0,0,0,'2017-08-05 11:24:49','2017-08-05 11:24:49'),(49,1004,5,'https://s3.eu-central-1.amazonaws.com/dribbler.org-videos/49/thumbnail.jpeg','https://s3.eu-central-1.amazonaws.com/dribbler.org-videos/49/video.bin','https://s3.eu-central-1.amazonaws.com/dribbler.org-videos/49/video.bin',0,1,0,0,'2017-08-05 11:25:12','2017-08-05 13:43:47'),(50,1004,5,'https://s3.eu-central-1.amazonaws.com/dribbler.org-videos/50/thumbnail.jpeg','https://s3.eu-central-1.amazonaws.com/dribbler.org-videos/50/video.bin','https://s3.eu-central-1.amazonaws.com/dribbler.org-videos/50/video.bin',1,0,0,0,'2017-08-05 11:25:42','2017-08-05 14:00:49'),(51,1004,3,'https://s3.eu-central-1.amazonaws.com/dribbler.org-videos/51/thumbnail.jpeg','https://s3.eu-central-1.amazonaws.com/dribbler.org-videos/51/video.bin','https://s3.eu-central-1.amazonaws.com/dribbler.org-videos/51/video.bin',1,1,0,0,'2017-08-05 11:47:25','2017-08-05 12:32:26'),(52,1004,1,'https://s3.eu-central-1.amazonaws.com/dribbler.org-videos/52/thumbnail.jpeg','https://s3.eu-central-1.amazonaws.com/dribbler.org-videos/52/video.bin','https://s3.eu-central-1.amazonaws.com/dribbler.org-videos/52/video.bin',11,7,1,0,'2017-08-05 12:34:49','2017-08-05 14:00:47'),(53,1007,1,'https://s3.eu-central-1.amazonaws.com/dribbler.org-videos/53/thumbnail.jpeg','https://s3.eu-central-1.amazonaws.com/dribbler.org-videos/53/video.bin','https://s3.eu-central-1.amazonaws.com/dribbler.org-videos/53/video.bin',2,1,2,0,'2017-08-05 13:57:08','2017-08-13 14:01:24'),(54,1012,1,'https://s3.eu-central-1.amazonaws.com/dribbler.org-videos/54/thumbnail.jpeg','https://s3.eu-central-1.amazonaws.com/dribbler.org-videos/54/video.mp4','https://s3.eu-central-1.amazonaws.com/dribbler.org-videos/54/video.mp4',2,0,1,0,'2017-08-06 07:10:55','2017-08-13 14:01:18'),(55,1025,1,'https://s3.eu-central-1.amazonaws.com/dribbler.org-videos/55/thumbnail.jpeg','https://s3.eu-central-1.amazonaws.com/dribbler.org-videos/55/video.bin','https://s3.eu-central-1.amazonaws.com/dribbler.org-videos/55/video.bin',2,2,1,0,'2017-08-13 13:46:02','2017-08-13 14:08:17');
/*!40000 ALTER TABLE `videos` ENABLE KEYS */;
UNLOCK TABLES;

--
-- Dumping routines for database 'dribbler'
--
/*!40103 SET TIME_ZONE=@OLD_TIME_ZONE */;

/*!40101 SET SQL_MODE=@OLD_SQL_MODE */;
/*!40014 SET FOREIGN_KEY_CHECKS=@OLD_FOREIGN_KEY_CHECKS */;
/*!40014 SET UNIQUE_CHECKS=@OLD_UNIQUE_CHECKS */;
/*!40101 SET CHARACTER_SET_CLIENT=@OLD_CHARACTER_SET_CLIENT */;
/*!40101 SET CHARACTER_SET_RESULTS=@OLD_CHARACTER_SET_RESULTS */;
/*!40101 SET COLLATION_CONNECTION=@OLD_COLLATION_CONNECTION */;
/*!40111 SET SQL_NOTES=@OLD_SQL_NOTES */;

-- Dump completed on 2017-08-16 22:41:15
CREATE TABLE `unlock_rule` (
  `id` int(10) unsigned NOT NULL AUTO_INCREMENT,
  `category_id` bigint(20) NOT NULL DEFAULT '1',
  `facebook_connect` tinyint(1) NOT NULL DEFAULT '1',
  `google_connect` tinyint(1) NOT NULL DEFAULT '1',
  `upload_video_count_per_trick_amature` int(10) NOT NULL DEFAULT '1',
  `view_count_per_video_amature` int(10) NOT NULL DEFAULT '50',
  `upload_video_count_per_trick_advanced` int(10) NOT NULL DEFAULT '1',
  `view_count_per_video_advanced` int(10) NOT NULL DEFAULT '50',
  `try_count_amature` int(10) NOT NULL DEFAULT '10',
  `dribble_average_amature` int(10) NOT NULL DEFAULT '7',
  `try_count_advanced` int(10) NOT NULL DEFAULT '10',
  `dribble_average_advanced` int(10) NOT NULL DEFAULT '7',
  `dribble_score` int(10) NOT NULL DEFAULT '20',
  `gold_medal_count` int(10) NOT NULL DEFAULT '1',
  `follower_count` int(10) NOT NULL DEFAULT '11',
  `following_count` int(10) NOT NULL DEFAULT '11',
  `created_at` timestamp NULL DEFAULT CURRENT_TIMESTAMP,
  `updated_at` timestamp NULL DEFAULT CURRENT_TIMESTAMP,
  PRIMARY KEY (`id`)
) ENGINE=MyISAM AUTO_INCREMENT=1 DEFAULT CHARSET=utf8mb4 COLLATE=utf8mb4_unicode_ci;


CREATE TABLE `user_category` (
  `id` bigint(20) unsigned NOT NULL AUTO_INCREMENT,
  `user_id` bigint(20) NOT NULL DEFAULT '1',
  `category_id` int(20) NOT NULL DEFAULT '1',
  `unlock_type` tinyint(1) NOT NULL DEFAULT '0',
  `created_at` timestamp NULL DEFAULT CURRENT_TIMESTAMP,
  `updated_at` timestamp NULL DEFAULT CURRENT_TIMESTAMP,
  PRIMARY KEY (`id`)
) ENGINE=MyISAM AUTO_INCREMENT=1 DEFAULT CHARSET=utf8mb4 COLLATE=utf8mb4_unicode_ci;

-- unlock_type: 0-by purchase, 1- by rule